root,safeKey,rootLatin,degree,degreeRank,weightedDegree,weightedDegreeRank,betweenness,betweennessRank,eigenvector,eigenvectorRank
Alh,uAlh,a-l-h,479,1,6493.63,1,81754.53701,1,0.30812709,3
qwl,qwl,q-w-l,310,2,1836.29,5,26198.75793,2,0.04366553,31
kwn,kwn,k-w-n,281,3,1548.86,9,16324.89159,3,0.03798376,44
Amn,uAmn,a-m-n,213,4,2025.66,4,8971.88189,4,0.10609865,12
rbb,rbb,r-b-b,177,5,1085.39,23,8884.78834,5,0.02720833,68
Elm,uElm,ʿ-l-m,173,6,1568.19,8,5051.85509,6,0.13009475,7
qwm,qwm,q-w-m,159,7,1480.1,11,4769.65949,7,0.03164177,58
Aty,uAty,a-t-y,131,8,1320.33,17,2537.00501,11,0.03513375,46
$yA,shyuA,sh-y-a,114,9,1749.57,6,1846.31128,14,0.19912606,4
kfr,kfr,k-f-r,109,10,1119.49,21,2817.21127,9,0.04577256,27
byn,byn,b-y-n,108,11,1325.11,16,2702.39403,10,0.05080001,25
ArD,uAruD,a-r-ḍ,101,12,2265.45,2,3236.80525,8,0.53627127,2
kll,kll,k-l-l,86,13,1269.8,18,1130.20596,20,0.13983963,6
ywm,ywm,y-w-m,82,14,874.84,31,1075.51316,22,0.01308239,152
rsl,rsl,r-s-l,80,15,949.04,28,1095.5961,21,0.04098291,36
nfs,nfs,n-f-s,73,16,885.82,29,551.09183,50,0.03917654,42
smw,smw,s-m-w,69,18,2050.67,3,1341.20903,18,0.53727502,1
ktb,ktb,k-t-b,69,18,1168.08,19,1198.4392,19,0.04232033,33
Ayy,uAyy,a-y-y,69,18,860.58,32,1371.88446,16,0.01847987,116
nws,nws,n-w-s,66,20,747.87,40,564.91719,49,0.04481491,30
jEl,juEl,j-ʿ-l,63,21,596.21,57,1496.61359,15,0.02009657,109
qbl,qbl,q-b-l,61,22.5,816.3,36,377.50863,58,0.01547967,134
Eml,uEml,ʿ-m-l,61,22.5,1484.56,10,486.481,52,0.073096,16
bEd,buEd,b-ʿ-d,60,24,733.31,42,571.02523,48,0.0420966,34
E*b,uEdhb,ʿ-dh-b,59,25.5,1338,15,575.44394,47,0.02382391,83
Zlm,uZlm,ẓ-l-m,59,25.5,614.18,54,458.70626,53,0.0209871,99
rAy,ruAy,r-a-y,58,27,445.8,88,635.04241,35,0.02110655,97
Amr,uAmr,a-m-r,57,28,647.38,51,1041.32111,23,0.02219049,93
jyA,jyuA,j-y-a,54,29,745.79,41,276.54032,67,0.02038682,105
Axr,uAxr,a-kh-r,51,30,823.31,35,394.07108,57,0.03328,49
rHm,ruHm,r-ḥ-m,49,32,860.57,33,409.42171,56,0.03268864,53
nzl,nzl,n-z-l,49,32,880.92,30,351.30694,59,0.07011632,17
Hqq,uHqq,ḥ-q-q,49,32,647.52,50,289.7276,64,0.02398141,81
hdy,hdy,h-d-y,48,34.5,810.2,37,438.89488,54,0.03301087,52
Ax*,uAxdh,a-kh-dh,48,34.5,672.17,45,682.30022,31,0.02055925,102
xlq,xlq,kh-l-q,45,36,987.58,27,2185.59281,12,0.1490697,5
sbl,sbl,s-b-l,44,37,1010.61,26,235.72435,77,0.05061881,26
gfr,gfr,gh-f-r,43,38,1022.86,25,236.55808,76,0.04555411,29
gyr,gyr,gh-y-r,42,40,543.12,68,203.50901,84,0.03252086,54
wqy,wqy,w-q-y,42,40,462.48,83,223.98948,80,0.03111917,60
Hsn,uHsn,ḥ-s-n,42,40,604.35,55,812.78903,26,0.02500713,77
Ebd,uEbd,ʿ-b-d,41,43,428.59,93,172.94747,91,0.02990609,62
qtl,qtl,q-t-l,41,43,661.55,47,194.91294,85,0.03351838,48
End,uEnd,ʿ-n-d,41,43,513.11,73,314.64235,60,0.03303882,51
mlk,mlk,m-l-k,40,45.5,621.68,53,209.73349,83,0.08876915,14
xyr,xyr,kh-y-r,40,45.5,437.53,91,137.21417,102,0.02557258,74
xrj,xrj,kh-r-j,39,47,471.82,80,263.35954,70,0.02347857,86
Hyy,uHyy,ḥ-y-y,37,48,1118.23,22,219.96221,81,0.04555885,28
bny,bny,b-n-y,35,50.5,447.32,87,211.27302,82,0.01213097,160
nbA,nbuA,n-b-a,35,50.5,428.98,92,131.06496,104,0.02009188,110
dnw,dnw,d-n-w,35,50.5,1152.85,20,173.53733,90,0.03595356,45
wly,wly,w-l-y,35,50.5,588.75,59,118.9574,114,0.03855572,43
mvl,mvl,m-th-l,34,54,492.39,77,122.94725,110,0.02660209,72
jnn,jnn,j-n-n,34,54,1350.67,14,411.94576,55,0.09101318,13
*kr,dhkr,dh-k-r,34,54,382.31,104,173.54676,89,0.00765645,236
qlb,qlb,q-l-b,33,57.5,654.17,48,1962.2813,13,0.02910355,64
kvr,kvr,k-th-r,33,57.5,380.67,106,120.52786,113,0.02631028,73
Hkm,uHkm,ḥ-k-m,33,57.5,671.88,46,126.48822,106,0.06164783,20
swA,swuA,s-w-a,33,57.5,555.27,67,189.95288,86,0.0206318,100
Dll,uDll,ḍ-l-l,32,61.5,566.18,62,97.8343,135,0.02450033,79
SlH,uSluH,ṣ-l-ḥ,32,61.5,1056.19,24,228.98047,79,0.06722164,18
kbr,kbr,k-b-r,32,61.5,315.82,132,145.26385,99,0.00557371,277
dxl,dxl,d-kh-l,32,61.5,776.47,38,244.4301,75,0.05307193,24
nwr,nwr,n-w-r,31,64.5,595.58,58,277.17548,66,0.01886369,115
dEw,duEw,d-ʿ-w,31,64.5,486.65,79,165.07369,93,0.0202139,107
$hd,shhd,sh-h-d,29,68,427.28,94,117.88723,116,0.02375131,84
nhr,nhr,n-h-r,29,68,1604.96,7,147.47648,98,0.11339263,10
xlf,xlf,kh-l-f,29,68,566.87,61,1348.13122,17,0.03194657,55
fDl,fuDl,f-ḍ-l,29,68,502.59,75,107.20925,126,0.031765,56
ydy,ydy,y-d-y,29,68,531.83,70,688.41425,29,0.01888427,114
qdr,qdr,q-d-r,28,73,698.01,44,154.17658,96,0.11169788,11
rwd,rwd,r-w-d,28,73,277.78,147,109.61492,122,0.01664207,127
tbE,tbuE,t-b-ʿ,28,73,402.1,97,88.45592,150,0.01194119,163
$dd,shdd,sh-d-d,28,73,468.74,81,91.07166,145,0.01255469,157
$rk,shrk,sh-r-k,28,73,527.25,72,137.85954,101,0.0313682,59
rzq,rzq,r-z-q,27,79,509.75,74,96.7067,136,0.02921426,63
EZm,uEuZm,ʿ-ẓ-m,27,79,529.58,71,105.37894,127,0.0286971,65
k*b,kdhb,k-dh-b,27,79,493.61,76,233.09689,78,0.01343793,148
bED,buEuD,b-ʿ-ḍ,27,79,309.96,135,69.79129,186,0.01753658,119
Ajr,uAjr,a-j-r,27,79,652.61,49,80.24458,160,0.02817359,67
Amm,uAmm,a-m-m,27,79,382.56,103,78.36312,165,0.0109983,176
Hrm,uHrm,ḥ-r-m,27,79,602.17,56,71.40476,183,0.02705567,70
nEm,nuEm,n-ʿ-m,26,88.5,314.9,133,123.038,109,0.01311539,151
bSr,buSr,b-ṣ-r,26,88.5,396.3,99,284.89038,65,0.01185455,165
mwt,mwt,m-w-t,26,88.5,646.11,52,258.61306,72,0.03440658,47
dwn,dwn,d-w-n,26,88.5,764.56,39,93.5521,141,0.06609624,19
b$r,bshr,b-sh-r,26,88.5,348.58,119,126.02987,107,0.01126546,172
qrb,qrb,q-r-b,26,88.5,386.77,100,95.46354,138,0.01250006,158
Edw,uEdw,ʿ-d-w,26,88.5,327.79,127,80.87637,159,0.01148635,167
Awl,uAwl,a-w-l,26,88.5,404.29,96,180.56023,87,0.00391755,333
jzy,jzy,j-z-y,26,88.5,376.82,108,70.0498,184,0.01560183,132
wEd,wuEd,w-ʿ-d,26,88.5,278.4,146,152.22446,97,0.00812307,226
Ahl,uAhl,a-h-l,26,88.5,372.37,110,130.48889,105,0.00898904,200
mwl,mwl,m-w-l,26,88.5,459.22,85,65.41005,192,0.01749879,121
dyn,dyn,d-y-n,25,134,358.38,117,71.49926,182,0.0180924,118
Slw,uSlw,ṣ-l-w,25,134,540.95,69,65.94422,190,0.01638039,128
nfq,nfq,n-f-q,25,134,346.06,120,72.62469,179,0.02719744,69
swy,swy,s-w-y,25,134,234.97,174,124.88974,108,0.0135421,147
n*r,ndhr,n-dh-r,25,134,229.81,179,74.41858,177,0.0071582,242
smE,smuE,s-m-ʿ,25,134,370.93,112,965.40473,24,0.01188466,164
Alm,uAlm,a-l-m,25,134,557.17,65,48.52998,218,0.01737133,123
lqy,lqy,l-q-y,25,134,197.92,199,680.08318,33,0.00330358,366
$Tn,shuTn,sh-ṭ-n,25,134,223.53,183,163.62065,94,0.00429655,313
rjE,rjuE,r-j-ʿ,25,134,158.71,230,111.3611,121,0.00905657,197
Swb,uSwb,ṣ-w-b,25,134,217.59,184,78.74069,163,0.01828911,117
A*n,uAdhn,a-dh-n,25,134,288.71,142,685.46895,30,0.01742555,122
mwh,mwh,m-w-h,25,134,556.02,66,112.81757,120,0.08790808,15
Sdq,uSdq,ṣ-d-q,25,134,365.22,114,79.5,161,0.01729294,124
fEl,fuEl,f-ʿ-l,25,134,209.58,190,56.14207,203,0.01147444,169
jry,jry,j-r-y,25,134,1441.34,12,96.14808,137,0.11997687,8
tHt,tuHt,t-ḥ-t,25,134,1440.87,13,89.38493,147,0.11946274,9
zwj,zwj,z-w-j,25,134,317.92,130,93.03226,143,0.0147896,136
xld,xld,kh-l-d,25,134,837.92,34,74.63211,174,0.05660223,22
Drb,uDrb,ḍ-r-b,25,134,331.41,126,55.37634,206,0.02013765,108
kyf,kyf,k-y-f,25,134,566.03,63,65.49389,191,0.02330716,89
jmE,jmuE,j-m-ʿ,25,134,198.61,198,85.91909,152,0.01516687,135
sbH,sbuH,s-b-ḥ,25,134,378.56,107,298.55683,63,0.03968063,40
ErD,uEruD,ʿ-r-ḍ,25,134,99.75,302,77.22166,170,0.00623992,262
sjd,sjd,s-j-d,25,134,285.37,143,248.66097,74,0.00853864,216
skn,skn,s-k-n,25,134,360.42,116,109.40674,123,0.00997981,189
Akl,uAkl,a-k-l,25,134,383.08,102,94.15078,139,0.00621542,263
mtE,mtuE,m-t-ʿ,25,134,332.16,125,99.61455,132,0.00834298,220
klm,klm,k-l-m,25,134,232.1,177,99.53608,134,0.00734617,239
twb,twb,t-w-b,25,134,410.06,95,48.10304,219,0.02363404,85
xwf,xwf,kh-w-f,25,134,246.26,167,74.68818,173,0.00664892,253
SHb,uSuHb,ṣ-ḥ-b,25,134,262.65,156,700.37022,28,0.00939979,194
wfy,wfy,w-f-y,25,134,291.82,141,117.98461,115,0.01060317,180
qll,qll,q-l-l,25,134,241.55,169,115.07764,119,0.0039272,332
zkw,zkw,z-k-w,25,134,438.2,90,60.28354,199,0.01415519,141
Sbr,uSbr,ṣ-b-r,25,134,128.8,266,77.4151,168,0.00451643,307
nSr,nuSr,n-ṣ-r,25,134,370.61,113,69.30781,187,0.02292888,91
njw,njw,n-j-w,25,134,195.28,202,91.46822,144,0.00348449,360
nsw,nsw,n-s-w,25,134,468.72,82,50.33025,212,0.02118503,95
frq,frq,f-r-q,25,134,188.53,206,34.40275,234,0.01124836,174
nZr,nuZr,n-ẓ-r,25,134,490.14,78,74.51284,175,0.01958668,112
lyl,lyl,l-y-l,25,134,707.69,43,735.39993,27,0.04030119,38
$kr,shkr,sh-k-r,25,134,313.99,134,263.95247,69,0.0067325,248
bEv,buEv,b-ʿ-th,25,134,254.94,163,93.12895,142,0.0078981,230
Ans,uAns,a-n-s,25,134,215.26,186,133.02719,103,0.01727125,125
wHd,wuHd,w-ḥ-d,25,134,277.18,149,495.13175,51,0.01597226,131
sAl,suAl,s-a-l,25,134,154.02,232,107.98034,125,0.00612712,265
slm,slm,s-l-m,25,134,188.77,204,100.47527,130,0.01021116,185
ksb,ksb,k-s-b,25,134,226.37,182,85.72263,153,0.01035116,183
mss,mss,m-s-s,25,134,261.47,157,62.25811,197,0.00780715,234
wld,wld,w-l-d,25,134,372.53,109,121.73913,111,0.01433279,140
dwr,dwr,d-w-r,25,134,296.67,137,255.12989,73,0.01106349,175
Zhr,uZhr,ẓ-h-r,25,134,196.29,201,89.31815,148,0.00862794,212
rdd,rdd,r-d-d,25,134,160.78,226,41.52032,227,0.01017048,187
rwH,rwuH,r-w-ḥ,25,134,255.28,162,305.82921,62,0.01463206,138
Erf,uErf,ʿ-r-f,25,134,454.14,86,66.65758,189,0.01366477,146
bAs,buAs,b-a-s,25,134,323.85,128,260.25866,71,0.00575103,274
bgy,bgy,b-gh-y,25,134,462.29,84,101.5605,129,0.02048169,103
wjd,wjd,w-j-d,25,134,300.5,136,77.21257,171,0.01210422,161
AHd,uAuHd,a-ḥ-d,25,134,213.55,187,81.55478,157,0.00892295,202
Drr,uDrr,ḍ-r-r,25,134,564.45,64,94.03072,140,0.02860099,66
wjh,wjh,w-j-h,25,134,132.79,258,50.84051,211,0.00491427,295
lys,lys,l-y-s,25,134,232.73,176,64.71762,195,0.01712849,126
rDw,ruDw,r-ḍ-w,25,134,321.42,129,116.32113,117,0.02496769,78
Ezz,uEzz,ʿ-z-z,25,134,381.88,105,99.60525,133,0.03309494,50
Abw,uAbw,a-b-w,25,134,343.21,121,49.3252,215,0.00865116,209
Eqb,uEqb,ʿ-q-b,25,134,587.62,60,78.09507,166,0.02333532,88
TwE,uTwuE,ṭ-w-ʿ,25,134,292.93,140,78.59087,164,0.02045908,104
Hbb,uHbb,ḥ-b-b,25,134,238.31,173,64.9082,193,0.02129685,94
Axw,uAxw,a-kh-w,25,134,276.72,150,172.5004,92,0.00762117,238
qrA,qruA,q-r-a,25,134,188.17,208,145.03484,100,0.00608816,268
blg,blg,b-l-gh,25,134,241.3,171,72.43242,181,0.01265123,154
Hsb,uHsb,ḥ-s-b,25,134,163.08,224,88.82076,149,0.00989762,191
ymn,ymn,y-m-n,25,134,243.36,168,681.714,32,0.01057429,181
rjl,rjl,r-j-l,25,134,277.68,148,120.72787,112,0.00909507,196
Ajl,uAjl,a-j-l,25,134,384.53,101,90.21126,146,0.05308898,23
gny,gny,gh-n-y,25,134,284.95,144,74.47508,176,0.02508095,76
fry,fry,f-r-y,25,134,294.73,139,55.79698,205,0.01936131,113
wHy,wuHy,w-ḥ-y,25,134,161.17,225,63.78263,196,0.0035879,345
fsq,fsq,f-s-q,24,174,198.89,197,72.80508,178,0.0087321,207
nfE,nfuE,n-f-ʿ,23,175.5,246.78,166,100.42352,131,0.01375601,144
qDy,quDy,q-ḍ-y,23,175.5,247.93,165,47.62764,222,0.01125995,173
ftn,ftn,f-t-n,22,178,104.72,295,69.84076,185,0.00402586,325
hlk,hlk,h-l-k,22,178,270.63,153,75.15748,172,0.00314272,372
Ewd,uEwd,ʿ-w-d,22,178,188.26,207,108.13538,124,0.00545794,280
zyd,zyd,z-y-d,21,182.5,95.09,308,68.77832,188,0.00544746,281
tlw,tlw,t-l-w,21,182.5,296.26,138,46.01034,223,0.00903225,198
qry,qry,q-r-y,21,182.5,255.99,161,60.21345,200,0.00707091,244
hwy,hwy,h-w-y,21,182.5,241.41,170,48.76713,217,0.00775043,235
Hll,uHll,ḥ-l-l,21,182.5,337.63,124,50.29747,213,0.01751445,120
*wq,dhwq,dh-w-q,21,182.5,281.09,145,51.26657,210,0.00885947,204
Hmd,uHmd,ḥ-m-d,20,188.5,267.56,155,34.41299,233,0.04076227,37
gyb,gyb,gh-y-b,20,188.5,212.2,188,32.92099,239,0.02548028,75
xsr,xsr,kh-s-r,20,188.5,78.08,334,33.24366,236,0.00384781,335
Tyb,uTyb,ṭ-y-b,20,188.5,341.86,122,660.04126,34,0.00846616,217
zyn,zyn,z-y-n,20,188.5,238.88,172,77.68369,167,0.014081,142
Elw,uElw,ʿ-l-w,20,188.5,134.56,256,81.94334,156,0.01078084,178
Edd,uEdd,ʿ-d-d,19,193,167.94,222,81.48483,158,0.00633693,258
byt,byt,b-y-t,19,193,155.3,231,49.24487,216,0.00638735,257
xbr,xbr,kh-b-r,19,193,197.18,200,631.89969,36,0.0210608,98
Eql,uEql,ʿ-q-l,18,200.5,144.32,244,58.28856,202,0.00855964,215
Znn,uZnn,ẓ-n-n,18,200.5,77.89,335,49.47709,214,0.00678245,247
TEm,uTuEm,ṭ-ʿ-m,18,200.5,147.59,239,52.178,209,0.00359658,344
qwy,qwy,q-w-y,18,200.5,199.91,196,26.56824,249,0.00732723,240
wsE,wsuE,w-s-ʿ,18,200.5,228.27,181,54.82877,207,0.01997507,111
jnH,jnuH,j-n-ḥ,18,200.5,257.89,159,24.81732,255,0.01609115,130
sxr,sxr,s-kh-r,18,200.5,371.08,111,102.89915,128,0.03944288,41
nhy,nhy,n-h-y,18,200.5,205.27,194,33.18822,237,0.00411876,322
DEf,uDuEf,ḍ-ʿ-f,18,200.5,126.03,271,48.03054,220,0.00836655,219
wkl,wkl,w-k-l,18,200.5,163.66,223,19.98417,265,0.02060826,101
slT,sluT,s-l-ṭ,18,200.5,120.47,278,40.14599,228,0.01023863,184
swE,swuE,s-w-ʿ,18,200.5,129.2,264,161.62213,95,0.00783085,233
ryb,ryb,r-y-b,17,210,188.73,205,26.89075,248,0.01086858,177
bHr,buHr,b-ḥ-r,17,210,250.93,164,64.82462,194,0.00910926,195
bdl,bdl,b-d-l,17,210,85.88,318,24.95686,254,0.0051308,290
Eyn,uEyn,ʿ-y-n,17,210,148.25,238,61.29097,198,0.00524199,284
Avm,uAvm,a-th-m,17,210,145.12,241,33.89957,235,0.00612301,266
Sdd,uSdd,ṣ-d-d,17,210,351.26,118,53.00636,208,0.02309599,90
jrm,jrm,j-r-m,17,210,62.63,359,44.27525,224,0.00386878,334
qdm,qdm,q-d-m,16,216,136.94,252,27.15803,247,0.00367632,338
jhd,jhd,j-h-d,16,216,337.67,123,28.42598,246,0.02266299,92
fSl,fuSl,f-ṣ-l,16,216,123.16,275,32.72112,240,0.004407,310
Hml,uHml,ḥ-m-l,16,216,79.61,329,59.21122,201,0.00094974,503
$ms,shms,sh-m-s,16,216,445.47,89,115.34041,118,0.02346049,87
fsd,fsd,f-s-d,15,222,228.3,180,310.54915,61,0.06022223,21
fwq,fwq,f-w-q,15,222,128.64,267,38.74626,229,0.0036163,342
Hzn,uHzn,ḥ-z-n,15,222,173.34,220,15.36582,279,0.0060571,269
Ejl,uEjl,ʿ-j-l,15,222,83.14,324,18.69573,269,0.00194587,430
nbt,nbt,n-b-t,15,222,273.24,152,29.02401,244,0.04016691,39
x$y,xshy,kh-sh-y,15,222,88.65,315,26.11422,250,0.00487307,297
vlv,vlv,th-l-th,15,222,182.78,214,41.52819,226,0.0080433,229
bTl,buTl,b-ṭ-l,14,229,124.8,272,17.72822,272,0.00808302,227
blw,blw,b-l-w,14,229,45.81,412,32.9492,238,0.00185341,440
xzy,xzy,kh-z-y,14,229,160.59,227,15.81794,278,0.0067054,250
mrA,mruA,m-r-a,14,229,135.44,253,624.55011,39,0.00516447,286
jwb,jwb,j-w-b,14,229,129.18,265,12.95484,292,0.00341564,362
wrv,wrv,w-r-th,14,229,84.69,320,25.8862,251,0.01292878,153
Er$,uErsh,ʿ-r-sh,14,229,186.84,211,79.37011,162,0.02030849,106
SrT,uSruT,ṣ-r-ṭ,13,237,232.09,178,19.30266,266,0.00856531,214
trk,trk,t-r-k,13,237,71.01,343,13.07078,291,0.0035449,349
vmr,vmr,th-m-r,13,237,203.53,195,275.02549,68,0.01148323,168
qTE,quTuE,q-ṭ-ʿ,13,237,103.25,299,35.62573,230,0.00532601,282
Edl,uEdl,ʿ-d-l,13,237,184.27,212,16.57001,275,0.00948558,193
Abd,uAbd,a-b-d,13,237,256.13,160,43.97612,225,0.02399956,80
sHr,suHr,s-ḥ-r,13,237,211.15,189,21.18931,262,0.00992123,190
ndw,ndw,n-d-w,13,237,70.14,345,22.90683,258,0.00191623,432
krh,krh,k-r-h,13,237,88.93,314,11.61305,296,0.00685605,245
$ry,shry,sh-r-y,12,251.5,261.4,158,7.41581,321,0.01002916,188
Emy,uEmy,ʿ-m-y,12,251.5,190.99,203,72.59222,180,0.0021743,413
wvq,wvq,w-th-q,12,251.5,180.19,216,28.99317,245,0.01019805,186
Hyv,uHyv,ḥ-y-th,12,251.5,109.14,293,11.00766,301,0.00525071,283
qrr,qrr,q-r-r,12,251.5,78.66,333,19.11005,267,0.00558825,276
nsy,nsy,n-s-y,12,251.5,91.17,312,24.38157,256,0.0020845,420
$fE,shfuE,sh-f-ʿ,12,251.5,123.71,274,20.40943,263,0.01204743,162
Efw,uEfw,ʿ-f-w,12,251.5,134.65,255,15.11297,280,0.01146927,170
ESy,uEuSy,ʿ-ṣ-y,12,251.5,111.47,289,12.05904,295,0.00418281,320
gfl,gfl,gh-f-l,12,251.5,86.92,317,34.80162,231,0.00352753,351
ftH,ftuH,f-t-ḥ,12,251.5,110.81,292,83.89002,154,0.00620144,264
Hjj,uHjj,ḥ-j-j,12,251.5,115.19,283,5.04374,339,0.01217159,159
Syr,uSyr,ṣ-y-r,12,251.5,178.1,218,25.8313,252,0.00882115,205
kfy,kfy,k-f-y,12,251.5,121.01,277,6.75075,324,0.00815153,225
sbq,sbq,s-b-q,12,251.5,73.36,339,10.40099,303,0.0029325,383
Anv,uAnv,a-n-th,12,251.5,148.55,236,56.13773,204,0.00709103,243
Any,uAny,a-n-y,12,251.5,148.41,237,47.69499,221,0.01156844,166
xfy,xfy,kh-f-y,12,251.5,180.09,217,10.8373,302,0.01391721,143
Sdr,uSdr,ṣ-d-r,12,251.5,132.98,257,626.24783,38,0.00666789,252
SbH,uSbuH,ṣ-b-ḥ,12,251.5,137.74,251,834.95805,25,0.00304546,378
E$r,uEshr,ʿ-sh-r,11,265.5,65.13,354,15.89225,277,0.00325007,371
$rb,shrb,sh-r-b,11,265.5,140.66,249,77.24176,169,0.00483687,298
lEn,luEn,l-ʿ-n,11,265.5,78.72,332,14.08393,283,0.0076551,237
Twf,uTwf,ṭ-w-f,11,265.5,82.06,325,6.47751,326,0.00302349,380
flk,flk,f-l-k,11,265.5,267.96,154,9.39976,311,0.01037178,182
Srf,uSrf,ṣ-r-f,11,265.5,85.52,319,8.0281,317,0.00227705,407
hjr,hjr,h-j-r,11,265.5,187.5,209,9.87669,306,0.01261831,156
bsT,bsuT,b-s-ṭ,11,265.5,208.22,191,13.92373,284,0.02114139,96
*hb,dhhb,dh-h-b,10,274.5,29.91,469,5.52856,334,0.00573328,275
vny,vny,th-n-y,10,274.5,107.63,294,11.12556,298,0.00874501,206
rfE,rfuE,r-f-ʿ,10,274.5,119.32,280,10.01819,304,0.0018591,439
Hdv,uHdv,ḥ-d-th,10,274.5,46.34,410,11.06152,300,0.00188374,437
*rr,dhrr,dh-r-r,10,274.5,84.55,321,18.95683,268,0.00242093,399
rjw,rjw,r-j-w,10,274.5,73.05,340,18.27996,271,0.00325305,370
mlA,mluA,m-l-a,10,274.5,83.59,322,5.79175,333,0.00451251,308
*nb,dhnb,dh-n-b,10,274.5,124.74,273,12.48555,293,0.00808165,228
nkr,nkr,n-k-r,10,274.5,207.49,192,5.21704,338,0.00400721,327
fwz,fwz,f-w-z,10,274.5,397.74,98,16.85948,273,0.0317591,57
yqn,yqn,y-q-n,9,289.5,29.55,473,9.7921,307,0.00625657,260
flH,fluH,f-l-ḥ,9,289.5,47.23,404,6.33443,327,0.00422924,314
hzA,hzuA,h-z-a,9,289.5,182.86,213,82.94892,155,0.00348643,359
Tgy,uTgy,ṭ-gh-y,9,289.5,62.52,361,609.55927,41,0.00082216,509
Ehd,uEhd,ʿ-h-d,9,289.5,119.17,281,21.98336,260,0.0041099,323
bdw,bdw,b-d-w,9,289.5,169.65,221,6.73698,325,0.00858961,213
ytm,ytm,y-t-m,9,289.5,175.01,219,5.46459,335,0.0034886,358
hwn,hwn,h-w-n,9,289.5,120.16,279,9.7868,308,0.00609528,267
wdd,wdd,w-d-d,9,289.5,79.39,330,6.30432,328,0.00509295,292
H$r,uHshr,ḥ-sh-r,9,289.5,64.02,357,11.09266,299,0.00170577,447
Esy,uEsy,ʿ-s-y,9,289.5,69.91,347,3.97895,349,0.00463511,301
nkH,nkuH,n-k-ḥ,9,289.5,127.9,269,2.89178,361,0.01143023,171
HfZ,uHfuZ,ḥ-f-ẓ,9,289.5,54.56,378,607.73739,42,0.00159365,450
jbl,jbl,j-b-l,9,289.5,59.94,365,13.2054,289,0.00784962,232
brk,brk,b-r-k,9,289.5,61.18,363,13.28604,288,0.01437013,139
syr,syr,s-y-r,9,289.5,316.74,131,15.93015,276,0.03017361,61
Awy,uAwy,a-w-y,9,289.5,138.18,250,13.49063,286,0.00202879,425
qrn,qrn,q-r-n,9,289.5,148.57,235,4.8914,341,0.00194364,431
vql,vql,th-q-l,9,289.5,69.45,348,7.25487,322,0.00862878,211
qmr,qmr,q-m-r,9,289.5,364.82,115,31.81477,241,0.02383832,82
xlw,xlw,kh-l-w,8,307.5,150.22,234,21.76642,261,0.00255704,394
HwT,uHwuT,ḥ-w-ṭ,8,307.5,38.34,442,2.64064,364,0.0054732,279
sbE,sbuE,s-b-ʿ,8,307.5,57.6,369,34.41929,232,0.01077489,179
rbE,rbuE,r-b-ʿ,8,307.5,132.49,259,10.00627,305,0.00824031,223
brA,bruA,b-r-a,8,307.5,54.59,377,5.25987,337,0.00346412,361
wEZ,wuEuZ,w-ʿ-ẓ,8,307.5,48.82,398,2.93719,359,0.00364846,340
mll,mll,m-l-l,8,307.5,111.04,291,12.07985,294,0.00260862,389
fH$,fuHsh,f-ḥ-sh,8,307.5,104.66,296,5.38944,336,0.00826835,222
qSS,quSuS,q-ṣ-ṣ,8,307.5,40.92,437,2.3952,368,0.00109974,483
drj,drj,d-r-j,8,307.5,91.57,311,3.20884,353,0.00394828,331
w*r,wdhr,w-dh-r,8,307.5,8.76,547,7.5421,320,0.00196993,428
lbv,lbv,l-b-th,8,307.5,111.32,290,11.23349,297,0.00239579,401
qsT,qsuT,q-s-ṭ,8,307.5,122.59,276,9.20049,312,0.00438402,311
grr,grr,gh-r-r,8,307.5,114.7,285,8.46891,315,0.00422688,315
krm,krm,k-r-m,8,307.5,52.63,382.5,8.78567,314,0.00230801,405
$kk,shkk,sh-k-k,8,307.5,103.18,300,2.90883,360,0.00276784,386
gDb,guDb,gh-ḍ-b,7,328,47.83,401,4.79642,342,0.00459674,304
$Er,shuEr,sh-ʿ-r,7,328,66.61,352,86.47687,151,0.00101588,495
mrD,mruD,m-r-ḍ,7,328,99.5,303,9.53565,310,0.00684995,246
Thr,uThr,ṭ-h-r,7,328,62.53,360,7.97017,318,0.00399494,329
Hyn,uHyn,ḥ-y-n,7,328,43.31,422,4.39539,347,0.00063041,527
vmn,vmn,th-m-n,7,328,205.8,193,5.96712,330,0.00523547,285
brr,brr,b-r-r,7,328,112.81,287,2.35865,371,0.00204073,422
mnn,mnn,m-n-n,7,328,54.93,376,4.46993,346,0.00296005,381
jhl,jhl,j-h-l,7,328,45.52,413,1.18847,391,0.00422176,316
srr,srr,s-r-r,7,328,186.97,210,13.76331,285,0.00515923,287
wry,wry,w-r-y,7,328,45.45,414,2.40848,367,0.00101858,494
xlS,xluS,kh-l-ṣ,7,328,150.73,233,1.25585,388,0.0088761,203
vwb,vwb,th-w-b,7,328,50.14,392,1.96329,377,0.00434119,312
grb,grb,gh-r-b,7,328,159.73,228,13.29336,287,0.00252047,397
tmm,tmm,t-m-m,7,328,71.29,342,6.02034,329,0.00370776,336
qEd,quEd,q-ʿ-d,7,328,42.32,429,4.79081,343,0.0034013,363
bTn,buTn,b-ṭ-n,7,328,68.48,349,14.39307,281,0.00119923,477
ysr,ysr,y-s-r,7,328,76.29,336,612.51521,40,0.00079505,513
jdl,jdl,j-d-l,7,328,49.66,395,4.89224,340,0.00586791,271
fkr,fkr,f-k-r,7,328,111.51,288,4.39284,348,0.01332619,149
mrr,mrr,m-r-r,7,328,52.01,384,30.42487,243,0.00302862,379
trb,trb,t-r-b,7,328,91.72,310,23.64057,257,0.00512986,291
dbr,dbr,d-b-r,7,328,101.14,301,3.30378,351,0.00326376,369
Afk,uAfk,a-f-k,7,328,93.09,309,25.05252,253,0.00462793,302
stt,stt,s-t-t,7,328,232.92,175,20.15094,264,0.0423809,32
mdd,mdd,m-d-d,6,348,32.13,463,14.26442,282,0.00295367,382
ktm,ktm,k-t-m,6,348,63.81,358,1.60423,380,0.00901816,199
hwd,hwd,h-w-d,6,348,58.58,366,3.17394,354,0.00412966,321
HDr,uHuDr,ḥ-ḍ-r,6,348,29.59,470,1.09664,394,0.00073766,518
$hr,shhr,sh-h-r,6,348,114.91,284,2.4336,366,0.00832125,221
A*y,uAdhy,a-dh-y,6,348,51.94,385,0.86789,405,0.00896963,201
nSb,nuSb,n-ṣ-b,6,348,28.46,477,2.38853,369,0.00176696,445
Ejb,uEjb,ʿ-j-b,6,348,47.06,405,1.1564,393,0.00360575,343
bqy,bqy,b-q-y,6,348,57.94,367,1.6214,379,0.0020729,421
jnd,jnd,j-n-d,6,348,14.76,518,1.32032,385,0.00060971,530
Tyr,uTyr,ṭ-y-r,6,348,31.45,467,0.64255,411,0.00256783,392
nxl,nxl,n-kh-l,6,348,217.11,185,628.896,37,0.00353637,350
frH,fruH,f-r-ḥ,6,348,40.99,436,2.11834,375,0.00309545,375
jnb,jnb,j-n-b,6,348,10.29,541,0.9406,402,0.00065577,524
lEb,luEb,l-ʿ-b,6,348,142.31,246,606.81073,43,0.00191373,433
g$w,gshw,gh-sh-w,5,369,43.58,421,18.52957,270,0.00163072,449
kwd,kwd,k-w-d,5,369,20.33,503,1.33174,384,0.00457532,305
$jr,shjr,sh-j-r,5,369,11.75,534,3.0187,356,0.00514701,289
sqy,sqy,s-q-y,5,369,88.09,316,6.95619,323,0.00348998,357
fdy,fdy,f-d-y,5,369,55.38,374,2.67868,363,0.00646815,254
snw,snw,s-n-w,5,369,126.08,270,7.73554,319,0.00046912,552
Hnf,uHnf,ḥ-n-f,5,369,142.37,245,0.16667,436.5,0.00329925,367
dbb,dbb,d-b-b,5,369,83.25,323,13.07368,290,0.02696439,71
lHm,luHm,l-ḥ-m,5,369,128.06,268,3.29244,352,0.00397436,330
lbb,lbb,l-b-b,5,369,180.88,215,9.07238,313,0.00254915,396
Hdd,uHdd,ḥ-d-d,5,369,51.86,386,0.3204,423,0.00668804,251
HbT,uHbuT,ḥ-b-ṭ,5,369,131.05,261,0.63451,412,0.00863711,210
Hlm,uHlm,ḥ-l-m,5,369,53.63,380,1.20312,390,0.00549966,278
msk,msk,m-s-k,5,369,36.75,453,0.95772,400,0.0086946,208
vbt,vbt,th-b-t,5,369,48.3,400,1.06663,395,0.00203847,423
Swr,uSwr,ṣ-w-r,5,369,135.34,254,175.56144,88,0.01320241,150
Sgr,uSgr,ṣ-gh-r,5,369,68.09,351,2.94802,358,0.00144743,459
wDE,wuDuE,w-ḍ-ʿ,5,369,41.57,433,0.05335,444,0.00190866,434
mkr,mkr,m-k-r,5,369,43.27,423,3.11388,355,0.0048924,296
fqh,fqh,f-q-h,5,369,44.4,420,8.08381,316,0.00134697,467
Avr,uAvr,a-th-r,5,369,29.57,472,3.55246,350,0.00099908,497
n$A,nshuA,n-sh-a,5,369,36,455,1.53565,381,0.0013497,466
fTr,fuTr,f-ṭ-r,5,369,81.96,326,2.45165,365,0.04110911,35
lhw,lhw,l-h-w,5,369,104.64,297,0.81073,406,0.00233022,403
bdA,bduA,b-d-a,5,369,129.42,263,22.09649,259,0.00789693,231
Erb,uErb,ʿ-r-b,5,369,45.39,415,0.61308,413,0.00124919,475
nwb,nwb,n-w-b,5,369,18.62,507,0.75203,408,0.00181072,443
Hwl,uHwl,ḥ-w-l,4,400,11.36,535,0,1044.5,0.00144251,460
Smm,uSmm,ṣ-m-m,4,400,158.75,229,606,45,0.00056677,540
H*r,uHdhr,ḥ-dh-r,4,400,18.91,506,0.41227,417,0.00419596,319
swr,swr,s-w-r,4,400,33.04,460,0.92052,403,0.00255895,393
grq,grq,gh-r-q,4,400,33.66,457,0,1044.5,0.00058006,537
jhr,jhr,j-h-r,4,400,64.06,356,0,1044.5,0.00332136,365
xTA,xuTuA,kh-ṭ-a,4,400,40.2,439,1.04698,399,0.00170612,446
*ll,dhll,dh-l-l,4,400,5.35,571,0.23888,430,0.00041917,560
Ew*,uEwdh,ʿ-w-dh,4,400,50.99,389,1.06528,396,0.00154053,452
$qq,shqq,sh-q-q,4,400,32.07,464,0.72351,409,0.00468982,300
Eln,uEln,ʿ-l-n,4,400,142.17,248,2.96981,357,0.0050217,293
mny,mny,m-n-y,4,400,14.93,516,0.05335,444,0.0021295,418
Ayd,uAyd,a-y-d,4,400,70.52,344,0.44057,416,0.00290778,384
sEy,suEy,s-ʿ-y,4,400,7.03,559,2.89123,362,0.00029328,572
wSy,wuSy,w-ṣ-y,4,400,66.05,353,0,1044.5,0.00226851,410
rqb,rqb,r-q-b,4,400,9.08,546,0.1253,438,0.00090789,506
Swm,uSwm,ṣ-w-m,4,400,38.18,444,2.36618,370,0.00400462,328
r$d,rshd,r-sh-d,4,400,20.4,500,0.91414,404,0.00115408,479
srE,sruE,s-r-ʿ,4,400,64.4,355,1.82654,378,0.00336379,364
kff,kff,k-f-f,4,400,44.49,419,0.49234,415,0.00231553,404
$rr,shrr,sh-r-r,4,400,20.42,499,1.28004,387,0.0005192,546
glb,glb,gh-l-b,4,400,10.79,538,0.34729,421,0.00075746,515
whb,whb,w-h-b,4,400,50,393,2.33136,372,0.00178794,444
wlj,wlj,w-l-j,4,400,80.03,327,16.65521,274,0.01371648,145
Ewj,uEwj,ʿ-w-j,4,400,98.44,305,0,1044.5,0.00410533,324
srf,srf,s-r-f,4,400,13.26,523,0.04772,446,0.00042996,558
qsm,qsm,q-s-m,4,400,44.81,417,0,1044.5,0.00076388,514
fty,fty,f-t-y,4,400,27.94,479,0.32467,422,0.00151761,454
zEm,zuEm,z-ʿ-m,4,400,53.08,381,0,1044.5,0.00190573,435
Ejz,uEjz,ʿ-j-z,4,400,29.38,474,2.18,374,0.00964871,192
mkn,mkn,m-k-n,4,400,51.03,388,4.58477,344.5,0.01559379,133
bgt,bgt,b-gh-t,4,400,144.47,243,0.27161,427,0.00216938,414
fAd,fuAd,f-a-d,4,400,95.93,306,1.24486,389,0.00104643,485
kyl,kyl,k-y-l,4,400,142.3,247,9.66525,309,0.00106516,484
wzn,wzn,w-z-n,4,400,103.53,298,31.75172,242,0.00080387,512
sfh,sfh,s-f-h,3,442,27.66,481,0,1044.5,0.00140286,462
m$y,mshy,m-sh-y,3,442,7.17,558,0.80986,407,0.00328983,368
Hjr,uHjr,ḥ-j-r,3,442,1.25,598,0,1044.5,0.00006992,596
nqD,nquD,n-q-ḍ,3,442,90.95,313,0.2,433.5,0.00311741,373
swm,swm,s-w-m,3,442,36.95,452,1.05552,397,0.00061894,529
Zll,uZll,ẓ-l-l,3,442,11.1,537,0.08216,441,0.00101314,496
bwb,bwb,b-w-b,3,442,131.39,260,0.25,428.5,0.00363463,341
xff,xff,kh-f-f,3,442,20.39,501,0.11677,439,0.00053336,544
Emr,uEmr,ʿ-m-r,3,442,12.73,526,0.05335,444,0.00234383,402
Alf,uAlf,a-l-f,3,442,49.13,396,1.17453,392,0.0004012,561
$rq,shrq,sh-r-q,3,442,113.59,286,0,1044.5,0.00058524,536
DyE,uDyuE,ḍ-y-ʿ,3,442,79.89,328,0,1044.5,0.00306425,376
rAf,ruAf,r-a-f,3,442,61.04,364,0,1044.5,0.00453756,306
mry,mry,m-r-y,3,442,37.43,448,0.36193,418,0.0009867,499
wqt,wqt,w-q-t,3,442,24.59,488,0.94228,401,0.00104192,489
rAs,ruAs,r-a-s,3,442,4.23,576,0,1044.5,0.00013319,588
Tlq,uTlq,ṭ-l-q,3,442,42.64,426,0.08333,440,0.00288704,385
klf,klf,k-l-f,3,442,98.56,304,0,1044.5,0.00354662,348
byE,byuE,b-y-ʿ,3,442,40.77,438,0.06807,442,0.00576887,273
Tmn,uTmn,ṭ-m-n,3,442,49.77,394,0,1044.5,0.00369235,337
Enb,uEnb,ʿ-n-b,3,442,146.6,240,0.22295,431,0.00356611,347
fqr,fqr,f-q-r,3,442,68.16,350,0,1044.5,0.00722817,241
nqm,nqm,n-q-m,3,442,26.3,483,0.30263,424,0.00147793,458
ldn,ldn,l-d-n,3,442,11.13,536,0.17152,435,0.00036365,564
glm,glm,gh-l-m,3,442,42.14,430,0.34787,420,0.00080689,511
nfx,nfx,n-f-kh,3,442,144.82,242,0.2781,426,0.00186478,438
lsn,lsn,l-s-n,3,442,0.78,601,0,1044.5,0.00005958,597
fwh,fwh,f-w-h,3,442,31.05,468,0.71934,410,0.00270299,387
kyd,kyd,k-y-d,3,442,0.18,605,0,1044.5,0.00002983,603
snn,snn,s-n-n,3,442,71.45,341,1.46408,382,0.00098829,498
gll,gll,gh-l-l,3,442,56.06,373,606,45,0.00017091,580
dry,dry,d-r-y,3,442,17.28,510,0,1044.5,0.00030681,570
Etd,uEtd,ʿ-t-d,3,442,41.48,434,1.28568,386,0.00138456,463
HSn,uHuSn,ḥ-ṣ-n,3,442,42.74,425,0,1044.5,0.00215977,415
Hrj,uHrj,ḥ-r-j,3,442,31.56,466,0,1044.5,0.00515565,288
nfr,nfr,n-f-r,3,442,3.34,584,0,1044.5,0.00013354,587
TbE,uTbuE,ṭ-b-ʿ,3,442,95.2,307,0,1044.5,0.004604,303
SnE,uSnuE,ṣ-n-ʿ,3,442,1.2,599,0,1044.5,0.00014446,583
Hzb,uHzb,ḥ-z-b,3,442,6.47,565,0,1044.5,0.00048746,551
Hyq,uHyq,ḥ-y-q,3,442,117.86,282,0.25,428.5,0.00135361,465
k$f,kshf,k-sh-f,3,442,79.29,331,0,1044.5,0.00195979,429
wzr,wzr,w-z-r,3,442,45.9,411,0.2,433.5,0.00056209,543
jHd,juHd,j-ḥ-d,3,442,57.12,370,2.26311,373,0.00223924,411
xzn,xzn,kh-z-n,3,442,41.74,432,0,1044.5,0.00136174,464
wSf,wuSf,w-ṣ-f,3,442,38.49,441,1.43726,383,0.00257728,391
nSH,nuSuH,n-ṣ-ḥ,3,442,27.93,480,0.50299,414,0.00097119,502
jvm,jvm,j-th-m,3,442,131.04,262,0,1044.5,0.00128774,470
mdn,mdn,m-d-n,3,442,38.11,445,0.29939,425,0.00091697,505
HSy,uHuSy,ḥ-ṣ-y,3,442,49.1,397,0.16667,436.5,0.00243264,398
tjr,tjr,t-j-r,2,489.5,20.35,502,0,1044.5,0.00240995,400
wqd,wqd,w-q-d,2,489.5,73.97,338,0,1044.5,0.00365562,339
ndd,ndd,n-d-d,2,489.5,32.06,465,4.58477,344.5,0.00261409,388
$bh,shbh,sh-b-h,2,489.5,13.24,524,0,1044.5,0.00183179,442
wSl,wuSl,w-ṣ-l,2,489.5,7.52,552,0,1044.5,0.00127003,472
dmw,dmw,d-m-w,2,489.5,54.94,375,0,1044.5,0.0013092,468
lbs,lbs,l-b-s,2,489.5,46.7,406,606,45,0.00007631,595
rkE,rkuE,r-k-ʿ,2,489.5,52.63,382.5,0,1044.5,0.00167185,448
Evw,uEvw,ʿ-th-w,2,489.5,76,337,0,1044.5,0.01637537,129
bwA,bwuA,b-w-a,2,489.5,9.9,545,0,1044.5,0.00156449,451
frD,fruD,f-r-ḍ,2,489.5,19.39,505,0,1044.5,0.0035743,346
bkr,bkr,b-k-r,2,489.5,32.4,461,0,1044.5,0.00115699,478
Hrv,uHrv,ḥ-r-th,2,489.5,6.87,561,0,1044.5,0.00097484,501
mnE,mnuE,m-n-ʿ,2,489.5,1.73,594,0,1044.5,0.00012461,589
Ekf,uEkf,ʿ-k-f,2,489.5,7.21,557,0,1044.5,0.00092781,504
bld,bld,b-l-d,2,489.5,20.5,498,2.08484,376,0.00064418,526
Sfw,uSfw,ṣ-f-w,2,489.5,5.4,570,0,1044.5,0.00140578,461
sHb,suHb,s-ḥ-b,2,489.5,24.8,487,0,1044.5,0.00126979,473
sfr,sfr,s-f-r,2,489.5,7.98,550,0,1044.5,0.00081975,510
xwn,xwn,kh-w-n,2,489.5,25.87,485,0,1044.5,0.00625264,261
xSm,xuSm,kh-ṣ-m,2,489.5,7.93,551,0,1044.5,0.00037971,562
mhd,mhd,m-h-d,2,489.5,35.29,456,1.05426,398,0.00469162,299
Alw,uAlw,a-l-w,2,489.5,275.93,151,0,1044.5,0.00492328,294
rbS,rbuS,r-b-ṣ,2,489.5,14.11,522,0,1044.5,0.0022953,406
nSf,nuSf,n-ṣ-f,2,489.5,23.01,491,0,1044.5,0.00443327,309
qrD,qruD,q-r-ḍ,2,489.5,54.07,379,0,1044.5,0.00580976,272
gwy,gwy,gh-w-y,2,489.5,1.16,600,0,1044.5,0.00004356,599
Hrq,uHrq,ḥ-r-q,2,489.5,22.45,492,0,1044.5,0.00188684,436
nzE,nzuE,n-z-ʿ,2,489.5,17.42,509,0,1044.5,0.00060669,531
rjm,rjm,r-j-m,2,489.5,37.5,447,0,1044.5,0.00057982,538
Tyn,uTyn,ṭ-y-n,2,489.5,61.3,362,5.83039,331.5,0.00824008,224
ESm,uEuSm,ʿ-ṣ-m,2,489.5,36.13,454,0,1044.5,0.0064352,255
hmm,hmm,h-m-m,2,489.5,14.2,521,0,1044.5,0.00226933,409
jby,jby,j-b-y,2,489.5,36.96,451,0,1044.5,0.00114867,480
Sly,uSly,ṣ-l-y,2,489.5,33.09,459,0.35729,419,0.00059376,535
jld,jld,j-l-d,2,489.5,32.35,462,0,1044.5,0.00210917,419
gnm,gnm,gh-n-m,2,489.5,14.93,517,0,1044.5,0.00184884,441
yAs,yuAs,y-a-s,2,489.5,22.08,493,0,1044.5,0.00227016,408
qhr,qhr,q-h-r,2,489.5,48.31,399,0,1044.5,0.00260548,390
sTr,suTr,s-ṭ-r,2,489.5,56.94,371,0,1044.5,0.00035111,565
Dyq,uDyq,ḍ-y-q,2,489.5,4.04,577,0,1044.5,0.00033078,567
swq,swq,s-w-q,2,489.5,15.57,514,0.2036,432,0.00056562,541
rsw,rsw,r-s-w,2,489.5,37.02,450,0,1044.5,0.01263126,155
SyH,uSyuH,ṣ-y-ḥ,2,489.5,56.64,372,0,1044.5,0.00098251,500
sjn,sjn,s-j-n,2,489.5,12.81,525,0,1044.5,0.0004457,555
jdd,jdd,j-d-d,2,489.5,47.78,402,5.83039,331.5,0.00639928,256
Ewn,uEwn,ʿ-w-n,1,560.5,6.63,564,0,1044.5,0.00027521,573
xtm,xtm,kh-t-m,1,560.5,3.57,581,0,1044.5,0.00104572,487
Emh,uEmh,ʿ-m-h,1,560.5,43.06,424,0,1044.5,0.00003366,601
DwA,uDwuA,ḍ-w-a,1,560.5,7.31,555,0,1044.5,0.00214124,416.5
bkm,bkm,b-k-m,1,560.5,57.63,368,0,1044.5,0.00003105,602
SEq,uSuEq,ṣ-ʿ-q,1,560.5,1.72,596,0,1044.5,0.00050382,549
qds,qds,q-d-s,1,560.5,1.72,596,0,1044.5,0.00050382,549
Aby,uAby,a-b-y,1,560.5,10.78,539,0,1044.5,0.00046908,553
hbT,hbuT,h-b-ṭ,1,560.5,15.58,513,0,1044.5,0.00064673,525
rhb,rhb,r-h-b,1,560.5,2.07,592,0,1044.5,0.00060634,533
ESw,uEuSw,ʿ-ṣ-w,1,560.5,46.69,407,0,1044.5,0.00014663,582
fjr,fjr,f-j-r,1,560.5,0.42,603,0,1044.5,0.00012303,590
bqr,bqr,b-q-r,1,560.5,12.58,527,0,1044.5,0.0005222,545
lwn,lwn,l-w-n,1,560.5,42.42,428,0,1044.5,0.00128829,469
qsw,qsw,q-s-w,1,560.5,44.57,418,0,1044.5,0.00123313,476
Hrf,uHrf,ḥ-r-f,1,560.5,14.41,519.5,0,1044.5,0.00422097,317.5
rEy,ruEy,r-ʿ-y,1,560.5,10.19,542,0,1044.5,0.00102779,491
qnt,qnt,q-n-t,1,560.5,2.07,592,0,1044.5,0.00060634,533
jHm,juHm,j-ḥ-m,1,560.5,23.85,490,0,1044.5,0.00021312,577
nyl,nyl,n-y-l,1,560.5,10.64,540,0,1044.5,0.00311667,374
bvv,bvv,b-th-th,1,560.5,21.56,496,0,1044.5,0.00305532,377
Hsr,uHsr,ḥ-s-r,1,560.5,2.07,592,0,1044.5,0.00060634,533
xnzr,xnzr,kh-n-z-r,1,560.5,12.01,530,0,1044.5,0.00351797,354
hll,hll,h-l-l,1,560.5,12.01,530,0,1044.5,0.00351797,354
Hrr,uHrr,ḥ-r-r,1,560.5,2.83,586,0,1044.5,0.00082896,508
Ady,uAdy,a-d-y,1,560.5,21.58,495,0,1044.5,0.00217661,412
Esr,uEsr,ʿ-s-r,1,560.5,44.96,416,0,1044.5,0.00003398,600
byD,byuD,b-y-ḍ,1,560.5,24.54,489,0,1044.5,0.00044055,556
HSr,uHuSr,ḥ-ṣ-r,1,560.5,7.31,555,0,1044.5,0.00214124,416.5
fyD,fyuD,f-y-ḍ,1,560.5,3.57,581,0,1044.5,0.00104572,487
zyl,zyl,z-y-l,1,560.5,3.81,578.5,0,1044.5,0.00111602,481.5
Ezl,uEzl,ʿ-z-l,1,560.5,3.81,578.5,0,1044.5,0.00111602,481.5
lgw,lgw,l-gh-w,1,560.5,29.05,475,0,1044.5,0.00032821,568
fyA,fyuA,f-y-a,1,560.5,14.41,519.5,0,1044.5,0.00422097,317.5
Ezm,uEzm,ʿ-z-m,1,560.5,21.21,497,0,1044.5,0.00044743,554
ksw,ksw,k-s-w,1,560.5,12.01,530,0,1044.5,0.00351797,354
xTb,xuTb,kh-ṭ-b,1,560.5,15.16,515,0,1044.5,0.0006293,528
Eqd,uEqd,ʿ-q-d,1,560.5,5.06,574.5,0,1044.5,0.00148217,456.5
rkb,rkb,r-k-b,1,560.5,0.66,602,0,1044.5,0.00019333,579
fAy,fuAy,f-a-y,1,560.5,21.62,494,0,1044.5,0.00633293,259
brz,brz,b-r-z,1,560.5,2.5,588.5,0,1044.5,0.0007323,520.5
dfE,dfuE,d-f-ʿ,1,560.5,2.5,588.5,0,1044.5,0.0007323,520.5
xll,xll,kh-l-l,1,560.5,0.41,604,0,1044.5,0.0001201,593
rbw,rbw,r-b-w,1,560.5,3.49,583,0,1044.5,0.00102229,493
xbv,xbv,kh-b-th,1,560.5,70.04,346,0,1044.5,0.0005637,542
Hrb,uHrb,ḥ-r-b,1,560.5,5.25,572,0,1044.5,0.00153783,453
zyg,zyg,z-y-gh,1,560.5,26.67,482,0,1044.5,0.00073788,517
fDD,fuDuD,f-ḍ-ḍ,1,560.5,2.5,588.5,0,1044.5,0.0007323,520.5
xyl,xyl,kh-y-l,1,560.5,5.1,573,0,1044.5,0.00149389,455
Awb,uAwb,a-w-b,1,560.5,15.83,512,0,1044.5,0.00037633,563
Hwr,uHwr,ḥ-w-r,1,560.5,7.31,555,0,1044.5,0.00030344,571
lwy,lwy,l-w-y,1,560.5,12.01,530,0,1044.5,0.00351797,354
drs,drs,d-r-s,1,560.5,25.84,486,0,1044.5,0.00103959,490
bgD,bguD,b-gh-ḍ,1,560.5,26.25,484,0,1044.5,0.00126769,474
gyZ,gyuZ,gh-y-ẓ,1,560.5,6.74,562.5,0,1044.5,0.00197428,426.5
gdw,gdw,gh-d-w,1,560.5,0.01,607,0,1044.5,0.00000293,607
xms,xms,kh-m-s,1,560.5,7.36,553,0,1044.5,0.00026576,574
whn,whn,w-h-n,1,560.5,3.57,581,0,1044.5,0.00104572,487
rEb,ruEb,r-ʿ-b,1,560.5,37.11,449,0,1044.5,0.00102673,492
vwy,vwy,th-w-y,1,560.5,6.95,560,0,1044.5,0.00203579,424
SEd,uSuEd,ṣ-ʿ-d,1,560.5,2.5,588.5,0,1044.5,0.0007323,520.5
glZ,gluZ,gh-l-ẓ,1,560.5,9.92,544,0,1044.5,0.00043165,557
HZZ,uHuZuZ,ḥ-ẓ-ẓ,1,560.5,5.06,574.5,0,1044.5,0.00148217,456.5
TlE,uTluE,ṭ-l-ʿ,1,560.5,0.05,606,0,1044.5,0.00001465,604
zbr,zbr,z-b-r,1,560.5,11.99,533,0,1044.5,0.00057903,539
Slb,uSlb,ṣ-l-b,1,560.5,29.58,471,0,1044.5,0.00089834,507
jwr,jwr,j-w-r,1,560.5,6.74,562.5,0,1044.5,0.00197428,426.5
Hlf,uHlf,ḥ-l-f,1,560.5,20.27,504,0,1044.5,0.00593749,270
Elq,uElq,ʿ-l-q,1,560.5,28.31,478,0,1044.5,0.00401188,326
xwD,xwuD,kh-w-ḍ,1,560.5,46.44,408.5,0,1044.5,0.00008449,594
sfl,sfl,s-f-l,1,560.5,18.1,508,0,1044.5,0.0003458,566
Syd,uSyd,ṣ-y-d,1,560.5,12.01,530,0,1044.5,0.00351797,354
ndm,ndm,n-d-m,1,560.5,42.02,431,0,1044.5,0.00012165,591
rjs,rjs,r-j-s,1,560.5,8.71,548,0,1044.5,0.00255133,395
wqr,wqr,w-q-r,1,560.5,39.89,440,0,1044.5,0.0006608,523
lTf,luTf,l-ṭ-f,1,560.5,37.82,446,0,1044.5,0.00075721,516
$rH,shruH,sh-r-ḥ,1,560.5,50.37,391,0,1044.5,0.00031929,569
zrE,zruE,z-r-ʿ,1,560.5,42.52,427,0,1044.5,0.00014295,584
$ml,shml,sh-m-l,1,560.5,50.78,390,0,1044.5,0.00051046,547
dll,dll,d-l-l,1,560.5,5.99,567,0,1044.5,0.00024865,575
jml,jml,j-m-l,1,560.5,2.92,585,0,1044.5,0.00012121,592
Etw,uEtw,ʿ-t-w,1,560.5,8.54,549,0,1044.5,0.00022089,576
gbr,gbr,gh-b-r,1,560.5,41.42,435,0,1044.5,0.00020336,578
xrr,xrr,kh-r-r,1,560.5,5.5,568.5,0,1044.5,0.00014226,585.5
Hly,uHly,ḥ-l-y,1,560.5,46.44,408.5,0,1044.5,0.00000337,606
ASl,uAuSl,a-ṣ-l,1,560.5,1.72,596,0,1044.5,0.00050382,549
Enq,uEnq,ʿ-n-q,1,560.5,51.6,387,0,1044.5,0.00000838,605
ETw,uEuTw,ʿ-ṭ-w,1,560.5,5.5,568.5,0,1044.5,0.00014226,585.5
sry,sry,s-r-y,1,560.5,33.24,458,0,1044.5,0.0012735,471
bDE,buDuE,b-ḍ-ʿ,1,560.5,10.17,543,0,1044.5,0.00042216,559
nTf,nuTf,n-ṭ-f,1,560.5,47.44,403,0,1044.5,0.00672284,249
xsf,xsf,kh-s-f,1,560.5,16.42,511,0,1044.5,0.00837099,218
n$r,nshr,n-sh-r,1,560.5,0,1125,0,1044.5,0,1125
ksf,ksf,k-s-f,1,560.5,28.81,476,0,1044.5,0.01471495,137
$fq,shfq,sh-f-q,1,560.5,6.35,566,0,1044.5,0.00016425,581
frj,frj,f-r-j,1,560.5,38.3,443,0,1044.5,0.00005802,598
xdE,xduE,kh-d-ʿ,0,1125.5,0,1125,0,1044.5,0,1125
rbH,rbuH,r-b-ḥ,0,1125.5,0,1125,0,1044.5,0,1125
rEd,ruEd,r-ʿ-d,0,1125.5,0,1125,0,1044.5,0,1125
brq,brq,b-r-q,0,1125.5,0,1125,0,1044.5,0,1125
SbE,uSbuE,ṣ-b-ʿ,0,1125.5,0,1125,0,1044.5,0,1125
xTf,xuTf,kh-ṭ-f,0,1125.5,0,1125,0,1044.5,0,1125
fr$,frsh,f-r-sh,0,1125.5,0,1125,0,1044.5,0,1125
sfk,sfk,s-f-k,0,1125.5,0,1125,0,1044.5,0,1125
rgd,rgd,r-gh-d,0,1125.5,0,1125,0,1044.5,0,1125
zll,zll,z-l-l,0,1125.5,0,1125,0,1044.5,0,1125
x$E,xshuE,kh-sh-ʿ,0,1125.5,0,1125,0,1044.5,0,1125
*bH,dhbuH,dh-b-ḥ,0,1125.5,0,1125,0,1044.5,0,1125
gmm,gmm,gh-m-m,0,1125.5,0,1125,0,1044.5,0,1125
slw,slw,s-l-w,0,1125.5,0,1125,0,1044.5,0,1125
HTT,uHuTuT,ḥ-ṭ-ṭ,0,1125.5,0,1125,0,1044.5,0,1125
rjz,rjz,r-j-z,0,1125.5,0,1125,0,1044.5,0,1125
bql,bql,b-q-l,0,1125.5,0,1125,0,1044.5,0,1125
qvA,qvuA,q-th-a,0,1125.5,0,1125,0,1044.5,0,1125
fwm,fwm,f-w-m,0,1125.5,0,1125,0,1044.5,0,1125
Eds,uEds,ʿ-d-s,0,1125.5,0,1125,0,1044.5,0,1125
bSl,buSl,b-ṣ-l,0,1125.5,0,1125,0,1044.5,0,1125
mSr,muSr,m-ṣ-r,0,1125.5,0,1125,0,1044.5,0,1125
SbA,uSbuA,ṣ-b-a,0,1125.5,0,1125,0,1044.5,0,1125
Twr,uTwr,ṭ-w-r,0,1125.5,0,1125,0,1044.5,0,1125
sbt,sbt,s-b-t,0,1125.5,0,1125,0,1044.5,0,1125
qrd,qrd,q-r-d,0,1125.5,0,1125,0,1044.5,0,1125
xsA,xsuA,kh-s-a,0,1125.5,0,1125,0,1044.5,0,1125
nkl,nkl,n-k-l,0,1125.5,0,1125,0,1044.5,0,1125
Sfr,uSfr,ṣ-f-r,0,1125.5,0,1125,0,1044.5,0,1125
fqE,fquE,f-q-ʿ,0,1125.5,0,1125,0,1044.5,0,1125
vwr,vwr,th-w-r,0,1125.5,0,1125,0,1044.5,0,1125
w$y,wshy,w-sh-y,0,1125.5,0,1125,0,1044.5,0,1125
drA,druA,d-r-a,0,1125.5,0,1125,0,1044.5,0,1125
TmE,uTmuE,ṭ-m-ʿ,0,1125.5,0,1125,0,1044.5,0,1125
Asr,uAsr,a-s-r,0,1125.5,0,1125,0,1044.5,0,1125
qfw,qfw,q-f-w,0,1125.5,0,1125,0,1044.5,0,1125
glf,glf,gh-l-f,0,1125.5,0,1125,0,1044.5,0,1125
HrS,uHruS,ḥ-r-ṣ,0,1125.5,0,1125,0,1044.5,0,1125
zHzH,zuHzuH,z-ḥ-z-ḥ,0,1125.5,0,1125,0,1044.5,0,1125
nb*,nbdh,n-b-dh,0,1125.5,0,1125,0,1044.5,0,1125
xSS,xuSuS,kh-ṣ-ṣ,0,1125.5,0,1125,0,1044.5,0,1125
nsx,nsx,n-s-kh,0,1125.5,0,1125,0,1044.5,0,1125
Hsd,uHsd,ḥ-s-d,0,1125.5,0,1125,0,1044.5,0,1125
SfH,uSfuH,ṣ-f-ḥ,0,1125.5,0,1125,0,1044.5,0,1125
hAt,huAt,h-a-t,0,1125.5,0,1125,0,1044.5,0,1125
brhn,brhn,b-r-h-n,0,1125.5,0,1125,0,1044.5,0,1125
xrb,xrb,kh-r-b,0,1125.5,0,1125,0,1044.5,0,1125
bdE,bduE,b-d-ʿ,0,1125.5,0,1125,0,1044.5,0,1125
nsk,nsk,n-s-k,0,1125.5,0,1125,0,1044.5,0,1125
rgb,rgb,r-gh-b,0,1125.5,0,1125,0,1044.5,0,1125
sbT,sbuT,s-b-ṭ,0,1125.5,0,1125,0,1044.5,0,1125
Sbg,uSbg,ṣ-b-gh,0,1125.5,0,1125,0,1044.5,0,1125
wsT,wsuT,w-s-ṭ,0,1125.5,0,1125,0,1044.5,0,1125
$Tr,shuTr,sh-ṭ-r,0,1125.5,0,1125,0,1044.5,0,1125
jwE,jwuE,j-w-ʿ,0,1125.5,0,1125,0,1044.5,0,1125
nqS,nquS,n-q-ṣ,0,1125.5,0,1125,0,1044.5,0,1125
sbb,sbb,s-b-b,0,1125.5,0,1125,0,1044.5,0,1125
krr,krr,k-r-r,0,1125.5,0,1125,0,1044.5,0,1125
xTw,xuTw,kh-ṭ-w,0,1125.5,0,1125,0,1044.5,0,1125
lfw,lfw,l-f-w,0,1125.5,0,1125,0,1044.5,0,1125
nEq,nuEq,n-ʿ-q,0,1125.5,0,1125,0,1044.5,0,1125
jnf,jnf,j-n-f,0,1125.5,0,1125,0,1044.5,0,1125
Twq,uTwq,ṭ-w-q,0,1125.5,0,1125,0,1044.5,0,1125
kml,kml,k-m-l,0,1125.5,0,1125,0,1044.5,0,1125
rfv,rfv,r-f-th,0,1125.5,0,1125,0,1044.5,0,1125
xyT,xyuT,kh-y-ṭ,0,1125.5,0,1125,0,1044.5,0,1125
swd,swd,s-w-d,0,1125.5,0,1125,0,1044.5,0,1125
dlw,dlw,d-l-w,0,1125.5,0,1125,0,1044.5,0,1125
vqf,vqf,th-q-f,0,1125.5,0,1125,0,1044.5,0,1125
Hlq,uHlq,ḥ-l-q,0,1125.5,0,1125,0,1044.5,0,1125
zwd,zwd,z-w-d,0,1125.5,0,1125,0,1044.5,0,1125
ldd,ldd,l-d-d,0,1125.5,0,1125,0,1044.5,0,1125
nsl,nsl,n-s-l,0,1125.5,0,1125,0,1044.5,0,1125
zlzl,zlzl,z-l-z-l,0,1125.5,0,1125,0,1044.5,0,1125
xmr,xmr,kh-m-r,0,1125.5,0,1125,0,1044.5,0,1125
xlT,xluT,kh-l-ṭ,0,1125.5,0,1125,0,1044.5,0,1125
Ent,uEnt,ʿ-n-t,0,1125.5,0,1125,0,1044.5,0,1125
Amw,uAmw,a-m-w,0,1125.5,0,1125,0,1044.5,0,1125
HyD,uHyuD,ḥ-y-ḍ,0,1125.5,0,1125,0,1044.5,0,1125
bEl,buEl,b-ʿ-l,0,1125.5,0,1125,0,1044.5,0,1125
srH,sruH,s-r-ḥ,0,1125.5,0,1125,0,1044.5,0,1125
EDl,uEuDl,ʿ-ḍ-l,0,1125.5,0,1125,0,1044.5,0,1125
rDE,ruDuE,r-ḍ-ʿ,0,1125.5,0,1125,0,1044.5,0,1125
$wr,shwr,sh-w-r,0,1125.5,0,1125,0,1044.5,0,1125
knn,knn,k-n-n,0,1125.5,0,1125,0,1044.5,0,1125
qtr,qtr,q-t-r,0,1125.5,0,1125,0,1044.5,0,1125
qbD,qbuD,q-b-ḍ,0,1125.5,0,1125,0,1044.5,0,1125
jsm,jsm,j-s-m,0,1125.5,0,1125,0,1044.5,0,1125
grf,grf,gh-r-f,0,1125.5,0,1125,0,1044.5,0,1125
jwz,jwz,j-w-z,0,1125.5,0,1125,0,1044.5,0,1125
frg,frg,f-r-gh,0,1125.5,0,1125,0,1044.5,0,1125
hzm,hzm,h-z-m,0,1125.5,0,1125,0,1044.5,0,1125
wsn,wsn,w-s-n,0,1125.5,0,1125,0,1044.5,0,1125
nwm,nwm,n-w-m,0,1125.5,0,1125,0,1044.5,0,1125
krs,krs,k-r-s,0,1125.5,0,1125,0,1044.5,0,1125
Awd,uAwd,a-w-d,0,1125.5,0,1125,0,1044.5,0,1125
Erw,uErw,ʿ-r-w,0,1125.5,0,1125,0,1044.5,0,1125
fSm,fuSm,f-ṣ-m,0,1125.5,0,1125,0,1044.5,0,1125
bht,bht,b-h-t,0,1125.5,0,1125,0,1044.5,0,1125
xwy,xwy,kh-w-y,0,1125.5,0,1125,0,1044.5,0,1125
mAy,muAy,m-a-y,0,1125.5,0,1125,0,1044.5,0,1125
Ewm,uEwm,ʿ-w-m,0,1125.5,0,1125,0,1044.5,0,1125
snh,snh,s-n-h,0,1125.5,0,1125,0,1044.5,0,1125
Hmr,uHmr,ḥ-m-r,0,1125.5,0,1125,0,1044.5,0,1125
n$z,nshz,n-sh-z,0,1125.5,0,1125,0,1044.5,0,1125
jzA,jzuA,j-z-a,0,1125.5,0,1125,0,1044.5,0,1125
snbl,snbl,s-n-b-l,0,1125.5,0,1125,0,1044.5,0,1125
wbl,wbl,w-b-l,0,1125.5,0,1125,0,1044.5,0,1125
Sld,uSld,ṣ-l-d,0,1125.5,0,1125,0,1044.5,0,1125
Tll,uTll,ṭ-l-l,0,1125.5,0,1125,0,1044.5,0,1125
ESr,uEuSr,ʿ-ṣ-r,0,1125.5,0,1125,0,1044.5,0,1125
ymm,ymm,y-m-m,0,1125.5,0,1125,0,1044.5,0,1125
gmD,gmuD,gh-m-ḍ,0,1125.5,0,1125,0,1044.5,0,1125
Eff,uEff,ʿ-f-f,0,1125.5,0,1125,0,1044.5,0,1125
lHf,luHf,l-ḥ-f,0,1125.5,0,1125,0,1044.5,0,1125
xbT,xbuT,kh-b-ṭ,0,1125.5,0,1125,0,1044.5,0,1125
slf,slf,s-l-f,0,1125.5,0,1125,0,1044.5,0,1125
mHq,muHq,m-ḥ-q,0,1125.5,0,1125,0,1044.5,0,1125
bxs,bxs,b-kh-s,0,1125.5,0,1125,0,1044.5,0,1125
sAm,suAm,s-a-m,0,1125.5,0,1125,0,1044.5,0,1125
rhn,rhn,r-h-n,0,1125.5,0,1125,0,1044.5,0,1125
ASr,uAuSr,a-ṣ-r,0,1125.5,0,1125,0,1044.5,0,1125
rsx,rsx,r-s-kh,0,1125.5,0,1125,0,1044.5,0,1125
dAb,duAb,d-a-b,0,1125.5,0,1125,0,1044.5,0,1125
Ebr,uEbr,ʿ-b-r,0,1125.5,0,1125,0,1044.5,0,1125
$hw,shhw,sh-h-w,0,1125.5,0,1125,0,1044.5,0,1125
qnTr,qnuTr,q-n-ṭ-r,0,1125.5,0,1125,0,1044.5,0,1125
Amd,uAmd,a-m-d,0,1125.5,0,1125,0,1044.5,0,1125
kfl,kfl,k-f-l,0,1125.5,0,1125,0,1044.5,0,1125
Eqr,uEqr,ʿ-q-r,0,1125.5,0,1125,0,1044.5,0,1125
rmz,rmz,r-m-z,0,1125.5,0,1125,0,1044.5,0,1125
E$w,uEshw,ʿ-sh-w,0,1125.5,0,1125,0,1044.5,0,1125
qlm,qlm,q-l-m,0,1125.5,0,1125,0,1044.5,0,1125
khl,khl,k-h-l,0,1125.5,0,1125,0,1044.5,0,1125
hyA,hyuA,h-y-a,0,1125.5,0,1125,0,1044.5,0,1125
kmh,kmh,k-m-h,0,1125.5,0,1125,0,1044.5,0,1125
brS,bruS,b-r-ṣ,0,1125.5,0,1125,0,1044.5,0,1125
*xr,dhxr,dh-kh-r,0,1125.5,0,1125,0,1044.5,0,1125
Hss,uHss,ḥ-s-s,0,1125.5,0,1125,0,1044.5,0,1125
bhl,bhl,b-h-l,0,1125.5,0,1125,0,1044.5,0,1125
dnr,dnr,d-n-r,0,1125.5,0,1125,0,1044.5,0,1125
dwm,dwm,d-w-m,0,1125.5,0,1125,0,1044.5,0,1125
Hbl,uHbl,ḥ-b-l,0,1125.5,0,1125,0,1044.5,0,1125
$fw,shfw,sh-f-w,0,1125.5,0,1125,0,1044.5,0,1125
Hfr,uHfr,ḥ-f-r,0,1125.5,0,1125,0,1044.5,0,1125
nq*,nqdh,n-q-dh,0,1125.5,0,1125,0,1044.5,0,1125
Srr,uSrr,ṣ-r-r,0,1125.5,0,1125,0,1044.5,0,1125
xbl,xbl,kh-b-l,0,1125.5,0,1125,0,1044.5,0,1125
EDD,uEuDuD,ʿ-ḍ-ḍ,0,1125.5,0,1125,0,1044.5,0,1125
nml,nml,n-m-l,0,1125.5,0,1125,0,1044.5,0,1125
f$l,fshl,f-sh-l,0,1125.5,0,1125,0,1044.5,0,1125
fwr,fwr,f-w-r,0,1125.5,0,1125,0,1044.5,0,1125
Trf,uTrf,ṭ-r-f,0,1125.5,0,1125,0,1044.5,0,1125
kbt,kbt,k-b-t,0,1125.5,0,1125,0,1044.5,0,1125
xyb,xyb,kh-y-b,0,1125.5,0,1125,0,1044.5,0,1125
kZm,kuZm,k-ẓ-m,0,1125.5,0,1125,0,1044.5,0,1125
qrH,qruH,q-r-ḥ,0,1125.5,0,1125,0,1044.5,0,1125
dwl,dwl,d-w-l,0,1125.5,0,1125,0,1044.5,0,1125
mHS,muHuS,m-ḥ-ṣ,0,1125.5,0,1125,0,1044.5,0,1125
kyn,kyn,k-y-n,0,1125.5,0,1125,0,1044.5,0,1125
fwt,fwt,f-w-t,0,1125.5,0,1125,0,1044.5,0,1125
nEs,nuEs,n-ʿ-s,0,1125.5,0,1125,0,1044.5,0,1125
DjE,uDjuE,ḍ-j-ʿ,0,1125.5,0,1125,0,1044.5,0,1125
gzw,gzw,gh-z-w,0,1125.5,0,1125,0,1044.5,0,1125
lyn,lyn,l-y-n,0,1125.5,0,1125,0,1044.5,0,1125
fZZ,fuZuZ,f-ẓ-ẓ,0,1125.5,0,1125,0,1044.5,0,1125
x*l,xdhl,kh-dh-l,0,1125.5,0,1125,0,1044.5,0,1125
sxT,sxuT,s-kh-ṭ,0,1125.5,0,1125,0,1044.5,0,1125
lHq,luHq,l-ḥ-q,0,1125.5,0,1125,0,1044.5,0,1125
mlw,mlw,m-l-w,0,1125.5,0,1125,0,1044.5,0,1125
myz,myz,m-y-z,0,1125.5,0,1125,0,1044.5,0,1125
bxl,bxl,b-kh-l,0,1125.5,0,1125,0,1044.5,0,1125
rbT,rbuT,r-b-ṭ,0,1125.5,0,1125,0,1044.5,0,1125
Hwb,uHwb,ḥ-w-b,0,1125.5,0,1125,0,1044.5,0,1125
Ewl,uEwl,ʿ-w-l,0,1125.5,0,1125,0,1044.5,0,1125
nHl,nuHl,n-ḥ-l,0,1125.5,0,1125,0,1044.5,0,1125
hnA,hnuA,h-n-a,0,1125.5,0,1125,0,1044.5,0,1125
bdr,bdr,b-d-r,0,1125.5,0,1125,0,1044.5,0,1125
sdd,sdd,s-d-d,0,1125.5,0,1125,0,1044.5,0,1125
sEr,suEr,s-ʿ-r,0,1125.5,0,1125,0,1044.5,0,1125
sds,sds,s-d-s,0,1125.5,0,1125,0,1044.5,0,1125
fDw,fuDw,f-ḍ-w,0,1125.5,0,1125,0,1044.5,0,1125
mqt,mqt,m-q-t,0,1125.5,0,1125,0,1044.5,0,1125
Emm,uEmm,ʿ-m-m,0,1125.5,0,1125,0,1044.5,0,1125
xwl,xwl,kh-w-l,0,1125.5,0,1125,0,1044.5,0,1125
sfH,sfuH,s-f-ḥ,0,1125.5,0,1125,0,1044.5,0,1125
Twl,uTwl,ṭ-w-l,0,1125.5,0,1125,0,1044.5,0,1125
xdn,xdn,kh-d-n,0,1125.5,0,1125,0,1044.5,0,1125
myl,myl,m-y-l,0,1125.5,0,1125,0,1044.5,0,1125
wfq,wfq,w-f-q,0,1125.5,0,1125,0,1044.5,0,1125
fxr,fxr,f-kh-r,0,1125.5,0,1125,0,1044.5,0,1125
skr,skr,s-k-r,0,1125.5,0,1125,0,1044.5,0,1125
gsl,gsl,gh-s-l,0,1125.5,0,1125,0,1044.5,0,1125
gwT,gwuT,gh-w-ṭ,0,1125.5,0,1125,0,1044.5,0,1125
lms,lms,l-m-s,0,1125.5,0,1125,0,1044.5,0,1125
msH,msuH,m-s-ḥ,0,1125.5,0,1125,0,1044.5,0,1125
TEn,uTuEn,ṭ-ʿ-n,0,1125.5,0,1125,0,1044.5,0,1125
Tms,uTms,ṭ-m-s,0,1125.5,0,1125,0,1044.5,0,1125
ftl,ftl,f-t-l,0,1125.5,0,1125,0,1044.5,0,1125
jbt,jbt,j-b-t,0,1125.5,0,1125,0,1044.5,0,1125
nqr,nqr,n-q-r,0,1125.5,0,1125,0,1044.5,0,1125
nDj,nuDj,n-ḍ-j,0,1125.5,0,1125,0,1044.5,0,1125
rfq,rfq,r-f-q,0,1125.5,0,1125,0,1044.5,0,1125
vby,vby,th-b-y,0,1125.5,0,1125,0,1044.5,0,1125
bTA,buTuA,b-ṭ-a,0,1125.5,0,1125,0,1044.5,0,1125
drk,drk,d-r-k,0,1125.5,0,1125,0,1044.5,0,1125
brj,brj,b-r-j,0,1125.5,0,1125,0,1044.5,0,1125
$yd,shyd,sh-y-d,0,1125.5,0,1125,0,1044.5,0,1125
*yE,dhyuE,dh-y-ʿ,0,1125.5,0,1125,0,1044.5,0,1125
nbT,nbuT,n-b-ṭ,0,1125.5,0,1125,0,1044.5,0,1125
HrD,uHruD,ḥ-r-ḍ,0,1125.5,0,1125,0,1044.5,0,1125
qwt,qwt,q-w-t,0,1125.5,0,1125,0,1044.5,0,1125
rks,rks,r-k-s,0,1125.5,0,1125,0,1044.5,0,1125
wdy,wdy,w-d-y,0,1125.5,0,1125,0,1044.5,0,1125
Emd,uEmd,ʿ-m-d,0,1125.5,0,1125,0,1044.5,0,1125
rgm,rgm,r-gh-m,0,1125.5,0,1125,0,1044.5,0,1125
wqE,wquE,w-q-ʿ,0,1125.5,0,1125,0,1044.5,0,1125
qSr,quSr,q-ṣ-r,0,1125.5,0,1125,0,1044.5,0,1125
slH,sluH,s-l-ḥ,0,1125.5,0,1125,0,1044.5,0,1125
mTr,muTr,m-ṭ-r,0,1125.5,0,1125,0,1044.5,0,1125
rmy,rmy,r-m-y,0,1125.5,0,1125,0,1044.5,0,1125
mrd,mrd,m-r-d,0,1125.5,0,1125,0,1044.5,0,1125
btk,btk,b-t-k,0,1125.5,0,1125,0,1044.5,0,1125
HyS,uHyuS,ḥ-y-ṣ,0,1125.5,0,1125,0,1044.5,0,1125
$HH,shuHuH,sh-ḥ-ḥ,0,1125.5,0,1125,0,1044.5,0,1125
Hw*,uHwdh,ḥ-w-dh,0,1125.5,0,1125,0,1044.5,0,1125
ksl,ksl,k-s-l,0,1125.5,0,1125,0,1044.5,0,1125
*b*b,dhbdhb,dh-b-dh-b,0,1125.5,0,1125,0,1044.5,0,1125
Trq,uTrq,ṭ-r-q,0,1125.5,0,1125,0,1044.5,0,1125
glw,glw,gh-l-w,0,1125.5,0,1125,0,1044.5,0,1125
nkf,nkf,n-k-f,0,1125.5,0,1125,0,1044.5,0,1125
bhm,bhm,b-h-m,0,1125.5,0,1125,0,1044.5,0,1125
qld,qld,q-l-d,0,1125.5,0,1125,0,1044.5,0,1125
$nA,shnuA,sh-n-a,0,1125.5,0,1125,0,1044.5,0,1125
xnq,xnq,kh-n-q,0,1125.5,0,1125,0,1044.5,0,1125
wq*,wqdh,w-q-dh,0,1125.5,0,1125,0,1044.5,0,1125
rdy,rdy,r-d-y,0,1125.5,0,1125,0,1044.5,0,1125
nTH,nuTuH,n-ṭ-ḥ,0,1125.5,0,1125,0,1044.5,0,1125
*kw,dhkw,dh-k-w,0,1125.5,0,1125,0,1044.5,0,1125
zlm,zlm,z-l-m,0,1125.5,0,1125,0,1044.5,0,1125
xmS,xmuS,kh-m-ṣ,0,1125.5,0,1125,0,1044.5,0,1125
jrH,jruH,j-r-ḥ,0,1125.5,0,1125,0,1044.5,0,1125
klb,klb,k-l-b,0,1125.5,0,1125,0,1044.5,0,1125
kEb,kuEb,k-ʿ-b,0,1125.5,0,1125,0,1044.5,0,1125
nqb,nqb,n-q-b,0,1125.5,0,1125,0,1044.5,0,1125
Ezr,uEzr,ʿ-z-r,0,1125.5,0,1125,0,1044.5,0,1125
grw,grw,gh-r-w,0,1125.5,0,1125,0,1044.5,0,1125
ftr,ftr,f-t-r,0,1125.5,0,1125,0,1044.5,0,1125
jbr,jbr,j-b-r,0,1125.5,0,1125,0,1044.5,0,1125
tyh,tyh,t-y-h,0,1125.5,0,1125,0,1044.5,0,1125
Asw,uAsw,a-s-w,0,1125.5,0,1125,0,1044.5,0,1125
bHv,buHv,b-ḥ-th,0,1125.5,0,1125,0,1044.5,0,1125
nfy,nfy,n-f-y,0,1125.5,0,1125,0,1044.5,0,1125
wsl,wsl,w-s-l,0,1125.5,0,1125,0,1044.5,0,1125
srq,srq,s-r-q,0,1125.5,0,1125,0,1044.5,0,1125
sHt,suHt,s-ḥ-t,0,1125.5,0,1125,0,1044.5,0,1125
Hbr,uHbr,ḥ-b-r,0,1125.5,0,1125,0,1044.5,0,1125
Anf,uAnf,a-n-f,0,1125.5,0,1125,0,1044.5,0,1125
hmn,hmn,h-m-n,0,1125.5,0,1125,0,1044.5,0,1125
$rE,shruE,sh-r-ʿ,0,1125.5,0,1125,0,1044.5,0,1125
nhj,nhj,n-h-j,0,1125.5,0,1125,0,1044.5,0,1125
lwm,lwm,l-w-m,0,1125.5,0,1125,0,1044.5,0,1125
TfA,uTfuA,ṭ-f-a,0,1125.5,0,1125,0,1044.5,0,1125
qSd,quSd,q-ṣ-d,0,1125.5,0,1125,0,1044.5,0,1125
qss,qss,q-s-s,0,1125.5,0,1125,0,1044.5,0,1125
dmE,dmuE,d-m-ʿ,0,1125.5,0,1125,0,1044.5,0,1125
rmH,rmuH,r-m-ḥ,0,1125.5,0,1125,0,1044.5,0,1125
syb,syb,s-y-b,0,1125.5,0,1125,0,1044.5,0,1125
Hmy,uHmy,ḥ-m-y,0,1125.5,0,1125,0,1044.5,0,1125
Hbs,uHbs,ḥ-b-s,0,1125.5,0,1125,0,1044.5,0,1125
Evr,uEvr,ʿ-th-r,0,1125.5,0,1125,0,1044.5,0,1125
myd,myd,m-y-d,0,1125.5,0,1125,0,1044.5,0,1125
drr,drr,d-r-r,0,1125.5,0,1125,0,1044.5,0,1125
qrTs,qruTs,q-r-ṭ-s,0,1125.5,0,1125,0,1044.5,0,1125
nAy,nuAy,n-a-y,0,1125.5,0,1125,0,1044.5,0,1125
wqf,wqf,w-q-f,0,1125.5,0,1125,0,1044.5,0,1125
frT,fruT,f-r-ṭ,0,1125.5,0,1125,0,1044.5,0,1125
DrE,uDruE,ḍ-r-ʿ,0,1125.5,0,1125,0,1044.5,0,1125
bls,bls,b-l-s,0,1125.5,0,1125,0,1044.5,0,1125
Sdf,uSdf,ṣ-d-f,0,1125.5,0,1125,0,1044.5,0,1125
Trd,uTrd,ṭ-r-d,0,1125.5,0,1125,0,1044.5,0,1125
sqT,squT,s-q-ṭ,0,1125.5,0,1125,0,1044.5,0,1125
wrq,wrq,w-r-q,0,1125.5,0,1125,0,1044.5,0,1125
rTb,ruTb,r-ṭ-b,0,1125.5,0,1125,0,1044.5,0,1125
ybs,ybs,y-b-s,0,1125.5,0,1125,0,1044.5,0,1125
krb,krb,k-r-b,0,1125.5,0,1125,0,1044.5,0,1125
$yE,shyuE,sh-y-ʿ,0,1125.5,0,1125,0,1044.5,0,1125
bsl,bsl,b-s-l,0,1125.5,0,1125,0,1044.5,0,1125
Hmm,uHmm,ḥ-m-m,0,1125.5,0,1125,0,1044.5,0,1125
Hyr,uHyr,ḥ-y-r,0,1125.5,0,1125,0,1044.5,0,1125
Snm,uSnm,ṣ-n-m,0,1125.5,0,1125,0,1044.5,0,1125
kwkb,kwkb,k-w-k-b,0,1125.5,0,1125,0,1044.5,0,1125
Afl,uAfl,a-f-l,0,1125.5,0,1125,0,1044.5,0,1125
bzg,bzg,b-z-gh,0,1125.5,0,1125,0,1044.5,0,1125
qdw,qdw,q-d-w,0,1125.5,0,1125,0,1044.5,0,1125
gmr,gmr,gh-m-r,0,1125.5,0,1125,0,1044.5,0,1125
frd,frd,f-r-d,0,1125.5,0,1125,0,1044.5,0,1125
flq,flq,f-l-q,0,1125.5,0,1125,0,1044.5,0,1125
nwy,nwy,n-w-y,0,1125.5,0,1125,0,1044.5,0,1125
njm,njm,n-j-m,0,1125.5,0,1125,0,1044.5,0,1125
wdE,wduE,w-d-ʿ,0,1125.5,0,1125,0,1044.5,0,1125
xDr,xuDr,kh-ḍ-r,0,1125.5,0,1125,0,1044.5,0,1125
qnw,qnw,q-n-w,0,1125.5,0,1125,0,1044.5,0,1125
zyt,zyt,z-y-t,0,1125.5,0,1125,0,1044.5,0,1125
rmn,rmn,r-m-n,0,1125.5,0,1125,0,1044.5,0,1125
ynE,ynuE,y-n-ʿ,0,1125.5,0,1125,0,1044.5,0,1125
xrq,xrq,kh-r-q,0,1125.5,0,1125,0,1044.5,0,1125
zxrf,zxrf,z-kh-r-f,0,1125.5,0,1125,0,1044.5,0,1125
Sgw,uSgw,ṣ-gh-w,0,1125.5,0,1125,0,1044.5,0,1125
qrf,qrf,q-r-f,0,1125.5,0,1125,0,1044.5,0,1125
xrS,xruS,kh-r-ṣ,0,1125.5,0,1125,0,1044.5,0,1125
*rA,dhruA,dh-r-a,0,1125.5,0,1125,0,1044.5,0,1125
HSd,uHuSd,ḥ-ṣ-d,0,1125.5,0,1125,0,1044.5,0,1125
DAn,uDuAn,ḍ-a-n,0,1125.5,0,1125,0,1044.5,0,1125
mEz,muEz,m-ʿ-z,0,1125.5,0,1125,0,1044.5,0,1125
Abl,uAbl,a-b-l,0,1125.5,0,1125,0,1044.5,0,1125
Zfr,uZfr,ẓ-f-r,0,1125.5,0,1125,0,1044.5,0,1125
$Hm,shuHm,sh-ḥ-m,0,1125.5,0,1125,0,1044.5,0,1125
Hwy,uHwy,ḥ-w-y,0,1125.5,0,1125,0,1044.5,0,1125
lmm,lmm,l-m-m,0,1125.5,0,1125,0,1044.5,0,1125
mlq,mlq,m-l-q,0,1125.5,0,1125,0,1044.5,0,1125
qyl,qyl,q-y-l,0,1125.5,0,1125,0,1044.5,0,1125
Ey$,uEysh,ʿ-y-sh,0,1125.5,0,1125,0,1044.5,0,1125
*Am,dhuAm,dh-a-m,0,1125.5,0,1125,0,1044.5,0,1125
dHr,duHr,d-ḥ-r,0,1125.5,0,1125,0,1044.5,0,1125
wsws,wsws,w-s-w-s,0,1125.5,0,1125,0,1044.5,0,1125
Tfq,uTfq,ṭ-f-q,0,1125.5,0,1125,0,1044.5,0,1125
xSf,xuSf,kh-ṣ-f,0,1125.5,0,1125,0,1044.5,0,1125
ry$,rysh,r-y-sh,0,1125.5,0,1125,0,1044.5,0,1125
smm,smm,s-m-m,0,1125.5,0,1125,0,1044.5,0,1125
Hjb,uHjb,ḥ-j-b,0,1125.5,0,1125,0,1044.5,0,1125
Tlb,uTlb,ṭ-l-b,0,1125.5,0,1125,0,1044.5,0,1125
Hvv,uHvv,ḥ-th-th,0,1125.5,0,1125,0,1044.5,0,1125
nkd,nkd,n-k-d,0,1125.5,0,1125,0,1044.5,0,1125
nwq,nwq,n-w-q,0,1125.5,0,1125,0,1044.5,0,1125
shl,shl,s-h-l,0,1125.5,0,1125,0,1044.5,0,1125
nHt,nuHt,n-ḥ-t,0,1125.5,0,1125,0,1044.5,0,1125
rjf,rjf,r-j-f,0,1125.5,0,1125,0,1044.5,0,1125
DHw,uDuHw,ḍ-ḥ-w,0,1125.5,0,1125,0,1044.5,0,1125
vEb,vuEb,th-ʿ-b,0,1125.5,0,1125,0,1044.5,0,1125
lqf,lqf,l-q-f,0,1125.5,0,1125,0,1044.5,0,1125
jrd,jrd,j-r-d,0,1125.5,0,1125,0,1044.5,0,1125
qml,qml,q-m-l,0,1125.5,0,1125,0,1044.5,0,1125
DfdE,uDfduE,ḍ-f-d-ʿ,0,1125.5,0,1125,0,1044.5,0,1125
nkv,nkv,n-k-th,0,1125.5,0,1125,0,1044.5,0,1125
dmr,dmr,d-m-r,0,1125.5,0,1125,0,1044.5,0,1125
tbr,tbr,t-b-r,0,1125.5,0,1125,0,1044.5,0,1125
jlw,jlw,j-l-w,0,1125.5,0,1125,0,1044.5,0,1125
dkk,dkk,d-k-k,0,1125.5,0,1125,0,1044.5,0,1125
lwH,lwuH,l-w-ḥ,0,1125.5,0,1125,0,1044.5,0,1125
jsd,jsd,j-s-d,0,1125.5,0,1125,0,1044.5,0,1125
xwr,xwr,kh-w-r,0,1125.5,0,1125,0,1044.5,0,1125
Asf,uAsf,a-s-f,0,1125.5,0,1125,0,1044.5,0,1125
jrr,jrr,j-r-r,0,1125.5,0,1125,0,1044.5,0,1125
$mt,shmt,sh-m-t,0,1125.5,0,1125,0,1044.5,0,1125
skt,skt,s-k-t,0,1125.5,0,1125,0,1044.5,0,1125
bjs,bjs,b-j-s,0,1125.5,0,1125,0,1044.5,0,1125
Hwt,uHwt,ḥ-w-t,0,1125.5,0,1125,0,1044.5,0,1125
E*r,uEdhr,ʿ-dh-r,0,1125.5,0,1125,0,1044.5,0,1125
ntq,ntq,n-t-q,0,1125.5,0,1125,0,1044.5,0,1125
slx,slx,s-l-kh,0,1125.5,0,1125,0,1044.5,0,1125
lhv,lhv,l-h-th,0,1125.5,0,1125,0,1044.5,0,1125
lHd,luHd,l-ḥ-d,0,1125.5,0,1125,0,1044.5,0,1125
mtn,mtn,m-t-n,0,1125.5,0,1125,0,1044.5,0,1125
Hfw,uHfw,ḥ-f-w,0,1125.5,0,1125,0,1044.5,0,1125
Smt,uSmt,ṣ-m-t,0,1125.5,0,1125,0,1044.5,0,1125
bT$,buTsh,b-ṭ-sh,0,1125.5,0,1125,0,1044.5,0,1125
nzg,nzg,n-z-gh,0,1125.5,0,1125,0,1044.5,0,1125
nSt,nuSt,n-ṣ-t,0,1125.5,0,1125,0,1044.5,0,1125
nfl,nfl,n-f-l,0,1125.5,0,1125,0,1044.5,0,1125
wjl,wjl,w-j-l,0,1125.5,0,1125,0,1044.5,0,1125
$wk,shwk,sh-w-k,0,1125.5,0,1125,0,1044.5,0,1125
gwv,gwv,gh-w-th,0,1125.5,0,1125,0,1044.5,0,1125
rdf,rdf,r-d-f,0,1125.5,0,1125,0,1044.5,0,1125
bnn,bnn,b-n-n,0,1125.5,0,1125,0,1044.5,0,1125
zHf,zuHf,z-ḥ-f,0,1125.5,0,1125,0,1044.5,0,1125
Hwz,uHwz,ḥ-w-z,0,1125.5,0,1125,0,1044.5,0,1125
mkw,mkw,m-k-w,0,1125.5,0,1125,0,1044.5,0,1125
Sdy,uSdy,ṣ-d-y,0,1125.5,0,1125,0,1044.5,0,1125
rkm,rkm,r-k-m,0,1125.5,0,1125,0,1044.5,0,1125
mDy,muDy,m-ḍ-y,0,1125.5,0,1125,0,1044.5,0,1125
qSw,quSw,q-ṣ-w,0,1125.5,0,1125,0,1044.5,0,1125
bTr,buTr,b-ṭ-r,0,1125.5,0,1125,0,1044.5,0,1125
nkS,nkuS,n-k-ṣ,0,1125.5,0,1125,0,1044.5,0,1125
$rd,shrd,sh-r-d,0,1125.5,0,1125,0,1044.5,0,1125
vxn,vxn,th-kh-n,0,1125.5,0,1125,0,1044.5,0,1125
syH,syuH,s-y-ḥ,0,1125.5,0,1125,0,1044.5,0,1125
rSd,ruSd,r-ṣ-d,0,1125.5,0,1125,0,1044.5,0,1125
All,uAll,a-l-l,0,1125.5,0,1125,0,1044.5,0,1125
*mm,dhmm,dh-m-m,0,1125.5,0,1125,0,1044.5,0,1125
$fy,shfy,sh-f-y,0,1125.5,0,1125,0,1044.5,0,1125
ksd,ksd,k-s-d,0,1125.5,0,1125,0,1044.5,0,1125
wTn,wuTn,w-ṭ-n,0,1125.5,0,1125,0,1044.5,0,1125
rHb,ruHb,r-ḥ-b,0,1125.5,0,1125,0,1044.5,0,1125
njs,njs,n-j-s,0,1125.5,0,1125,0,1044.5,0,1125
Eyl,uEyl,ʿ-y-l,0,1125.5,0,1125,0,1044.5,0,1125
DhA,uDhuA,ḍ-h-a,0,1125.5,0,1125,0,1044.5,0,1125
knz,knz,k-n-z,0,1125.5,0,1125,0,1044.5,0,1125
kwy,kwy,k-w-y,0,1125.5,0,1125,0,1044.5,0,1125
jbh,jbh,j-b-h,0,1125.5,0,1125,0,1044.5,0,1125
nsA,nsuA,n-s-a,0,1125.5,0,1125,0,1044.5,0,1125
wTA,wuTuA,w-ṭ-a,0,1125.5,0,1125,0,1044.5,0,1125
gwr,gwr,gh-w-r,0,1125.5,0,1125,0,1044.5,0,1125
vbT,vbuT,th-b-ṭ,0,1125.5,0,1125,0,1044.5,0,1125
zhq,zhq,z-h-q,0,1125.5,0,1125,0,1044.5,0,1125
ljA,ljuA,l-j-a,0,1125.5,0,1125,0,1044.5,0,1125
jmH,jmuH,j-m-ḥ,0,1125.5,0,1125,0,1044.5,0,1125
lmz,lmz,l-m-z,0,1125.5,0,1125,0,1044.5,0,1125
grm,grm,gh-r-m,0,1125.5,0,1125,0,1044.5,0,1125
DHk,uDuHk,ḍ-ḥ-k,0,1125.5,0,1125,0,1044.5,0,1125
bky,bky,b-k-y,0,1125.5,0,1125,0,1044.5,0,1125
qbr,qbr,q-b-r,0,1125.5,0,1125,0,1044.5,0,1125
jdr,jdr,j-d-r,0,1125.5,0,1125,0,1044.5,0,1125
Ass,uAss,a-s-s,0,1125.5,0,1125,0,1044.5,0,1125
jrf,jrf,j-r-f,0,1125.5,0,1125,0,1044.5,0,1125
hwr,hwr,h-w-r,0,1125.5,0,1125,0,1044.5,0,1125
Awh,uAwh,a-w-h,0,1125.5,0,1125,0,1044.5,0,1125
ZmA,uZmuA,ẓ-m-a,0,1125.5,0,1125,0,1044.5,0,1125
ESf,uEuSf,ʿ-ṣ-f,0,1125.5,0,1125,0,1044.5,0,1125
mwj,mwj,m-w-j,0,1125.5,0,1125,0,1044.5,0,1125
rhq,rhq,r-h-q,0,1125.5,0,1125,0,1044.5,0,1125
$An,shuAn,sh-a-n,0,1125.5,0,1125,0,1044.5,0,1125
Ezb,uEzb,ʿ-z-b,0,1125.5,0,1125,0,1044.5,0,1125
lft,lft,l-f-t,0,1125.5,0,1125,0,1044.5,0,1125
bdn,bdn,b-d-n,0,1125.5,0,1125,0,1044.5,0,1125
xbt,xbt,kh-b-t,0,1125.5,0,1125,0,1044.5,0,1125
r*l,rdhl,r-dh-l,0,1125.5,0,1125,0,1044.5,0,1125
lzm,lzm,l-z-m,0,1125.5,0,1125,0,1044.5,0,1125
zry,zry,z-r-y,0,1125.5,0,1125,0,1044.5,0,1125
blE,bluE,b-l-ʿ,0,1125.5,0,1125,0,1044.5,0,1125
qlE,qluE,q-l-ʿ,0,1125.5,0,1125,0,1044.5,0,1125
gyD,gyuD,gh-y-ḍ,0,1125.5,0,1125,0,1044.5,0,1125
nSy,nuSy,n-ṣ-y,0,1125.5,0,1125,0,1044.5,0,1125
Hn*,uHndh,ḥ-n-dh,0,1125.5,0,1125,0,1044.5,0,1125
wjs,wjs,w-j-s,0,1125.5,0,1125,0,1044.5,0,1125
$yx,shyx,sh-y-kh,0,1125.5,0,1125,0,1044.5,0,1125
mjd,mjd,m-j-d,0,1125.5,0,1125,0,1044.5,0,1125
rwE,rwuE,r-w-ʿ,0,1125.5,0,1125,0,1044.5,0,1125
*rE,dhruE,dh-r-ʿ,0,1125.5,0,1125,0,1044.5,0,1125
ESb,uEuSb,ʿ-ṣ-b,0,1125.5,0,1125,0,1044.5,0,1125
hrE,hruE,h-r-ʿ,0,1125.5,0,1125,0,1044.5,0,1125
Dyf,uDyf,ḍ-y-f,0,1125.5,0,1125,0,1044.5,0,1125
rkn,rkn,r-k-n,0,1125.5,0,1125,0,1044.5,0,1125
sjl,sjl,s-j-l,0,1125.5,0,1125,0,1044.5,0,1125
nDd,nuDd,n-ḍ-d,0,1125.5,0,1125,0,1044.5,0,1125
rhT,rhuT,r-h-ṭ,0,1125.5,0,1125,0,1044.5,0,1125
wrd,wrd,w-r-d,0,1125.5,0,1125,0,1044.5,0,1125
rfd,rfd,r-f-d,0,1125.5,0,1125,0,1044.5,0,1125
tbb,tbb,t-b-b,0,1125.5,0,1125,0,1044.5,0,1125
$qw,shqw,sh-q-w,0,1125.5,0,1125,0,1044.5,0,1125
sEd,suEd,s-ʿ-d,0,1125.5,0,1125,0,1044.5,0,1125
zfr,zfr,z-f-r,0,1125.5,0,1125,0,1044.5,0,1125
$hq,shhq,sh-h-q,0,1125.5,0,1125,0,1044.5,0,1125
j**,jdhdh,j-dh-dh,0,1125.5,0,1125,0,1044.5,0,1125
zlf,zlf,z-l-f,0,1125.5,0,1125,0,1044.5,0,1125
trf,trf,t-r-f,0,1125.5,0,1125,0,1044.5,0,1125
TrH,uTruH,ṭ-r-ḥ,0,1125.5,0,1125,0,1044.5,0,1125
jbb,jbb,j-b-b,0,1125.5,0,1125,0,1044.5,0,1125
lqT,lquT,l-q-ṭ,0,1125.5,0,1125,0,1044.5,0,1125
rtE,rtuE,r-t-ʿ,0,1125.5,0,1125,0,1044.5,0,1125
*Ab,dhuAb,dh-a-b,0,1125.5,0,1125,0,1044.5,0,1125
qmS,qmuS,q-m-ṣ,0,1125.5,0,1125,0,1044.5,0,1125
swl,swl,s-w-l,0,1125.5,0,1125,0,1044.5,0,1125
drhm,drhm,d-r-h-m,0,1125.5,0,1125,0,1044.5,0,1125
zhd,zhd,z-h-d,0,1125.5,0,1125,0,1044.5,0,1125
glq,glq,gh-l-q,0,1125.5,0,1125,0,1044.5,0,1125
hyt,hyt,h-y-t,0,1125.5,0,1125,0,1044.5,0,1125
qdd,qdd,q-d-d,0,1125.5,0,1125,0,1044.5,0,1125
$gf,shgf,sh-gh-f,0,1125.5,0,1125,0,1044.5,0,1125
wkA,wkuA,w-k-a,0,1125.5,0,1125,0,1044.5,0,1125
Hw$,uHwsh,ḥ-w-sh,0,1125.5,0,1125,0,1044.5,0,1125
Sbw,uSbw,ṣ-b-w,0,1125.5,0,1125,0,1044.5,0,1125
xbz,xbz,kh-b-z,0,1125.5,0,1125,0,1044.5,0,1125
smn,smn,s-m-n,0,1125.5,0,1125,0,1044.5,0,1125
Ejf,uEjf,ʿ-j-f,0,1125.5,0,1125,0,1044.5,0,1125
Dgv,uDgv,ḍ-gh-th,0,1125.5,0,1125,0,1044.5,0,1125
gyv,gyv,gh-y-th,0,1125.5,0,1125,0,1044.5,0,1125
bwl,bwl,b-w-l,0,1125.5,0,1125,0,1044.5,0,1125
HSHS,uHuSuHuS,ḥ-ṣ-ḥ-ṣ,0,1125.5,0,1125,0,1044.5,0,1125
jhz,jhz,j-h-z,0,1125.5,0,1125,0,1044.5,0,1125
rHl,ruHl,r-ḥ-l,0,1125.5,0,1125,0,1044.5,0,1125
myr,myr,m-y-r,0,1125.5,0,1125,0,1044.5,0,1125
bEr,buEr,b-ʿ-r,0,1125.5,0,1125,0,1044.5,0,1125
Hwj,uHwj,ḥ-w-j,0,1125.5,0,1125,0,1044.5,0,1125
Eyr,uEyr,ʿ-y-r,0,1125.5,0,1125,0,1044.5,0,1125
fqd,fqd,f-q-d,0,1125.5,0,1125,0,1044.5,0,1125
SwE,uSwuE,ṣ-w-ʿ,0,1125.5,0,1125,0,1044.5,0,1125
wEy,wuEy,w-ʿ-y,0,1125.5,0,1125,0,1044.5,0,1125
brH,bruH,b-r-ḥ,0,1125.5,0,1125,0,1044.5,0,1125
ftA,ftuA,f-t-a,0,1125.5,0,1125,0,1044.5,0,1125
$kw,shkw,sh-k-w,0,1125.5,0,1125,0,1044.5,0,1125
zjw,zjw,z-j-w,0,1125.5,0,1125,0,1044.5,0,1125
vrb,vrb,th-r-b,0,1125.5,0,1125,0,1044.5,0,1125
fnd,fnd,f-n-d,0,1125.5,0,1125,0,1044.5,0,1125
Snw,uSnw,ṣ-n-w,0,1125.5,0,1125,0,1044.5,0,1125
srb,srb,s-r-b,0,1125.5,0,1125,0,1044.5,0,1125
mHl,muHl,m-ḥ-l,0,1125.5,0,1125,0,1044.5,0,1125
syl,syl,s-y-l,0,1125.5,0,1125,0,1044.5,0,1125
zbd,zbd,z-b-d,0,1125.5,0,1125,0,1044.5,0,1125
jfA,jfuA,j-f-a,0,1125.5,0,1125,0,1044.5,0,1125
mkv,mkv,m-k-th,0,1125.5,0,1125,0,1044.5,0,1125
qrE,qruE,q-r-ʿ,0,1125.5,0,1125,0,1044.5,0,1125
mHw,muHw,m-ḥ-w,0,1125.5,0,1125,0,1044.5,0,1125
jrE,jruE,j-r-ʿ,0,1125.5,0,1125,0,1044.5,0,1125
swg,swg,s-w-gh,0,1125.5,0,1125,0,1044.5,0,1125
rmd,rmd,r-m-d,0,1125.5,0,1125,0,1044.5,0,1125
jzE,jzuE,j-z-ʿ,0,1125.5,0,1125,0,1044.5,0,1125
Srx,uSrx,ṣ-r-kh,0,1125.5,0,1125,0,1044.5,0,1125
frE,fruE,f-r-ʿ,0,1125.5,0,1125,0,1044.5,0,1125
jvv,jvv,j-th-th,0,1125.5,0,1125,0,1044.5,0,1125
bwr,bwr,b-w-r,0,1125.5,0,1125,0,1044.5,0,1125
$xS,shxuS,sh-kh-ṣ,0,1125.5,0,1125,0,1044.5,0,1125
hTE,huTuE,h-ṭ-ʿ,0,1125.5,0,1125,0,1044.5,0,1125
qnE,qnuE,q-n-ʿ,0,1125.5,0,1125,0,1044.5,0,1125
zwl,zwl,z-w-l,0,1125.5,0,1125,0,1044.5,0,1125
Sfd,uSfd,ṣ-f-d,0,1125.5,0,1125,0,1044.5,0,1125
srbl,srbl,s-r-b-l,0,1125.5,0,1125,0,1044.5,0,1125
qTr,quTr,q-ṭ-r,0,1125.5,0,1125,0,1044.5,0,1125
Aml,uAml,a-m-l,0,1125.5,0,1125,0,1044.5,0,1125
slk,slk,s-l-k,0,1125.5,0,1125,0,1044.5,0,1125
Erj,uErj,ʿ-r-j,0,1125.5,0,1125,0,1044.5,0,1125
$hb,shhb,sh-h-b,0,1125.5,0,1125,0,1044.5,0,1125
lqH,lquH,l-q-ḥ,0,1125.5,0,1125,0,1044.5,0,1125
SlSl,uSluSl,ṣ-l-ṣ-l,0,1125.5,0,1125,0,1044.5,0,1125
HmA,uHmuA,ḥ-m-a,0,1125.5,0,1125,0,1044.5,0,1125
qnT,qnuT,q-n-ṭ,0,1125.5,0,1125,0,1044.5,0,1125
fDH,fuDuH,f-ḍ-ḥ,0,1125.5,0,1125,0,1044.5,0,1125
wsm,wsm,w-s-m,0,1125.5,0,1125,0,1044.5,0,1125
xfD,xfuD,kh-f-ḍ,0,1125.5,0,1125,0,1044.5,0,1125
EDw,uEuDw,ʿ-ḍ-w,0,1125.5,0,1125,0,1044.5,0,1125
SdE,uSduE,ṣ-d-ʿ,0,1125.5,0,1125,0,1044.5,0,1125
dfA,dfuA,d-f-a,0,1125.5,0,1125,0,1044.5,0,1125
bgl,bgl,b-gh-l,0,1125.5,0,1125,0,1044.5,0,1125
Trw,uTrw,ṭ-r-w,0,1125.5,0,1125,0,1044.5,0,1125
mxr,mxr,m-kh-r,0,1125.5,0,1125,0,1044.5,0,1125
sqf,sqf,s-q-f,0,1125.5,0,1125,0,1044.5,0,1125
dxr,dxr,d-kh-r,0,1125.5,0,1125,0,1044.5,0,1125
wSb,wuSb,w-ṣ-b,0,1125.5,0,1125,0,1044.5,0,1125
jAr,juAr,j-a-r,0,1125.5,0,1125,0,1044.5,0,1125
dss,dss,d-s-s,0,1125.5,0,1125,0,1044.5,0,1125
frv,frv,f-r-th,0,1125.5,0,1125,0,1044.5,0,1125
lbn,lbn,l-b-n,0,1125.5,0,1125,0,1044.5,0,1125
Hfd,uHfd,ḥ-f-d,0,1125.5,0,1125,0,1044.5,0,1125
lmH,lmuH,l-m-ḥ,0,1125.5,0,1125,0,1044.5,0,1125
jww,jww,j-w-w,0,1125.5,0,1125,0,1044.5,0,1125
ZEn,uZuEn,ẓ-ʿ-n,0,1125.5,0,1125,0,1044.5,0,1125
Swf,uSwf,ṣ-w-f,0,1125.5,0,1125,0,1044.5,0,1125
wbr,wbr,w-b-r,0,1125.5,0,1125,0,1044.5,0,1125
Avv,uAvv,a-th-th,0,1125.5,0,1125,0,1044.5,0,1125
Etb,uEtb,ʿ-t-b,0,1125.5,0,1125,0,1044.5,0,1125
wkd,wkd,w-k-d,0,1125.5,0,1125,0,1044.5,0,1125
gzl,gzl,gh-z-l,0,1125.5,0,1125,0,1044.5,0,1125
nfd,nfd,n-f-d,0,1125.5,0,1125,0,1044.5,0,1125
Ejm,uEjm,ʿ-j-m,0,1125.5,0,1125,0,1044.5,0,1125
jws,jws,j-w-s,0,1125.5,0,1125,0,1044.5,0,1125
HZr,uHuZr,ḥ-ẓ-r,0,1125.5,0,1125,0,1044.5,0,1125
klw,klw,k-l-w,0,1125.5,0,1125,0,1044.5,0,1125
Aff,uAff,a-f-f,0,1125.5,0,1125,0,1044.5,0,1125
b*r,bdhr,b-dh-r,0,1125.5,0,1125,0,1044.5,0,1125
zny,zny,z-n-y,0,1125.5,0,1125,0,1044.5,0,1125
qsTs,qsuTs,q-s-ṭ-s,0,1125.5,0,1125,0,1044.5,0,1125
mrH,mruH,m-r-ḥ,0,1125.5,0,1125,0,1044.5,0,1125
str,str,s-t-r,0,1125.5,0,1125,0,1044.5,0,1125
rft,rft,r-f-t,0,1125.5,0,1125,0,1044.5,0,1125
ngD,nguD,n-gh-ḍ,0,1125.5,0,1125,0,1044.5,0,1125
Hnk,uHnk,ḥ-n-k,0,1125.5,0,1125,0,1044.5,0,1125
wfr,wfr,w-f-r,0,1125.5,0,1125,0,1044.5,0,1125
fzz,fzz,f-z-z,0,1125.5,0,1125,0,1044.5,0,1125
Swt,uSwt,ṣ-w-t,0,1125.5,0,1125,0,1044.5,0,1125
jlb,jlb,j-l-b,0,1125.5,0,1125,0,1044.5,0,1125
HSb,uHuSb,ḥ-ṣ-b,0,1125.5,0,1125,0,1044.5,0,1125
twr,twr,t-w-r,0,1125.5,0,1125,0,1044.5,0,1125
qSf,quSf,q-ṣ-f,0,1125.5,0,1125,0,1044.5,0,1125
dlk,dlk,d-l-k,0,1125.5,0,1125,0,1044.5,0,1125
gsq,gsq,gh-s-q,0,1125.5,0,1125,0,1044.5,0,1125
hjd,hjd,h-j-d,0,1125.5,0,1125,0,1044.5,0,1125
$kl,shkl,sh-k-l,0,1125.5,0,1125,0,1044.5,0,1125
nbE,nbuE,n-b-ʿ,0,1125.5,0,1125,0,1044.5,0,1125
rqy,rqy,r-q-y,0,1125.5,0,1125,0,1044.5,0,1125
xbw,xbw,kh-b-w,0,1125.5,0,1125,0,1044.5,0,1125
tsE,tsuE,t-s-ʿ,0,1125.5,0,1125,0,1044.5,0,1125
vbr,vbr,th-b-r,0,1125.5,0,1125,0,1044.5,0,1125
lff,lff,l-f-f,0,1125.5,0,1125,0,1044.5,0,1125
*qn,dhqn,dh-q-n,0,1125.5,0,1125,0,1044.5,0,1125
xft,xft,kh-f-t,0,1125.5,0,1125,0,1044.5,0,1125
bxE,bxuE,b-kh-ʿ,0,1125.5,0,1125,0,1044.5,0,1125
jrz,jrz,j-r-z,0,1125.5,0,1125,0,1044.5,0,1125
khf,khf,k-h-f,0,1125.5,0,1125,0,1044.5,0,1125
rqm,rqm,r-q-m,0,1125.5,0,1125,0,1044.5,0,1125
$TT,shuTuT,sh-ṭ-ṭ,0,1125.5,0,1125,0,1044.5,0,1125
zwr,zwr,z-w-r,0,1125.5,0,1125,0,1044.5,0,1125
fjw,fjw,f-j-w,0,1125.5,0,1125,0,1044.5,0,1125
yqZ,yquZ,y-q-ẓ,0,1125.5,0,1125,0,1044.5,0,1125
rqd,rqd,r-q-d,0,1125.5,0,1125,0,1044.5,0,1125
wSd,wuSd,w-ṣ-d,0,1125.5,0,1125,0,1044.5,0,1125
frr,frr,f-r-r,0,1125.5,0,1125,0,1044.5,0,1125
srdq,srdq,s-r-d-q,0,1125.5,0,1125,0,1044.5,0,1125
mhl,mhl,m-h-l,0,1125.5,0,1125,0,1044.5,0,1125
$wy,shwy,sh-w-y,0,1125.5,0,1125,0,1044.5,0,1125
Ark,uArk,a-r-k,0,1125.5,0,1125,0,1044.5,0,1125
Hff,uHff,ḥ-f-f,0,1125.5,0,1125,0,1044.5,0,1125
byd,byd,b-y-d,0,1125.5,0,1125,0,1044.5,0,1125
zlq,zlq,z-l-q,0,1125.5,0,1125,0,1044.5,0,1125
h$m,hshm,h-sh-m,0,1125.5,0,1125,0,1044.5,0,1125
*rw,dhrw,dh-r-w,0,1125.5,0,1125,0,1044.5,0,1125
gdr,gdr,gh-d-r,0,1125.5,0,1125,0,1044.5,0,1125
Sff,uSff,ṣ-f-f,0,1125.5,0,1125,0,1044.5,0,1125
EDd,uEuDd,ʿ-ḍ-d,0,1125.5,0,1125,0,1044.5,0,1125
wbq,wbq,w-b-q,0,1125.5,0,1125,0,1044.5,0,1125
dHD,duHuD,d-ḥ-ḍ,0,1125.5,0,1125,0,1044.5,0,1125
wAl,wuAl,w-a-l,0,1125.5,0,1125,0,1044.5,0,1125
Hqb,uHqb,ḥ-q-b,0,1125.5,0,1125,0,1044.5,0,1125
Sxr,uSxr,ṣ-kh-r,0,1125.5,0,1125,0,1044.5,0,1125
sfn,sfn,s-f-n,0,1125.5,0,1125,0,1044.5,0,1125
qDD,quDuD,q-ḍ-ḍ,0,1125.5,0,1125,0,1044.5,0,1125
Eyb,uEyb,ʿ-y-b,0,1125.5,0,1125,0,1044.5,0,1125
gSb,guSb,gh-ṣ-b,0,1125.5,0,1125,0,1044.5,0,1125
rdm,rdm,r-d-m,0,1125.5,0,1125,0,1044.5,0,1125
gTw,guTw,gh-ṭ-w,0,1125.5,0,1125,0,1044.5,0,1125
$El,shuEl,sh-ʿ-l,0,1125.5,0,1125,0,1044.5,0,1125
$yb,shyb,sh-y-b,0,1125.5,0,1125,0,1044.5,0,1125
Hnn,uHnn,ḥ-n-n,0,1125.5,0,1125,0,1044.5,0,1125
mxD,mxuD,m-kh-ḍ,0,1125.5,0,1125,0,1044.5,0,1125
j*E,jdhuE,j-dh-ʿ,0,1125.5,0,1125,0,1044.5,0,1125
hzz,hzz,h-z-z,0,1125.5,0,1125,0,1044.5,0,1125
jny,jny,j-n-y,0,1125.5,0,1125,0,1044.5,0,1125
jvw,jvw,j-th-w,0,1125.5,0,1125,0,1044.5,0,1125
Htm,uHtm,ḥ-t-m,0,1125.5,0,1125,0,1044.5,0,1125
Ddd,uDdd,ḍ-d-d,0,1125.5,0,1125,0,1044.5,0,1125
Azz,uAzz,a-z-z,0,1125.5,0,1125,0,1044.5,0,1125
wfd,wfd,w-f-d,0,1125.5,0,1125,0,1044.5,0,1125
Add,uAdd,a-d-d,0,1125.5,0,1125,0,1044.5,0,1125
hdd,hdd,h-d-d,0,1125.5,0,1125,0,1044.5,0,1125
rkz,rkz,r-k-z,0,1125.5,0,1125,0,1044.5,0,1125
vry,vry,th-r-y,0,1125.5,0,1125,0,1044.5,0,1125
qbs,qbs,q-b-s,0,1125.5,0,1125,0,1044.5,0,1125
xlE,xluE,kh-l-ʿ,0,1125.5,0,1125,0,1044.5,0,1125
nEl,nuEl,n-ʿ-l,0,1125.5,0,1125,0,1044.5,0,1125
Twy,uTwy,ṭ-w-y,0,1125.5,0,1125,0,1044.5,0,1125
h$$,hshsh,h-sh-sh,0,1125.5,0,1125,0,1044.5,0,1125
Arb,uArb,a-r-b,0,1125.5,0,1125,0,1044.5,0,1125
Dmm,uDmm,ḍ-m-m,0,1125.5,0,1125,0,1044.5,0,1125
Azr,uAzr,a-z-r,0,1125.5,0,1125,0,1044.5,0,1125
q*f,qdhf,q-dh-f,0,1125.5,0,1125,0,1044.5,0,1125
sHl,suHl,s-ḥ-l,0,1125.5,0,1125,0,1044.5,0,1125
wny,wny,w-n-y,0,1125.5,0,1125,0,1044.5,0,1125
$tt,shtt,sh-t-t,0,1125.5,0,1125,0,1044.5,0,1125
smr,smr,s-m-r,0,1125.5,0,1125,0,1044.5,0,1125
lHy,luHy,l-ḥ-y,0,1125.5,0,1125,0,1044.5,0,1125
nsf,nsf,n-s-f,0,1125.5,0,1125,0,1044.5,0,1125
zrq,zrq,z-r-q,0,1125.5,0,1125,0,1044.5,0,1125
qwE,qwuE,q-w-ʿ,0,1125.5,0,1125,0,1044.5,0,1125
SfSf,uSfuSf,ṣ-f-ṣ-f,0,1125.5,0,1125,0,1044.5,0,1125
Amt,uAmt,a-m-t,0,1125.5,0,1125,0,1044.5,0,1125
hms,hms,h-m-s,0,1125.5,0,1125,0,1044.5,0,1125
Enw,uEnw,ʿ-n-w,0,1125.5,0,1125,0,1044.5,0,1125
hDm,huDm,h-ḍ-m,0,1125.5,0,1125,0,1044.5,0,1125
Ery,uEry,ʿ-r-y,0,1125.5,0,1125,0,1044.5,0,1125
Dnk,uDnk,ḍ-n-k,0,1125.5,0,1125,0,1044.5,0,1125
zhr,zhr,z-h-r,0,1125.5,0,1125,0,1044.5,0,1125
SHf,uSuHf,ṣ-ḥ-f,0,1125.5,0,1125,0,1044.5,0,1125
qSm,quSm,q-ṣ-m,0,1125.5,0,1125,0,1044.5,0,1125
rkD,rkuD,r-k-ḍ,0,1125.5,0,1125,0,1044.5,0,1125
xmd,xmd,kh-m-d,0,1125.5,0,1125,0,1044.5,0,1125
dmg,dmg,d-m-gh,0,1125.5,0,1125,0,1044.5,0,1125
rtq,rtq,r-t-q,0,1125.5,0,1125,0,1044.5,0,1125
ftq,ftq,f-t-q,0,1125.5,0,1125,0,1044.5,0,1125
fjj,fjj,f-j-j,0,1125.5,0,1125,0,1044.5,0,1125
klA,kluA,k-l-a,0,1125.5,0,1125,0,1044.5,0,1125
nfH,nfuH,n-f-ḥ,0,1125.5,0,1125,0,1044.5,0,1125
xrdl,xrdl,kh-r-d-l,0,1125.5,0,1125,0,1044.5,0,1125
nTq,nuTq,n-ṭ-q,0,1125.5,0,1125,0,1044.5,0,1125
nks,nks,n-k-s,0,1125.5,0,1125,0,1044.5,0,1125
brd,brd,b-r-d,0,1125.5,0,1125,0,1044.5,0,1125
nf$,nfsh,n-f-sh,0,1125.5,0,1125,0,1044.5,0,1125
fhm,fhm,f-h-m,0,1125.5,0,1125,0,1044.5,0,1125
gwS,gwuS,gh-w-ṣ,0,1125.5,0,1125,0,1044.5,0,1125
nwn,nwn,n-w-n,0,1125.5,0,1125,0,1044.5,0,1125
Hdb,uHdb,ḥ-d-b,0,1125.5,0,1125,0,1044.5,0,1125
fzE,fzuE,f-z-ʿ,0,1125.5,0,1125,0,1044.5,0,1125
*hl,dhhl,dh-h-l,0,1125.5,0,1125,0,1044.5,0,1125
mDg,muDg,m-ḍ-gh,0,1125.5,0,1125,0,1044.5,0,1125
Tfl,uTfl,ṭ-f-l,0,1125.5,0,1125,0,1044.5,0,1125
hmd,hmd,h-m-d,0,1125.5,0,1125,0,1044.5,0,1125
bhj,bhj,b-h-j,0,1125.5,0,1125,0,1044.5,0,1125
ETf,uEuTf,ʿ-ṭ-f,0,1125.5,0,1125,0,1044.5,0,1125
mjs,mjs,m-j-s,0,1125.5,0,1125,0,1044.5,0,1125
Sbb,uSbb,ṣ-b-b,0,1125.5,0,1125,0,1044.5,0,1125
Shr,uShr,ṣ-h-r,0,1125.5,0,1125,0,1044.5,0,1125
qmE,qmuE,q-m-ʿ,0,1125.5,0,1125,0,1044.5,0,1125
lAlA,luAluA,l-a-l-a,0,1125.5,0,1125,0,1044.5,0,1125
Dmr,uDmr,ḍ-m-r,0,1125.5,0,1125,0,1044.5,0,1125
Emq,uEmq,ʿ-m-q,0,1125.5,0,1125,0,1044.5,0,1125
tfv,tfv,t-f-th,0,1125.5,0,1125,0,1044.5,0,1125
Etq,uEtq,ʿ-t-q,0,1125.5,0,1125,0,1044.5,0,1125
wvn,wvn,w-th-n,0,1125.5,0,1125,0,1044.5,0,1125
sHq,suHq,s-ḥ-q,0,1125.5,0,1125,0,1044.5,0,1125
wjb,wjb,w-j-b,0,1125.5,0,1125,0,1044.5,0,1125
Err,uErr,ʿ-r-r,0,1125.5,0,1125,0,1044.5,0,1125
hdm,hdm,h-d-m,0,1125.5,0,1125,0,1044.5,0,1125
SmE,uSmuE,ṣ-m-ʿ,0,1125.5,0,1125,0,1044.5,0,1125
bAr,buAr,b-a-r,0,1125.5,0,1125,0,1044.5,0,1125
ETl,uEuTl,ʿ-ṭ-l,0,1125.5,0,1125,0,1044.5,0,1125
Eqm,uEqm,ʿ-q-m,0,1125.5,0,1125,0,1044.5,0,1125
sTw,suTw,s-ṭ-w,0,1125.5,0,1125,0,1044.5,0,1125
*bb,dhbb,dh-b-b,0,1125.5,0,1125,0,1044.5,0,1125
slb,slb,s-l-b,0,1125.5,0,1125,0,1044.5,0,1125
sll,sll,s-l-l,0,1125.5,0,1125,0,1044.5,0,1125
fkh,fkh,f-k-h,0,1125.5,0,1125,0,1044.5,0,1125
dhn,dhn,d-h-n,0,1125.5,0,1125,0,1044.5,0,1125
gvw,gvw,gh-th-w,0,1125.5,0,1125,0,1044.5,0,1125
wtr,wtr,w-t-r,0,1125.5,0,1125,0,1044.5,0,1125
nkb,nkb,n-k-b,0,1125.5,0,1125,0,1044.5,0,1125
ljj,ljj,l-j-j,0,1125.5,0,1125,0,1044.5,0,1125
hmz,hmz,h-m-z,0,1125.5,0,1125,0,1044.5,0,1125
nsb,nsb,n-s-b,0,1125.5,0,1125,0,1044.5,0,1125
lfH,lfuH,l-f-ḥ,0,1125.5,0,1125,0,1044.5,0,1125
klH,kluH,k-l-ḥ,0,1125.5,0,1125,0,1044.5,0,1125
Ebv,uEbv,ʿ-b-th,0,1125.5,0,1125,0,1044.5,0,1125
gDD,guDuD,gh-ḍ-ḍ,0,1125.5,0,1125,0,1044.5,0,1125
jyb,jyb,j-y-b,0,1125.5,0,1125,0,1044.5,0,1125
Ewr,uEwr,ʿ-w-r,0,1125.5,0,1125,0,1044.5,0,1125
Aym,uAym,a-y-m,0,1125.5,0,1125,0,1044.5,0,1125
zjj,zjj,z-j-j,0,1125.5,0,1125,0,1044.5,0,1125
wdq,wdq,w-d-q,0,1125.5,0,1125,0,1044.5,0,1125
*En,dhuEn,dh-ʿ-n,0,1125.5,0,1125,0,1044.5,0,1125
Hyf,uHyf,ḥ-y-f,0,1125.5,0,1125,0,1044.5,0,1125
lw*,lwdh,l-w-dh,0,1125.5,0,1125,0,1044.5,0,1125
hbw,hbw,h-b-w,0,1125.5,0,1125,0,1044.5,0,1125
nvr,nvr,n-th-r,0,1125.5,0,1125,0,1044.5,0,1125
fln,fln,f-l-n,0,1125.5,0,1125,0,1044.5,0,1125
rtl,rtl,r-t-l,0,1125.5,0,1125,0,1044.5,0,1125
fsr,fsr,f-s-r,0,1125.5,0,1125,0,1044.5,0,1125
rss,rss,r-s-s,0,1125.5,0,1125,0,1044.5,0,1125
mrj,mrj,m-r-j,0,1125.5,0,1125,0,1044.5,0,1125
frt,frt,f-r-t,0,1125.5,0,1125,0,1044.5,0,1125
mlH,mluH,m-l-ḥ,0,1125.5,0,1125,0,1044.5,0,1125
Ajj,uAjj,a-j-j,0,1125.5,0,1125,0,1044.5,0,1125
srj,srj,s-r-j,0,1125.5,0,1125,0,1044.5,0,1125
EbA,uEbuA,ʿ-b-a,0,1125.5,0,1125,0,1044.5,0,1125
xDE,xuDuE,kh-ḍ-ʿ,0,1125.5,0,1125,0,1044.5,0,1125
Dyr,uDyr,ḍ-y-r,0,1125.5,0,1125,0,1044.5,0,1125
$r*m,shrdhm,sh-r-dh-m,0,1125.5,0,1125,0,1044.5,0,1125
Twd,uTwd,ṭ-w-d,0,1125.5,0,1125,0,1044.5,0,1125
kbkb,kbkb,k-b-k-b,0,1125.5,0,1125,0,1044.5,0,1125
$Hn,shuHn,sh-ḥ-n,0,1125.5,0,1125,0,1044.5,0,1125
ryE,ryuE,r-y-ʿ,0,1125.5,0,1125,0,1044.5,0,1125
frh,frh,f-r-h,0,1125.5,0,1125,0,1044.5,0,1125
qly,qly,q-l-y,0,1125.5,0,1125,0,1044.5,0,1125
hym,hym,h-y-m,0,1125.5,0,1125,0,1044.5,0,1125
wzE,wzuE,w-z-ʿ,0,1125.5,0,1125,0,1044.5,0,1125
HTm,uHuTm,ḥ-ṭ-m,0,1125.5,0,1125,0,1044.5,0,1125
bsm,bsm,b-s-m,0,1125.5,0,1125,0,1044.5,0,1125
hdhd,hdhd,h-d-h-d,0,1125.5,0,1125,0,1044.5,0,1125
xbA,xbuA,kh-b-a,0,1125.5,0,1125,0,1044.5,0,1125
Efr,uEfr,ʿ-f-r,0,1125.5,0,1125,0,1044.5,0,1125
SrH,uSruH,ṣ-r-ḥ,0,1125.5,0,1125,0,1044.5,0,1125
Hdq,uHdq,ḥ-d-q,0,1125.5,0,1125,0,1044.5,0,1125
Hjz,uHjz,ḥ-j-z,0,1125.5,0,1125,0,1044.5,0,1125
fwj,fwj,f-w-j,0,1125.5,0,1125,0,1044.5,0,1125
jmd,jmd,j-m-d,0,1125.5,0,1125,0,1044.5,0,1125
tqn,tqn,t-q-n,0,1125.5,0,1125,0,1044.5,0,1125
kbb,kbb,k-b-b,0,1125.5,0,1125,0,1044.5,0,1125
wkz,wkz,w-k-z,0,1125.5,0,1125,0,1044.5,0,1125
*wd,dhwd,dh-w-d,0,1125.5,0,1125,0,1044.5,0,1125
j*w,jdhw,j-dh-w,0,1125.5,0,1125,0,1044.5,0,1125
$TA,shuTuA,sh-ṭ-a,0,1125.5,0,1125,0,1044.5,0,1125
bqE,bquE,b-q-ʿ,0,1125.5,0,1125,0,1044.5,0,1125
fSH,fuSuH,f-ṣ-ḥ,0,1125.5,0,1125,0,1044.5,0,1125
rdA,rduA,r-d-a,0,1125.5,0,1125,0,1044.5,0,1125
qbH,qbuH,q-b-ḥ,0,1125.5,0,1125,0,1044.5,0,1125
srmd,srmd,s-r-m-d,0,1125.5,0,1125,0,1044.5,0,1125
nwA,nwuA,n-w-a,0,1125.5,0,1125,0,1044.5,0,1125
Enkb,uEnkb,ʿ-n-k-b,0,1125.5,0,1125,0,1044.5,0,1125
xTT,xuTuT,kh-ṭ-ṭ,0,1125.5,0,1125,0,1044.5,0,1125
rwD,rwuD,r-w-ḍ,0,1125.5,0,1125,0,1044.5,0,1125
msw,msw,m-s-w,0,1125.5,0,1125,0,1044.5,0,1125
SEr,uSuEr,ṣ-ʿ-r,0,1125.5,0,1125,0,1044.5,0,1125
xdd,xdd,kh-d-d,0,1125.5,0,1125,0,1044.5,0,1125
sbg,sbg,s-b-gh,0,1125.5,0,1125,0,1044.5,0,1125
xtr,xtr,kh-t-r,0,1125.5,0,1125,0,1044.5,0,1125
mhn,mhn,m-h-n,0,1125.5,0,1125,0,1044.5,0,1125
jfw,jfw,j-f-w,0,1125.5,0,1125,0,1044.5,0,1125
jwf,jwf,j-w-f,0,1125.5,0,1125,0,1044.5,0,1125
Hnjr,uHnjr,ḥ-n-j-r,0,1125.5,0,1125,0,1044.5,0,1125
Ewq,uEwq,ʿ-w-q,0,1125.5,0,1125,0,1044.5,0,1125
slq,slq,s-l-q,0,1125.5,0,1125,0,1044.5,0,1125
nHb,nuHb,n-ḥ-b,0,1125.5,0,1125,0,1044.5,0,1125
SyS,uSyuS,ṣ-y-ṣ,0,1125.5,0,1125,0,1044.5,0,1125
wTr,wuTr,w-ṭ-r,0,1125.5,0,1125,0,1044.5,0,1125
mzq,mzq,m-z-q,0,1125.5,0,1125,0,1044.5,0,1125
srd,srd,s-r-d,0,1125.5,0,1125,0,1044.5,0,1125
jfn,jfn,j-f-n,0,1125.5,0,1125,0,1044.5,0,1125
Erm,uErm,ʿ-r-m,0,1125.5,0,1125,0,1044.5,0,1125
xmT,xmuT,kh-m-ṭ,0,1125.5,0,1125,0,1044.5,0,1125
Avl,uAvl,a-th-l,0,1125.5,0,1125,0,1044.5,0,1125
sdr,sdr,s-d-r,0,1125.5,0,1125,0,1044.5,0,1125
nw$,nwsh,n-w-sh,0,1125.5,0,1125,0,1044.5,0,1125
qTmr,quTmr,q-ṭ-m-r,0,1125.5,0,1125,0,1044.5,0,1125
lgb,lgb,l-gh-b,0,1125.5,0,1125,0,1044.5,0,1125
qmH,qmuH,q-m-ḥ,0,1125.5,0,1125,0,1044.5,0,1125
Erjn,uErjn,ʿ-r-j-n,0,1125.5,0,1125,0,1044.5,0,1125
jdv,jdv,j-d-th,0,1125.5,0,1125,0,1044.5,0,1125
$gl,shgl,sh-gh-l,0,1125.5,0,1125,0,1044.5,0,1125
msx,msx,m-s-kh,0,1125.5,0,1125,0,1044.5,0,1125
rmm,rmm,r-m-m,0,1125.5,0,1125,0,1044.5,0,1125
zjr,zjr,z-j-r,0,1125.5,0,1125,0,1044.5,0,1125
vqb,vqb,th-q-b,0,1125.5,0,1125,0,1044.5,0,1125
lzb,lzb,l-z-b,0,1125.5,0,1125,0,1044.5,0,1125
kAs,kuAs,k-a-s,0,1125.5,0,1125,0,1044.5,0,1125
l**,ldhdh,l-dh-dh,0,1125.5,0,1125,0,1044.5,0,1125
gwl,gwl,gh-w-l,0,1125.5,0,1125,0,1044.5,0,1125
nzf,nzf,n-z-f,0,1125.5,0,1125,0,1044.5,0,1125
zqm,zqm,z-q-m,0,1125.5,0,1125,0,1044.5,0,1125
$wb,shwb,sh-w-b,0,1125.5,0,1125,0,1044.5,0,1125
sqm,sqm,s-q-m,0,1125.5,0,1125,0,1044.5,0,1125
rwg,rwg,r-w-gh,0,1125.5,0,1125,0,1044.5,0,1125
zff,zff,z-f-f,0,1125.5,0,1125,0,1044.5,0,1125
tll,tll,t-l-l,0,1125.5,0,1125,0,1044.5,0,1125
jbn,jbn,j-b-n,0,1125.5,0,1125,0,1044.5,0,1125
Abq,uAbq,a-b-q,0,1125.5,0,1125,0,1044.5,0,1125
shm,shm,s-h-m,0,1125.5,0,1125,0,1044.5,0,1125
lqm,lqm,l-q-m,0,1125.5,0,1125,0,1044.5,0,1125
swH,swuH,s-w-ḥ,0,1125.5,0,1125,0,1044.5,0,1125
lwt,lwt,l-w-t,0,1125.5,0,1125,0,1044.5,0,1125
nwS,nwuS,n-w-ṣ,0,1125.5,0,1125,0,1044.5,0,1125
wtd,wtd,w-t-d,0,1125.5,0,1125,0,1044.5,0,1125
qTT,quTuT,q-ṭ-ṭ,0,1125.5,0,1125,0,1044.5,0,1125
nEj,nuEj,n-ʿ-j,0,1125.5,0,1125,0,1044.5,0,1125
Sfn,uSfn,ṣ-f-n,0,1125.5,0,1125,0,1044.5,0,1125
jwd,jwd,j-w-d,0,1125.5,0,1125,0,1044.5,0,1125
rxw,rxw,r-kh-w,0,1125.5,0,1125,0,1044.5,0,1125
Hnv,uHnv,ḥ-n-th,0,1125.5,0,1125,0,1044.5,0,1125
qHm,quHm,q-ḥ-m,0,1125.5,0,1125,0,1044.5,0,1125
kwr,kwr,k-w-r,0,1125.5,0,1125,0,1044.5,0,1125
hyj,hyj,h-y-j,0,1125.5,0,1125,0,1044.5,0,1125
q$Er,qshuEr,q-sh-ʿ-r,0,1125.5,0,1125,0,1044.5,0,1125
$ks,shks,sh-k-s,0,1125.5,0,1125,0,1044.5,0,1125
$mz,shmz,sh-m-z,0,1125.5,0,1125,0,1044.5,0,1125
zmr,zmr,z-m-r,0,1125.5,0,1125,0,1044.5,0,1125
Azf,uAzf,a-z-f,0,1125.5,0,1125,0,1044.5,0,1125
fwD,fwuD,f-w-ḍ,0,1125.5,0,1125,0,1044.5,0,1125
slsl,slsl,s-l-s-l,0,1125.5,0,1125,0,1044.5,0,1125
sjr,sjr,s-j-r,0,1125.5,0,1125,0,1044.5,0,1125
dxn,dxn,d-kh-n,0,1125.5,0,1125,0,1044.5,0,1125
SrSr,uSruSr,ṣ-r-ṣ-r,0,1125.5,0,1125,0,1044.5,0,1125
nHs,nuHs,n-ḥ-s,0,1125.5,0,1125,0,1044.5,0,1125
qyD,qyuD,q-y-ḍ,0,1125.5,0,1125,0,1044.5,0,1125
kmm,kmm,k-m-m,0,1125.5,0,1125,0,1044.5,0,1125
Afq,uAfq,a-f-q,0,1125.5,0,1125,0,1044.5,0,1125
rkd,rkd,r-k-d,0,1125.5,0,1125,0,1044.5,0,1125
kwb,kwb,k-w-b,0,1125.5,0,1125,0,1044.5,0,1125
brm,brm,b-r-m,0,1125.5,0,1125,0,1044.5,0,1125
rhw,rhw,r-h-w,0,1125.5,0,1125,0,1044.5,0,1125
gly,gly,gh-l-y,0,1125.5,0,1125,0,1044.5,0,1125
Etl,uEtl,ʿ-t-l,0,1125.5,0,1125,0,1044.5,0,1125
dhr,dhr,d-h-r,0,1125.5,0,1125,0,1044.5,0,1125
Hqf,uHqf,ḥ-q-f,0,1125.5,0,1125,0,1044.5,0,1125
Eyy,uEyy,ʿ-y-y,0,1125.5,0,1125,0,1044.5,0,1125
tEs,tuEs,t-ʿ-s,0,1125.5,0,1125,0,1044.5,0,1125
Asn,uAsn,a-s-n,0,1125.5,0,1125,0,1044.5,0,1125
Esl,uEsl,ʿ-s-l,0,1125.5,0,1125,0,1044.5,0,1125
mEy,muEy,m-ʿ-y,0,1125.5,0,1125,0,1044.5,0,1125
$rT,shruT,sh-r-ṭ,0,1125.5,0,1125,0,1044.5,0,1125
qfl,qfl,q-f-l,0,1125.5,0,1125,0,1044.5,0,1125
Dgn,uDgn,ḍ-gh-n,0,1125.5,0,1125,0,1044.5,0,1125
lHn,luHn,l-ḥ-n,0,1125.5,0,1125,0,1044.5,0,1125
mHn,muHn,m-ḥ-n,0,1125.5,0,1125,0,1044.5,0,1125
nbz,nbz,n-b-z,0,1125.5,0,1125,0,1044.5,0,1125
lqb,lqb,l-q-b,0,1125.5,0,1125,0,1044.5,0,1125
jss,jss,j-s-s,0,1125.5,0,1125,0,1044.5,0,1125
$Eb,shuEb,sh-ʿ-b,0,1125.5,0,1125,0,1044.5,0,1125
lyt,lyt,l-y-t,0,1125.5,0,1125,0,1044.5,0,1125
bsq,bsq,b-s-q,0,1125.5,0,1125,0,1044.5,0,1125
lfZ,lfuZ,l-f-ẓ,0,1125.5,0,1125,0,1044.5,0,1125
Hyd,uHyd,ḥ-y-d,0,1125.5,0,1125,0,1044.5,0,1125
Hbk,uHbk,ḥ-b-k,0,1125.5,0,1125,0,1044.5,0,1125
shw,shw,s-h-w,0,1125.5,0,1125,0,1044.5,0,1125
hjE,hjuE,h-j-ʿ,0,1125.5,0,1125,0,1044.5,0,1125
Skk,uSkk,ṣ-k-k,0,1125.5,0,1125,0,1044.5,0,1125
rqq,rqq,r-q-q,0,1125.5,0,1125,0,1044.5,0,1125
mwr,mwr,m-w-r,0,1125.5,0,1125,0,1044.5,0,1125
dEE,duEuE,d-ʿ-ʿ,0,1125.5,0,1125,0,1044.5,0,1125
Alt,uAlt,a-l-t,0,1125.5,0,1125,0,1044.5,0,1125
khn,khn,k-h-n,0,1125.5,0,1125,0,1044.5,0,1125
qwb,qwb,q-w-b,0,1125.5,0,1125,0,1044.5,0,1125
qws,qws,q-w-s,0,1125.5,0,1125,0,1044.5,0,1125
Dyz,uDyz,ḍ-y-z,0,1125.5,0,1125,0,1044.5,0,1125
kdy,kdy,k-d-y,0,1125.5,0,1125,0,1044.5,0,1125
qny,qny,q-n-y,0,1125.5,0,1125,0,1044.5,0,1125
smd,smd,s-m-d,0,1125.5,0,1125,0,1044.5,0,1125
hmr,hmr,h-m-r,0,1125.5,0,1125,0,1044.5,0,1125
dsr,dsr,d-s-r,0,1125.5,0,1125,0,1044.5,0,1125
qEr,quEr,q-ʿ-r,0,1125.5,0,1125,0,1044.5,0,1125
A$r,uAshr,a-sh-r,0,1125.5,0,1125,0,1044.5,0,1125
dhy,dhy,d-h-y,0,1125.5,0,1125,0,1044.5,0,1125
Anm,uAnm,a-n-m,0,1125.5,0,1125,0,1044.5,0,1125
fny,fny,f-n-y,0,1125.5,0,1125,0,1044.5,0,1125
jll,jll,j-l-l,0,1125.5,0,1125,0,1044.5,0,1125
nf*,nfdh,n-f-dh,0,1125.5,0,1125,0,1044.5,0,1125
$wZ,shwuZ,sh-w-ẓ,0,1125.5,0,1125,0,1044.5,0,1125
fnn,fnn,f-n-n,0,1125.5,0,1125,0,1044.5,0,1125
Tmv,uTmv,ṭ-m-th,0,1125.5,0,1125,0,1044.5,0,1125
dhm,dhm,d-h-m,0,1125.5,0,1125,0,1044.5,0,1125
nDx,nuDx,n-ḍ-kh,0,1125.5,0,1125,0,1044.5,0,1125
xym,xym,kh-y-m,0,1125.5,0,1125,0,1044.5,0,1125
rfrf,rfrf,r-f-r-f,0,1125.5,0,1125,0,1044.5,0,1125
Ebqr,uEbqr,ʿ-b-q-r,0,1125.5,0,1125,0,1044.5,0,1125
rjj,rjj,r-j-j,0,1125.5,0,1125,0,1044.5,0,1125
bss,bss,b-s-s,0,1125.5,0,1125,0,1044.5,0,1125
$Am,shuAm,sh-a-m,0,1125.5,0,1125,0,1044.5,0,1125
vll,vll,th-l-l,0,1125.5,0,1125,0,1044.5,0,1125
wDn,wuDn,w-ḍ-n,0,1125.5,0,1125,0,1044.5,0,1125
xDd,xuDd,kh-ḍ-d,0,1125.5,0,1125,0,1044.5,0,1125
TlH,uTluH,ṭ-l-ḥ,0,1125.5,0,1125,0,1044.5,0,1125
skb,skb,s-k-b,0,1125.5,0,1125,0,1044.5,0,1125
mzn,mzn,m-z-n,0,1125.5,0,1125,0,1044.5,0,1125
fsH,fsuH,f-s-ḥ,0,1125.5,0,1125,0,1044.5,0,1125
jls,jls,j-l-s,0,1125.5,0,1125,0,1044.5,0,1125
wjf,wjf,w-j-f,0,1125.5,0,1125,0,1044.5,0,1125
rSS,ruSuS,r-ṣ-ṣ,0,1125.5,0,1125,0,1044.5,0,1125
x$b,xshb,kh-sh-b,0,1125.5,0,1125,0,1044.5,0,1125
snd,snd,s-n-d,0,1125.5,0,1125,0,1044.5,0,1125
gbn,gbn,gh-b-n,0,1125.5,0,1125,0,1044.5,0,1125
vyb,vyb,th-y-b,0,1125.5,0,1125,0,1044.5,0,1125
Tbq,uTbq,ṭ-b-q,0,1125.5,0,1125,0,1044.5,0,1125
nmm,nmm,n-m-m,0,1125.5,0,1125,0,1044.5,0,1125
znm,znm,z-n-m,0,1125.5,0,1125,0,1044.5,0,1125
xrTm,xruTm,kh-r-ṭ-m,0,1125.5,0,1125,0,1044.5,0,1125
Srm,uSrm,ṣ-r-m,0,1125.5,0,1125,0,1044.5,0,1125
Hrd,uHrd,ḥ-r-d,0,1125.5,0,1125,0,1044.5,0,1125
Hsm,uHsm,ḥ-s-m,0,1125.5,0,1125,0,1044.5,0,1125
SrE,uSruE,ṣ-r-ʿ,0,1125.5,0,1125,0,1044.5,0,1125
why,why,w-h-y,0,1125.5,0,1125,0,1044.5,0,1125
qTf,quTf,q-ṭ-f,0,1125.5,0,1125,0,1044.5,0,1125
HDD,uHuDuD,ḥ-ḍ-ḍ,0,1125.5,0,1125,0,1044.5,0,1125
wtn,wtn,w-t-n,0,1125.5,0,1125,0,1044.5,0,1125
Ehn,uEhn,ʿ-h-n,0,1125.5,0,1125,0,1044.5,0,1125
hlE,hluE,h-l-ʿ,0,1125.5,0,1125,0,1044.5,0,1125
Ezw,uEzw,ʿ-z-w,0,1125.5,0,1125,0,1044.5,0,1125
wfD,wfuD,w-f-ḍ,0,1125.5,0,1125,0,1044.5,0,1125
nsr,nsr,n-s-r,0,1125.5,0,1125,0,1044.5,0,1125
Hrs,uHrs,ḥ-r-s,0,1125.5,0,1125,0,1044.5,0,1125
hrb,hrb,h-r-b,0,1125.5,0,1125,0,1044.5,0,1125
Hry,uHry,ḥ-r-y,0,1125.5,0,1125,0,1044.5,0,1125
HTb,uHuTb,ḥ-ṭ-b,0,1125.5,0,1125,0,1044.5,0,1125
gdq,gdq,gh-d-q,0,1125.5,0,1125,0,1044.5,0,1125
lbd,lbd,l-b-d,0,1125.5,0,1125,0,1044.5,0,1125
zml,zml,z-m-l,0,1125.5,0,1125,0,1044.5,0,1125
btl,btl,b-t-l,0,1125.5,0,1125,0,1044.5,0,1125
gSS,guSuS,gh-ṣ-ṣ,0,1125.5,0,1125,0,1044.5,0,1125
kvb,kvb,k-th-b,0,1125.5,0,1125,0,1044.5,0,1125
hyl,hyl,h-y-l,0,1125.5,0,1125,0,1044.5,0,1125
dvr,dvr,d-th-r,0,1125.5,0,1125,0,1044.5,0,1125
Ebs,uEbs,ʿ-b-s,0,1125.5,0,1125,0,1044.5,0,1125
bsr,bsr,b-s-r,0,1125.5,0,1125,0,1044.5,0,1125
qsr,qsr,q-s-r,0,1125.5,0,1125,0,1044.5,0,1125
Hrk,uHrk,ḥ-r-k,0,1125.5,0,1125,0,1044.5,0,1125
nDr,nuDr,n-ḍ-r,0,1125.5,0,1125,0,1044.5,0,1125
trq,trq,t-r-q,0,1125.5,0,1125,0,1044.5,0,1125
mTw,muTw,m-ṭ-w,0,1125.5,0,1125,0,1044.5,0,1125
sdy,sdy,s-d-y,0,1125.5,0,1125,0,1044.5,0,1125
m$j,mshj,m-sh-j,0,1125.5,0,1125,0,1044.5,0,1125
mzj,mzj,m-z-j,0,1125.5,0,1125,0,1044.5,0,1125
qmTr,qmuTr,q-m-ṭ-r,0,1125.5,0,1125,0,1044.5,0,1125
zmhr,zmhr,z-m-h-r,0,1125.5,0,1125,0,1044.5,0,1125
kft,kft,k-f-t,0,1125.5,0,1125,0,1044.5,0,1125
$mx,shmx,sh-m-kh,0,1125.5,0,1125,0,1044.5,0,1125
lhb,lhb,l-h-b,0,1125.5,0,1125,0,1044.5,0,1125
whj,whj,w-h-j,0,1125.5,0,1125,0,1044.5,0,1125
vjj,vjj,th-j-j,0,1125.5,0,1125,0,1044.5,0,1125
dhq,dhq,d-h-q,0,1125.5,0,1125,0,1044.5,0,1125
n$T,nshuT,n-sh-ṭ,0,1125.5,0,1125,0,1044.5,0,1125
nxr,nxr,n-kh-r,0,1125.5,0,1125,0,1044.5,0,1125
shr,shr,s-h-r,0,1125.5,0,1125,0,1044.5,0,1125
smk,smk,s-m-k,0,1125.5,0,1125,0,1044.5,0,1125
gT$,guTsh,gh-ṭ-sh,0,1125.5,0,1125,0,1044.5,0,1125
dHw,duHw,d-ḥ-w,0,1125.5,0,1125,0,1044.5,0,1125
Tmm,uTmm,ṭ-m-m,0,1125.5,0,1125,0,1044.5,0,1125
qDb,quDb,q-ḍ-b,0,1125.5,0,1125,0,1044.5,0,1125
Abb,uAbb,a-b-b,0,1125.5,0,1125,0,1044.5,0,1125
Sxx,uSxx,ṣ-kh-kh,0,1125.5,0,1125,0,1044.5,0,1125
kdr,kdr,k-d-r,0,1125.5,0,1125,0,1044.5,0,1125
wH$,wuHsh,w-ḥ-sh,0,1125.5,0,1125,0,1044.5,0,1125
wAd,wuAd,w-a-d,0,1125.5,0,1125,0,1044.5,0,1125
k$T,kshuT,k-sh-ṭ,0,1125.5,0,1125,0,1044.5,0,1125
xns,xns,kh-n-s,0,1125.5,0,1125,0,1044.5,0,1125
kns,kns,k-n-s,0,1125.5,0,1125,0,1044.5,0,1125
EsEs,uEsuEs,ʿ-s-ʿ-s,0,1125.5,0,1125,0,1044.5,0,1125
Dnn,uDnn,ḍ-n-n,0,1125.5,0,1125,0,1044.5,0,1125
bEvr,buEvr,b-ʿ-th-r,0,1125.5,0,1125,0,1044.5,0,1125
Tff,uTff,ṭ-f-f,0,1125.5,0,1125,0,1044.5,0,1125
ryn,ryn,r-y-n,0,1125.5,0,1125,0,1044.5,0,1125
rHq,ruHq,r-ḥ-q,0,1125.5,0,1125,0,1044.5,0,1125
snm,snm,s-n-m,0,1125.5,0,1125,0,1044.5,0,1125
gmz,gmz,gh-m-z,0,1125.5,0,1125,0,1044.5,0,1125
kdH,kduH,k-d-ḥ,0,1125.5,0,1125,0,1044.5,0,1125
wsq,wsq,w-s-q,0,1125.5,0,1125,0,1044.5,0,1125
dfq,dfq,d-f-q,0,1125.5,0,1125,0,1044.5,0,1125
hzl,hzl,h-z-l,0,1125.5,0,1125,0,1044.5,0,1125
sTH,suTuH,s-ṭ-ḥ,0,1125.5,0,1125,0,1044.5,0,1125
swT,swuT,s-w-ṭ,0,1125.5,0,1125,0,1044.5,0,1125
jmm,jmm,j-m-m,0,1125.5,0,1125,0,1044.5,0,1125
kbd,kbd,k-b-d,0,1125.5,0,1125,0,1044.5,0,1125
$fh,shfh,sh-f-h,0,1125.5,0,1125,0,1044.5,0,1125
njd,njd,n-j-d,0,1125.5,0,1125,0,1044.5,0,1125
fkk,fkk,f-k-k,0,1125.5,0,1125,0,1044.5,0,1125
sgb,sgb,s-gh-b,0,1125.5,0,1125,0,1044.5,0,1125
THw,uTuHw,ṭ-ḥ-w,0,1125.5,0,1125,0,1044.5,0,1125
lhm,lhm,l-h-m,0,1125.5,0,1125,0,1044.5,0,1125
dsw,dsw,d-s-w,0,1125.5,0,1125,0,1044.5,0,1125
dmdm,dmdm,d-m-d-m,0,1125.5,0,1125,0,1044.5,0,1125
lZy,luZy,l-ẓ-y,0,1125.5,0,1125,0,1044.5,0,1125
sjw,sjw,s-j-w,0,1125.5,0,1125,0,1044.5,0,1125
tyn,tyn,t-y-n,0,1125.5,0,1125,0,1044.5,0,1125
sfE,sfuE,s-f-ʿ,0,1125.5,0,1125,0,1044.5,0,1125
zbn,zbn,z-b-n,0,1125.5,0,1125,0,1044.5,0,1125
DbH,uDbuH,ḍ-b-ḥ,0,1125.5,0,1125,0,1044.5,0,1125
qdH,qduH,q-d-ḥ,0,1125.5,0,1125,0,1044.5,0,1125
nqE,nquE,n-q-ʿ,0,1125.5,0,1125,0,1044.5,0,1125
knd,knd,k-n-d,0,1125.5,0,1125,0,1044.5,0,1125
HSl,uHuSl,ḥ-ṣ-l,0,1125.5,0,1125,0,1044.5,0,1125
fyl,fyl,f-y-l,0,1125.5,0,1125,0,1044.5,0,1125
$tw,shtw,sh-t-w,0,1125.5,0,1125,0,1044.5,0,1125
Syf,uSyf,ṣ-y-f,0,1125.5,0,1125,0,1044.5,0,1125
mEn,muEn,m-ʿ-n,0,1125.5,0,1125,0,1044.5,0,1125
nHr,nuHr,n-ḥ-r,0,1125.5,0,1125,0,1044.5,0,1125
btr,btr,b-t-r,0,1125.5,0,1125,0,1044.5,0,1125
jyd,jyd,j-y-d,0,1125.5,0,1125,0,1044.5,0,1125
msd,msd,m-s-d,0,1125.5,0,1125,0,1044.5,0,1125
Smd,uSmd,ṣ-m-d,0,1125.5,0,1125,0,1044.5,0,1125
kfA,kfuA,k-f-a,0,1125.5,0,1125,0,1044.5,0,1125
wqb,wqb,w-q-b,0,1125.5,0,1125,0,1044.5,0,1125
nfv,nfv,n-f-th,0,1125.5,0,1125,0,1044.5,0,1125
