root,safeKey,rootLatin,totalCount,surahsOccurringIn,dp,dpNorm,juillandD,adjustedFrequency
Elm,uElm,ʿ-l-m,854,85,0.18027,0.180293,0.859708,700.05
Aty,uAty,a-t-y,549,72,0.180459,0.180482,0.900723,449.93
kll,kll,k-l-l,377,74,0.184807,0.184831,0.884634,307.33
kwn,kwn,k-w-n,1390,86,0.185146,0.18517,0.915675,1132.65
byn,byn,b-y-n,523,71,0.196677,0.196703,0.900282,420.14
qwl,qwl,q-w-l,1722,84,0.204817,0.204843,0.918731,1369.31
qbl,qbl,q-b-l,294,64,0.207372,0.207399,0.896551,233.03
$yA,shyuA,sh-y-a,519,73,0.211312,0.211339,0.893246,409.33
ArD,uAruD,a-r-ḍ,461,80,0.216327,0.216355,0.889372,361.27
qwm,qwm,q-w-m,660,79,0.229118,0.229148,0.89889,508.78
Zlm,uZlm,ẓ-l-m,315,59,0.230992,0.231022,0.885232,242.24
Axr,uAxr,a-kh-r,250,64,0.234438,0.234468,0.868923,191.39
Eml,uEml,ʿ-m-l,360,68,0.240113,0.240144,0.801149,273.56
E*b,uEdhb,ʿ-dh-b,373,68,0.247947,0.247979,0.884179,280.52
nfs,nfs,n-f-s,298,63,0.24866,0.248692,0.845024,223.9
Amn,uAmn,a-m-n,879,77,0.251388,0.25142,0.87772,658.03
rHm,ruHm,r-ḥ-m,339,62,0.253451,0.253484,0.698776,253.08
End,uEnd,ʿ-n-d,201,62,0.254224,0.254257,0.879444,149.9
Hqq,uHqq,ḥ-q-q,287,59,0.257799,0.257832,0.781283,213.01
nzl,nzl,n-z-l,293,60,0.260136,0.26017,0.782566,216.78
smw,smw,s-m-w,381,81,0.266639,0.266673,0.896826,279.41
ywm,ywm,y-w-m,405,75,0.267994,0.268028,0.87663,296.46
Alh,uAlh,a-l-h,2851,86,0.268334,0.268369,0.903934,2085.98
rbb,rbb,r-b-b,980,94,0.270487,0.270522,0.898191,714.92
smE,smuE,s-m-ʿ,185,57,0.271334,0.271369,0.858753,134.8
rsl,rsl,r-s-l,513,69,0.271607,0.271642,0.881767,373.67
rAy,ruAy,r-a-y,328,72,0.27178,0.271815,0.796931,238.86
bEd,buEd,b-ʿ-d,235,57,0.280181,0.280217,0.838805,169.16
Amr,uAmr,a-m-r,248,61,0.281136,0.281173,0.834186,178.28
kvr,kvr,k-th-r,167,51,0.282999,0.283036,0.628114,119.74
kfr,kfr,k-f-r,525,77,0.286876,0.286913,0.894398,374.39
mlk,mlk,m-l-k,206,63,0.289006,0.289043,0.795606,146.46
Ax*,uAxdh,a-kh-dh,273,55,0.29238,0.292417,0.857164,193.18
Hkm,uHkm,ḥ-k-m,210,57,0.294201,0.294239,0.754226,148.22
dnw,dnw,d-n-w,133,46,0.294588,0.294626,0.844037,93.82
SlH,uSluH,ṣ-l-ḥ,180,54,0.295046,0.295084,0.730137,126.89
jyA,jyuA,j-y-a,278,62,0.296037,0.296075,0.815975,195.7
hdy,hdy,h-d-y,316,62,0.297618,0.297656,0.857177,221.95
*kr,dhkr,dh-k-r,292,71,0.301486,0.301524,0.839318,203.97
Hsn,uHsn,ḥ-s-n,194,50,0.304647,0.304687,0.803081,134.9
Ayy,uAyy,a-y-y,382,59,0.306757,0.306796,0.870748,264.82
bSr,buSr,b-ṣ-r,148,62,0.3081,0.30814,0.857676,102.4
gfr,gfr,gh-f-r,234,56,0.308942,0.308982,0.796787,161.71
jEl,juEl,j-ʿ-l,346,66,0.310636,0.310676,0.808437,238.52
wly,wly,w-l-y,232,55,0.310752,0.310792,0.839161,159.91
nwr,nwr,n-w-r,194,62,0.311126,0.311166,0.821642,133.64
tbE,tbuE,t-b-ʿ,172,51,0.314123,0.314164,0.863344,117.97
xyr,xyr,kh-y-r,196,55,0.315919,0.315959,0.809931,134.08
Hyy,uHyy,ḥ-y-y,184,50,0.321436,0.321478,0.823838,124.86
Dll,uDll,ḍ-l-l,191,56,0.322026,0.322068,0.786566,129.49
ktb,ktb,k-t-b,319,61,0.322938,0.32298,0.831527,215.98
mvl,mvl,m-th-l,169,50,0.326935,0.326977,0.847376,113.75
xrj,xrj,kh-r-j,182,56,0.328831,0.328874,0.827172,122.15
kbr,kbr,k-b-r,161,57,0.330331,0.330373,0.850461,107.82
bny,bny,b-n-y,184,53,0.332022,0.332065,0.828531,122.91
xwf,xwf,kh-w-f,124,42,0.338048,0.338092,0.661838,82.08
b$r,bshr,b-sh-r,123,47,0.3396,0.339644,0.819266,81.23
wqy,wqy,w-q-y,258,63,0.343359,0.343403,0.849187,169.41
Awl,uAwl,a-w-l,170,54,0.344316,0.34436,0.833012,111.47
jnn,jnn,j-n-n,201,70,0.344374,0.344419,0.839662,131.78
Sdq,uSdq,ṣ-d-q,155,49,0.350494,0.350539,0.858304,100.67
bgy,bgy,b-gh-y,96,41,0.351432,0.351478,0.811855,62.26
slm,slm,s-l-m,140,48,0.351799,0.351844,0.7723,90.75
ydy,ydy,y-d-y,120,47,0.354868,0.354914,0.729561,77.42
$hd,shhd,sh-h-d,160,48,0.360582,0.360628,0.766349,102.31
mwt,mwt,m-w-t,165,53,0.36127,0.361317,0.844904,105.39
$dd,shdd,sh-d-d,102,48,0.362278,0.362324,0.798238,65.05
dwn,dwn,d-w-n,144,46,0.362591,0.362638,0.858087,91.79
xlq,xlq,kh-l-q,261,75,0.363619,0.363666,0.866005,166.1
xlf,xlf,kh-l-f,127,40,0.365601,0.365648,0.843669,80.57
dEw,duEw,d-ʿ-w,212,55,0.366485,0.366533,0.833985,134.31
swA,swuA,s-w-a,167,45,0.366768,0.366815,0.85042,105.75
gyr,gyr,gh-y-r,154,46,0.367335,0.367382,0.756433,97.43
Amm,uAmm,a-m-m,118,42,0.368164,0.368211,0.758586,74.56
fEl,fuEl,f-ʿ-l,108,44,0.371105,0.371153,0.729086,67.92
sbl,sbl,s-b-l,176,47,0.371165,0.371213,0.843175,110.67
nws,nws,n-w-s,241,53,0.372299,0.372347,0.52309,151.28
klm,klm,k-l-m,75,32,0.372402,0.37245,0.809104,47.07
Ebd,uEbd,ʿ-b-d,275,57,0.372443,0.372491,0.544827,172.58
nEm,nuEm,n-ʿ-m,140,61,0.374289,0.374337,0.79963,87.6
nbA,nbuA,n-b-a,160,47,0.37459,0.374639,0.775113,100.07
jzy,jzy,j-z-y,118,47,0.379008,0.379057,0.819914,73.28
nSr,nuSr,n-ṣ-r,158,46,0.379124,0.379173,0.730125,98.1
jmE,jmuE,j-m-ʿ,129,45,0.379237,0.379286,0.773695,80.08
rwd,rwd,r-w-d,148,47,0.381876,0.381925,0.831975,91.48
nhr,nhr,n-h-r,113,51,0.383438,0.383487,0.806309,69.67
lqy,lqy,l-q-y,146,53,0.384429,0.384478,0.831104,89.87
wEd,wuEd,w-ʿ-d,151,51,0.384877,0.384927,0.848598,92.88
$Tn,shuTn,sh-ṭ-n,88,36,0.386443,0.386493,0.795013,53.99
Drr,uDrr,ḍ-r-r,74,31,0.386891,0.386941,0.816578,45.37
qrb,qrb,q-r-b,96,41,0.386959,0.387009,0.799229,58.85
mtE,mtuE,m-t-ʿ,70,38,0.387805,0.387855,0.815331,42.85
rzq,rzq,r-z-q,123,44,0.39219,0.392241,0.829779,74.76
$rk,shrk,sh-r-k,168,44,0.393384,0.393435,0.805074,101.91
xld,xld,kh-l-d,87,40,0.395267,0.395318,0.709488,52.61
rjE,rjuE,r-j-ʿ,104,42,0.395805,0.395856,0.746299,62.84
EZm,uEuZm,ʿ-ẓ-m,128,50,0.396928,0.396979,0.844481,77.19
wjh,wjh,w-j-h,78,38,0.403439,0.403491,0.739181,46.53
rdd,rdd,r-d-d,59,30,0.404425,0.404477,0.588019,35.14
bED,buEuD,b-ʿ-ḍ,158,38,0.404816,0.404869,0.812693,94.04
qlb,qlb,q-l-b,168,48,0.406319,0.406372,0.832397,99.74
sAl,suAl,s-a-l,129,47,0.406753,0.406806,0.772526,76.53
Ezz,uEzz,ʿ-z-z,119,47,0.407226,0.407278,0.838813,70.54
bAs,buAs,b-a-s,73,33,0.409291,0.409343,0.815565,43.12
Akl,uAkl,a-k-l,109,40,0.409937,0.40999,0.687404,64.32
swy,swy,s-w-y,83,48,0.410228,0.410281,0.737069,48.95
dxl,dxl,d-kh-l,126,45,0.411334,0.411387,0.708413,74.17
Alm,uAlm,a-l-m,75,42,0.41153,0.411583,0.825056,44.14
nZr,nuZr,n-ẓ-r,129,48,0.411646,0.411699,0.819912,75.9
rjl,rjl,r-j-l,73,32,0.412007,0.41206,0.799552,42.92
qdr,qdr,q-d-r,132,58,0.413657,0.413711,0.697112,77.4
Sbr,uSbr,ṣ-b-r,103,45,0.418915,0.418969,0.62776,59.85
ErD,uEruD,ʿ-r-ḍ,79,35,0.419898,0.419952,0.815791,45.83
A*n,uAdhn,a-dh-n,102,38,0.420971,0.421026,0.708514,59.06
skn,skn,s-k-n,69,40,0.421039,0.421093,0.670384,39.95
frq,frq,f-r-q,72,30,0.424001,0.424056,0.738916,41.47
qll,qll,q-l-l,76,33,0.427455,0.42751,0.766406,43.51
$kr,shkr,sh-k-r,75,35,0.433595,0.433651,0.776486,42.48
wfy,wfy,w-f-y,66,27,0.433879,0.433935,0.787395,37.36
jry,jry,j-r-y,64,43,0.43645,0.436506,0.805141,36.07
blg,blg,b-l-gh,77,36,0.437322,0.437379,0.804701,43.33
k*b,kdhb,k-dh-b,282,68,0.437603,0.43766,0.794365,158.6
Ahl,uAhl,a-h-l,127,40,0.438903,0.43896,0.780395,71.26
Eql,uEql,ʿ-q-l,49,30,0.443791,0.443848,0.809931,27.25
xsr,xsr,kh-s-r,65,35,0.444007,0.444064,0.476023,36.14
n*r,ndhr,n-dh-r,130,50,0.445067,0.445124,0.786451,72.14
kyf,kyf,k-y-f,83,37,0.445386,0.445444,0.649622,46.03
lys,lys,l-y-s,89,33,0.449962,0.45002,0.697104,48.95
SHb,uSuHb,ṣ-ḥ-b,97,47,0.450285,0.450343,0.732823,53.32
wHd,wuHd,w-ḥ-d,68,35,0.451107,0.451165,0.788498,37.32
lyl,lyl,l-y-l,92,49,0.453698,0.453756,0.654884,50.26
dyn,dyn,d-y-n,101,40,0.4543,0.454359,0.69666,55.12
TwE,uTwuE,ṭ-w-ʿ,129,40,0.455139,0.455197,0.803632,70.29
Hzn,uHzn,ḥ-z-n,42,25,0.462171,0.462231,0.806531,22.59
Ajr,uAjr,a-j-r,108,39,0.463072,0.463132,0.753749,57.99
Edw,uEdw,ʿ-d-w,106,34,0.464011,0.464071,0.743076,56.81
zwj,zwj,z-w-j,81,43,0.465574,0.465634,0.81447,43.29
bEv,buEv,b-ʿ-th,67,33,0.466592,0.466652,0.737665,35.74
gny,gny,gh-n-y,73,44,0.467077,0.467137,0.724189,38.9
Hbb,uHbb,ḥ-b-b,95,35,0.469906,0.469967,0.747691,50.36
mss,mss,m-s-s,61,29,0.470199,0.47026,0.774786,32.32
hlk,hlk,h-l-k,68,40,0.473958,0.474019,0.78045,35.77
fDl,fuDl,f-ḍ-l,104,32,0.474052,0.474113,0.755548,54.7
ftn,ftn,f-t-n,60,32,0.474224,0.474286,0.791686,31.55
zyd,zyd,z-y-d,61,32,0.474629,0.474691,0.723354,32.05
Swb,uSwb,ṣ-w-b,77,27,0.476822,0.476884,0.774323,40.28
Hsb,uHsb,ḥ-s-b,109,40,0.478011,0.478073,0.76676,56.9
Abw,uAbw,a-b-w,117,37,0.479957,0.480019,0.666905,60.85
Slw,uSlw,ṣ-l-w,99,37,0.480473,0.480535,0.584518,51.43
dwr,dwr,d-w-r,55,27,0.48114,0.481202,0.749892,28.54
wHy,wuHy,w-ḥ-y,78,33,0.481342,0.481404,0.66818,40.46
AHd,uAuHd,a-ḥ-d,85,33,0.481343,0.481405,0.482292,44.09
byt,byt,b-y-t,73,29,0.483802,0.483864,0.502793,37.68
bTl,buTl,b-ṭ-l,36,24,0.48433,0.484393,0.773739,18.56
nhy,nhy,n-h-y,56,26,0.486592,0.486655,0.624556,28.75
sbH,sbuH,s-b-ḥ,92,49,0.49032,0.490383,0.711891,46.89
tlw,tlw,t-l-w,63,33,0.490575,0.490638,0.726901,32.09
qdm,qdm,q-d-m,48,37,0.49172,0.491783,0.784218,24.4
nfE,nfuE,n-f-ʿ,50,31,0.492401,0.492464,0.734735,25.38
Tyb,uTyb,ṭ-y-b,50,23,0.494371,0.494435,0.765963,25.28
rwH,rwuH,r-w-ḥ,57,40,0.495496,0.49556,0.67696,28.76
wld,wld,w-l-d,102,39,0.49677,0.496834,0.489268,51.33
Ajl,uAjl,a-j-l,56,29,0.497351,0.497415,0.73797,28.15
Elw,uElw,ʿ-l-w,70,41,0.498228,0.498293,0.782759,35.12
mwh,mwh,m-w-h,63,41,0.49893,0.498994,0.784149,31.57
Ewd,uEwd,ʿ-w-d,63,39,0.499318,0.499383,0.807272,31.54
Eqb,uEqb,ʿ-q-b,80,32,0.503487,0.503552,0.697231,39.72
wkl,wkl,w-k-l,70,29,0.503932,0.503997,0.806793,34.72
gyb,gyb,gh-y-b,60,35,0.50562,0.505685,0.783002,29.66
Axw,uAxw,a-kh-w,96,31,0.507486,0.507552,0.772273,47.28
fwq,fwq,f-w-q,43,27,0.508521,0.508587,0.780448,21.13
tHt,tuHt,t-ḥ-t,51,30,0.509221,0.509287,0.752232,25.03
ksb,ksb,k-s-b,67,27,0.509858,0.509924,0.542905,32.84
Drb,uDrb,ḍ-r-b,58,28,0.509965,0.510031,0.774233,28.42
blw,blw,b-l-w,38,25,0.511253,0.511319,0.645853,18.57
*hb,dhhb,dh-h-b,56,30,0.51176,0.511826,0.761482,27.34
wjd,wjd,w-j-d,107,32,0.515574,0.515641,0.534697,51.83
qtl,qtl,q-t-l,170,33,0.515842,0.515908,0.819359,82.31
Sdr,uSdr,ṣ-d-r,46,31,0.516974,0.517041,0.600503,22.22
jrm,jrm,j-r-m,66,36,0.518346,0.518413,0.803473,31.79
Hmd,uHmd,ḥ-m-d,63,40,0.519102,0.519169,0.616975,30.3
sjd,sjd,s-j-d,92,32,0.51974,0.519807,0.781349,44.18
Hrm,uHrm,ḥ-r-m,83,25,0.522029,0.522097,0.777775,39.67
SrT,uSruT,ṣ-r-ṭ,45,25,0.522998,0.523065,0.349952,21.47
ryb,ryb,r-y-b,36,26,0.527407,0.527475,0.776486,17.01
Erf,uErf,ʿ-r-f,70,26,0.527484,0.527552,0.751283,33.08
mwl,mwl,m-w-l,86,38,0.527635,0.527704,0.657703,40.62
Hml,uHml,ḥ-m-l,64,29,0.529574,0.529642,0.62037,30.11
fsd,fsd,f-s-d,50,23,0.530436,0.530504,0.735472,23.48
gfl,gfl,gh-f-l,35,21,0.530854,0.530922,0.772355,16.42
qTE,quTuE,q-ṭ-ʿ,36,23,0.531359,0.531427,0.751686,16.87
xbr,xbr,kh-b-r,52,31,0.532177,0.532245,0.659571,24.33
Znn,uZnn,ẓ-n-n,69,32,0.533587,0.533656,0.75706,32.18
flH,fluH,f-l-ḥ,40,24,0.535637,0.535706,0.636195,18.57
Ejl,uEjl,ʿ-j-l,47,25,0.536914,0.536983,0.698994,21.77
qDy,quDy,q-ḍ-y,63,29,0.537018,0.537088,0.789029,29.17
Ans,uAns,a-n-s,97,52,0.537218,0.537287,0.751773,44.89
bdl,bdl,b-d-l,44,25,0.545448,0.545519,0.755,20
*wq,dhwq,dh-w-q,63,32,0.546072,0.546143,0.765617,28.6
srr,srr,s-r-r,44,33,0.54806,0.548131,0.716424,19.89
fsq,fsq,f-s-q,54,23,0.548343,0.548414,0.739102,24.39
zyn,zyn,z-y-n,46,28,0.548374,0.548445,0.804156,20.77
ymn,ymn,y-m-n,71,34,0.549234,0.549305,0.751809,32
twb,twb,t-w-b,87,25,0.549356,0.549427,0.555396,39.21
jwb,jwb,j-w-b,43,23,0.550952,0.551023,0.727255,19.31
jhl,jhl,j-h-l,24,17,0.551028,0.5511,0.724104,10.78
zkw,zkw,z-k-w,59,29,0.551032,0.551103,0.727317,26.49
Hll,uHll,ḥ-l-l,51,21,0.553164,0.553235,0.666032,22.79
*rr,dhrr,dh-r-r,38,21,0.555156,0.555228,0.36071,16.9
rDw,ruDw,r-ḍ-w,73,32,0.55517,0.555242,0.717012,32.47
lEn,luEn,l-ʿ-n,41,18,0.555754,0.555826,0.742077,18.21
njw,njw,n-j-w,84,31,0.55672,0.556792,0.727253,37.24
DEf,uDuEf,ḍ-ʿ-f,52,21,0.557194,0.557266,0.751566,23.03
w*r,wdhr,w-dh-r,45,29,0.557481,0.557553,0.711079,19.91
Edd,uEdd,ʿ-d-d,57,26,0.558429,0.558501,0.626594,25.17
slT,sluT,s-l-ṭ,39,27,0.559019,0.559091,0.787556,17.2
Hwl,uHwl,ḥ-w-l,25,19,0.559579,0.559652,0.762024,11.01
qry,qry,q-r-y,57,26,0.559997,0.560069,0.789863,25.08
Er$,uErsh,ʿ-r-sh,33,25,0.561771,0.561843,0.684859,14.46
brA,bruA,b-r-a,31,20,0.562165,0.562238,0.504048,13.57
Eyn,uEyn,ʿ-y-n,65,37,0.563535,0.563607,0.71847,28.37
qSS,quSuS,q-ṣ-ṣ,30,14,0.565448,0.565521,0.700917,13.04
bdw,bdw,b-d-w,31,16,0.56589,0.565963,0.71789,13.46
wry,wry,w-r-y,32,25,0.566576,0.566649,0.627126,13.87
dbr,dbr,d-b-r,44,31,0.56689,0.566964,0.751649,19.06
Sdd,uSdd,ṣ-d-d,42,23,0.567234,0.567307,0.689016,18.18
fry,fry,f-r-y,60,24,0.568264,0.568338,0.768252,25.9
hzA,hzuA,h-z-a,34,21,0.568465,0.568538,0.722539,14.67
$Er,shuEr,sh-ʿ-r,40,23,0.56857,0.568644,0.771802,17.26
Zhr,uZhr,ẓ-h-r,59,30,0.569324,0.569397,0.641853,25.41
Tgy,uTgy,ṭ-gh-y,39,27,0.570112,0.570186,0.707249,16.77
krh,krh,k-r-h,41,21,0.571361,0.571435,0.687815,17.57
E$r,uEshr,ʿ-sh-r,27,19,0.571973,0.572046,0.63564,11.56
H$r,uHshr,ḥ-sh-r,43,28,0.572296,0.57237,0.750159,18.39
xfy,xfy,kh-f-y,34,21,0.574316,0.57439,0.630524,14.47
qrA,qruA,q-r-a,88,42,0.575534,0.575608,0.757794,37.35
mrr,mrr,m-r-r,35,22,0.577138,0.577213,0.68403,14.8
nfq,nfq,n-f-q,111,31,0.578706,0.578781,0.681904,46.76
bHr,buHr,b-ḥ-r,42,25,0.580666,0.580741,0.704869,17.61
Any,uAny,a-n-y,36,25,0.580821,0.580896,0.720634,15.09
drj,drj,d-r-j,20,16,0.584768,0.584844,0.696556,8.3
Emy,uEmy,ʿ-m-y,33,22,0.585194,0.58527,0.720407,13.69
nkr,nkr,n-k-r,37,26,0.589271,0.589347,0.787565,15.2
ESy,uEuSy,ʿ-ṣ-y,32,23,0.590572,0.590648,0.750155,13.1
nsy,nsy,n-s-y,45,20,0.59659,0.596667,0.677702,18.15
ftH,ftuH,f-t-ḥ,38,25,0.598052,0.598129,0.459361,15.27
vmn,vmn,th-m-n,19,13,0.598703,0.598781,0.464515,7.62
Hlm,uHlm,ḥ-l-m,21,16,0.598728,0.598805,0.675102,8.43
nbt,nbt,n-b-t,26,21,0.599089,0.599166,0.672793,10.42
fH$,fuHsh,f-ḥ-sh,24,15,0.601271,0.601348,0.686049,9.57
vny,vny,th-n-y,29,18,0.602785,0.602863,0.744578,11.52
qwy,qwy,q-w-y,42,25,0.603718,0.603796,0.689364,16.64
vlv,vlv,th-l-th,32,20,0.60381,0.603888,0.679839,12.68
swE,swuE,s-w-ʿ,49,27,0.605229,0.605307,0.765617,19.34
HwT,uHwuT,ḥ-w-ṭ,28,18,0.605854,0.605932,0.650812,11.04
x$y,xshy,kh-sh-y,48,24,0.606176,0.606254,0.684947,18.9
Hyn,uHyn,ḥ-y-n,35,23,0.60714,0.607218,0.763618,13.75
$ms,shms,sh-m-s,33,28,0.608161,0.60824,0.677803,12.93
Twf,uTwf,ṭ-w-f,41,22,0.609067,0.609146,0.716187,16.03
qrr,qrr,q-r-r,38,22,0.612119,0.612198,0.726343,14.74
nSb,nuSb,n-ṣ-b,32,19,0.612583,0.612663,0.443889,12.4
jbl,jbl,j-b-l,41,33,0.613265,0.613344,0.702519,15.86
Syr,uSyr,ṣ-y-r,29,22,0.614719,0.614799,0.726887,11.17
Srf,uSrf,ṣ-r-f,30,17,0.615675,0.615754,0.71403,11.53
Awy,uAwy,a-w-y,36,23,0.615999,0.616079,0.605986,13.82
kwd,kwd,k-w-d,24,19,0.616314,0.616394,0.727929,9.21
xlw,xlw,kh-l-w,28,18,0.616389,0.616468,0.647312,10.74
hwy,hwy,h-w-y,38,22,0.617197,0.617277,0.576015,14.55
$fE,shfuE,sh-f-ʿ,31,19,0.617469,0.617549,0.674481,11.86
Ehd,uEhd,ʿ-h-d,46,17,0.61837,0.61845,0.735972,17.55
wEZ,wuEuZ,w-ʿ-ẓ,25,14,0.619004,0.619084,0.691965,9.52
*nb,dhnb,dh-n-b,39,26,0.621291,0.621371,0.676921,14.77
rjw,rjw,r-j-w,28,21,0.621322,0.621402,0.72352,10.6
HfZ,uHfuZ,ḥ-f-ẓ,44,23,0.621456,0.621537,0.694077,16.66
Thr,uThr,ṭ-h-r,31,18,0.622552,0.622632,0.652881,11.7
trk,trk,t-r-k,43,20,0.62353,0.623611,0.715788,16.19
wsE,wsuE,w-s-ʿ,32,15,0.623561,0.623641,0.640902,12.05
bwb,bwb,b-w-b,27,17,0.627827,0.627908,0.681513,10.05
Tyr,uTyr,ṭ-y-r,29,19,0.628938,0.629019,0.374336,10.76
srf,srf,s-r-f,23,17,0.629816,0.629898,0.71805,8.51
mnn,mnn,m-n-n,27,20,0.631172,0.631254,0.556449,9.96
nsw,nsw,n-s-w,59,16,0.631473,0.631554,0.685889,21.74
sHr,suHr,s-ḥ-r,63,27,0.631751,0.631833,0.746319,23.2
Esy,uEsy,ʿ-s-y,30,16,0.631934,0.632016,0.661186,11.04
rfE,rfuE,r-f-ʿ,29,21,0.634815,0.634897,0.551624,10.59
HDr,uHuDr,ḥ-ḍ-r,25,16,0.635081,0.635163,0.61286,9.12
ndw,ndw,n-d-w,53,26,0.635295,0.635377,0.735268,19.33
ysr,ysr,y-s-r,44,27,0.635508,0.63559,0.588704,16.04
qEd,quEd,q-ʿ-d,31,15,0.635832,0.635915,0.604585,11.29
Avm,uAvm,a-th-m,48,21,0.637949,0.638032,0.755992,17.38
gDb,guDb,gh-ḍ-b,24,15,0.640207,0.64029,0.332972,8.64
fSl,fuSl,f-ṣ-l,43,24,0.640746,0.640829,0.664993,15.45
mrA,mruA,m-r-a,38,22,0.641403,0.641486,0.556485,13.63
mll,mll,m-l-l,18,11,0.641594,0.641677,0.675124,6.45
xzy,xzy,kh-z-y,26,15,0.643866,0.643949,0.69931,9.26
glb,glb,gh-l-b,31,18,0.643875,0.643958,0.67557,11.04
syr,syr,s-y-r,27,21,0.645953,0.646037,0.671071,9.56
qsT,qsuT,q-s-ṭ,25,15,0.646291,0.646375,0.627064,8.84
xlS,xluS,kh-l-ṣ,31,17,0.647834,0.647918,0.627592,10.92
jnb,jnb,j-n-b,33,21,0.648521,0.648605,0.626376,11.6
xff,xff,kh-f-f,17,13,0.651733,0.651817,0.251801,5.92
fwz,fwz,f-w-z,29,21,0.651811,0.651895,0.70638,10.1
brk,brk,b-r-k,32,22,0.651879,0.651963,0.770615,11.14
$qq,shqq,sh-q-q,28,21,0.653347,0.653431,0.653366,9.71
HbT,uHbuT,ḥ-b-ṭ,16,12,0.653446,0.653531,0.534464,5.54
mdd,mdd,m-d-d,32,24,0.653502,0.653587,0.579318,11.09
sbq,sbq,s-b-q,37,24,0.654306,0.654391,0.707654,12.79
Hyv,uHyv,ḥ-y-th,31,14,0.654827,0.654911,0.642187,10.7
*ll,dhll,dh-l-l,24,17,0.655475,0.65556,0.671395,8.27
Zll,uZll,ẓ-l-l,33,20,0.656257,0.656342,0.617799,11.34
TEm,uTuEm,ṭ-ʿ-m,48,26,0.65647,0.656554,0.615601,16.49
bTn,buTn,b-ṭ-n,25,18,0.658339,0.658424,0.731565,8.54
Ejz,uEjz,ʿ-j-z,26,21,0.658667,0.658753,0.711182,8.87
wrv,wrv,w-r-th,35,20,0.658713,0.658798,0.707894,11.95
wdd,wdd,w-d-d,29,18,0.659146,0.659231,0.645766,9.88
bwA,bwuA,b-w-a,17,12,0.660657,0.660742,0.66923,5.77
flk,flk,f-l-k,25,20,0.66135,0.661436,0.757097,8.47
SbH,uSbuH,ṣ-b-ḥ,45,25,0.662448,0.662534,0.669313,15.19
Ejb,uEjb,ʿ-j-b,27,17,0.662504,0.662589,0.703679,9.11
Efw,uEfw,ʿ-f-w,35,11,0.662542,0.662628,0.635049,11.81
snw,snw,s-n-w,20,17,0.663454,0.663539,0.692005,6.73
Anv,uAnv,a-n-th,30,17,0.664558,0.664644,0.612716,10.06
H*r,uHdhr,ḥ-dh-r,21,12,0.66603,0.666116,0.587581,7.01
msk,msk,m-s-k,27,17,0.666669,0.666755,0.685449,9
sxr,sxr,s-kh-r,42,21,0.666867,0.666953,0.75859,13.99
tmm,tmm,t-m-m,22,12,0.666972,0.667058,0.616712,7.33
bsT,bsuT,b-s-ṭ,25,15,0.667216,0.667302,0.696589,8.32
jdl,jdl,j-d-l,29,16,0.667567,0.667654,0.712045,9.64
$rb,shrb,sh-r-b,39,22,0.668143,0.668229,0.710025,12.94
Hdv,uHdv,ḥ-d-th,36,28,0.668246,0.668332,0.66888,11.94
jnH,jnuH,j-n-ḥ,34,14,0.668462,0.668548,0.699296,11.27
hwd,hwd,h-w-d,21,10,0.669827,0.669913,0.523256,6.93
wDE,wuDuE,w-ḍ-ʿ,26,18,0.67033,0.670416,0.469552,8.57
qrn,qrn,q-r-n,36,20,0.670524,0.670611,0.718211,11.86
vwb,vwb,th-w-b,28,15,0.670761,0.670848,0.677882,9.22
g$w,gshw,gh-sh-w,29,23,0.671132,0.671219,0.646374,9.54
A*y,uAdhy,a-dh-y,24,10,0.671542,0.671628,0.538716,7.88
hwn,hwn,h-w-n,26,19,0.672189,0.672275,0.700071,8.52
wvq,wvq,w-th-q,34,13,0.672328,0.672415,0.520308,11.14
jhd,jhd,j-h-d,41,19,0.673565,0.673652,0.736646,13.38
brr,brr,b-r-r,32,18,0.676504,0.676591,0.656735,10.35
srE,sruE,s-r-ʿ,23,14,0.678654,0.678742,0.66251,7.39
Tmn,uTmn,ṭ-m-n,13,11,0.680765,0.680853,0.464956,4.15
$jr,shjr,sh-j-r,27,19,0.68218,0.682268,0.721014,8.58
fkr,fkr,f-k-r,18,13,0.682845,0.682933,0.661673,5.71
lbv,lbv,l-b-th,31,17,0.686177,0.686266,0.696954,9.73
lbs,lbs,l-b-s,23,13,0.686442,0.686531,0.643542,7.21
Afk,uAfk,a-f-k,30,21,0.686811,0.6869,0.736552,9.4
rbE,rbuE,r-b-ʿ,22,11,0.689212,0.689301,0.631691,6.84
mnE,mnuE,m-n-ʿ,17,16,0.68994,0.690029,0.348178,5.27
Sgr,uSgr,ṣ-gh-r,13,11,0.690748,0.690837,0.615557,4.02
sqy,sqy,s-q-y,25,19,0.691018,0.691107,0.634346,7.72
Smm,uSmm,ṣ-m-m,15,13,0.691227,0.691316,0.705549,4.63
Swr,uSwr,ṣ-w-r,19,17,0.693562,0.693651,0.615769,5.82
Edl,uEdl,ʿ-d-l,28,11,0.695127,0.695217,0.516968,8.54
Hjr,uHjr,ḥ-j-r,21,14,0.69594,0.696029,0.377803,6.39
rAs,ruAs,r-a-s,18,15,0.697013,0.697103,0.660532,5.45
xTA,xuTuA,kh-ṭ-a,22,13,0.697555,0.697645,0.535564,6.65
sbE,sbuE,s-b-ʿ,28,16,0.698063,0.698154,0.681016,8.45
grq,grq,gh-r-q,23,18,0.698091,0.698182,0.699934,6.94
hjr,hjr,h-j-r,31,17,0.698803,0.698893,0.651803,9.34
nzE,nzuE,n-z-ʿ,20,16,0.699079,0.699169,0.669854,6.02
Hrr,uHrr,ḥ-r-r,15,10,0.699673,0.699764,0.573289,4.5
mrD,mruD,m-r-ḍ,24,13,0.701068,0.701159,0.657114,7.17
rbw,rbw,r-b-w,20,12,0.701559,0.701649,0.62056,5.97
mlA,mluA,m-l-a,40,18,0.70194,0.702031,0.745088,11.92
vbt,vbt,th-b-t,18,11,0.702837,0.702928,0.610642,5.35
qmr,qmr,q-m-r,27,23,0.704533,0.704624,0.655709,7.98
$ry,shry,sh-r-y,25,8,0.705369,0.70546,0.623529,7.37
Hjj,uHjj,ḥ-j-j,33,10,0.706023,0.706114,0.634324,9.7
xbv,xbv,kh-b-th,16,9,0.70632,0.706412,0.565198,4.7
jhr,jhr,j-h-r,16,13,0.70694,0.707032,0.514723,4.69
Emr,uEmr,ʿ-m-r,24,14,0.707048,0.707139,0.656637,7.03
mry,mry,m-r-y,20,16,0.709083,0.709174,0.685018,5.82
mkr,mkr,m-k-r,43,14,0.709734,0.709826,0.668704,12.48
$rr,shrr,sh-r-r,31,22,0.710219,0.710311,0.390142,8.98
lsn,lsn,l-s-n,25,18,0.712261,0.712353,0.64105,7.19
Hnf,uHnf,ḥ-n-f,12,9,0.712562,0.712655,0.323037,3.45
jnd,jnd,j-n-d,29,18,0.713157,0.713249,0.703769,8.32
krm,krm,k-r-m,47,29,0.715308,0.7154,0.716374,13.38
yqn,yqn,y-q-n,28,19,0.716326,0.716418,0.384552,7.94
vmr,vmr,th-m-r,24,12,0.717741,0.717834,0.705896,6.77
qsm,qsm,q-s-m,33,24,0.717875,0.717968,0.733423,9.31
sEy,suEy,s-ʿ-y,30,20,0.718361,0.718454,0.693888,8.45
Sfw,uSfw,ṣ-f-w,17,12,0.718361,0.718454,0.702411,4.79
fqr,fqr,f-q-r,14,11,0.718645,0.718738,0.550919,3.94
DyE,uDyuE,ḍ-y-ʿ,10,8,0.720402,0.720495,0.609151,2.8
Ew*,uEwdh,ʿ-w-dh,17,14,0.721143,0.721236,0.392576,4.74
byD,byuD,b-y-ḍ,12,10,0.721513,0.721606,0.624485,3.34
rhb,rhb,r-h-b,12,10,0.723192,0.723285,0.626943,3.32
fqh,fqh,f-q-h,20,12,0.723359,0.723453,0.490078,5.53
SnE,uSnuE,ṣ-n-ʿ,20,14,0.723527,0.723621,0.700452,5.53
xll,xll,kh-l-l,13,11,0.726548,0.726642,0.666599,3.55
grb,grb,gh-r-b,19,13,0.727066,0.72716,0.645964,5.19
xSm,xuSm,kh-ṣ-m,18,12,0.729435,0.729529,0.609676,4.87
kfy,kfy,k-f-y,33,15,0.730971,0.731065,0.714952,8.88
Hsr,uHsr,ḥ-s-r,12,12,0.730992,0.731087,0.623998,3.23
grr,grr,gh-r-r,27,14,0.731241,0.731335,0.600909,7.26
nyl,nyl,n-y-l,12,7,0.731625,0.73172,0.559431,3.22
mhd,mhd,m-h-d,16,13,0.731866,0.731961,0.58359,4.29
frH,fruH,f-r-ḥ,22,13,0.732232,0.732327,0.68366,5.89
Hdd,uHdd,ḥ-d-d,25,12,0.733356,0.73345,0.570194,6.67
dbb,dbb,d-b-b,18,14,0.733761,0.733856,0.710088,4.79
jby,jby,j-b-y,12,12,0.735048,0.735143,0.628332,3.18
wSy,wuSy,w-ṣ-y,32,13,0.735246,0.735341,0.215764,8.47
rqb,rqb,r-q-b,24,14,0.736556,0.736651,0.583526,6.32
bqy,bqy,b-q-y,21,16,0.73723,0.737325,0.597301,5.52
nfx,nfx,n-f-kh,20,17,0.73745,0.737545,0.671876,5.25
zyl,zyl,z-y-l,10,10,0.73856,0.738656,0.641539,2.61
trb,trb,t-r-b,22,18,0.738812,0.738908,0.609577,5.75
dmw,dmw,d-m-w,10,7,0.73931,0.739405,0.590344,2.61
vql,vql,th-q-l,28,19,0.741837,0.741933,0.392577,7.23
bld,bld,b-l-d,19,15,0.742639,0.742735,0.508336,4.89
wSl,wuSl,w-ṣ-l,12,7,0.742771,0.742867,0.464221,3.09
Hrj,uHrj,ḥ-r-j,15,9,0.743559,0.743655,0.49339,3.85
ktm,ktm,k-t-m,21,7,0.74361,0.743706,0.609633,5.38
r$d,rshd,r-sh-d,19,9,0.745586,0.745683,0.399912,4.83
ESm,uEuSm,ʿ-ṣ-m,13,10,0.745741,0.745838,0.609401,3.31
nxl,nxl,n-kh-l,20,16,0.746872,0.746968,0.663068,5.06
gmm,gmm,gh-m-m,11,8,0.749177,0.749273,0.631813,2.76
kyd,kyd,k-y-d,35,16,0.749377,0.749473,0.463456,8.77
swm,swm,s-w-m,15,10,0.750507,0.750604,0.63383,3.74
lbb,lbb,l-b-b,16,10,0.751101,0.751198,0.61277,3.98
kff,kff,k-f-f,15,9,0.751321,0.751418,0.581186,3.73
Hrb,uHrb,ḥ-r-b,11,9,0.751411,0.751508,0.630465,2.73
rkb,rkb,r-k-b,15,13,0.752458,0.752555,0.522747,3.71
wqE,wquE,w-q-ʿ,24,16,0.752777,0.752875,0.649529,5.93
m$y,mshy,m-sh-y,23,14,0.753006,0.753104,0.638783,5.68
ymm,ymm,y-m-m,11,7,0.753167,0.753265,0.478918,2.72
gdw,gdw,gh-d-w,16,13,0.75318,0.753278,0.611176,3.95
knn,knn,k-n-n,12,11,0.753697,0.753794,0.561604,2.96
$hw,shhw,sh-h-w,13,13,0.753942,0.75404,0.62142,3.2
Tyn,uTyn,ṭ-y-n,12,11,0.754407,0.754505,0.615409,2.95
snn,snn,s-n-n,21,11,0.756731,0.756828,0.591802,5.11
qnt,qnt,q-n-t,13,8,0.758321,0.758418,0.401002,3.14
swr,swr,s-w-r,17,13,0.758932,0.75903,0.653356,4.1
fyD,fyuD,f-y-ḍ,9,7,0.760684,0.760782,0.559353,2.15
TlE,uTluE,ṭ-l-ʿ,19,13,0.76142,0.761518,0.43555,4.53
brz,brz,b-r-z,9,8,0.761472,0.76157,0.434825,2.15
fdy,fdy,f-d-y,13,10,0.76173,0.761828,0.580508,3.1
Abd,uAbd,a-b-d,28,15,0.761958,0.762057,0.675759,6.67
$bh,shbh,sh-b-h,12,6,0.762118,0.762216,0.555308,2.85
lEb,luEb,l-ʿ-b,20,13,0.762208,0.762306,0.650457,4.76
Alf,uAlf,a-l-f,22,12,0.762492,0.762591,0.278977,5.23
fTr,fuTr,f-ṭ-r,20,17,0.762544,0.762642,0.606919,4.75
k$f,kshf,k-sh-f,20,14,0.762957,0.763056,0.665421,4.74
ldn,ldn,l-d-n,18,10,0.763319,0.763417,0.639506,4.26
klf,klf,k-l-f,8,7,0.763616,0.763714,0.4489,1.89
ytm,ytm,y-t-m,23,12,0.764261,0.76436,0.462179,5.42
x$E,xshuE,kh-sh-ʿ,17,16,0.764486,0.764584,0.641531,4
sfr,sfr,s-f-r,12,9,0.765075,0.765174,0.410034,2.82
$rq,shrq,sh-r-q,17,13,0.766909,0.767008,0.653524,3.96
lHm,luHm,l-ḥ-m,12,10,0.768162,0.768261,0.612393,2.78
Ayd,uAyd,a-y-d,11,9,0.768588,0.768687,0.562731,2.55
mny,mny,m-n-y,21,10,0.771403,0.771503,0.533879,4.8
Ewn,uEwn,ʿ-w-n,11,8,0.771571,0.771671,0.119223,2.51
rkE,rkuE,r-k-ʿ,13,8,0.772088,0.772188,0.354648,2.96
wzn,wzn,w-z-n,23,14,0.772643,0.772743,0.328584,5.23
fAy,fuAy,f-a-y,11,6,0.772876,0.772976,0.403708,2.5
rAf,ruAf,r-a-f,13,8,0.773367,0.773466,0.561574,2.95
$hr,shhr,sh-h-r,21,9,0.775018,0.775119,0.279037,4.72
HSr,uHuSr,ḥ-ṣ-r,6,5,0.775304,0.775404,0.532671,1.35
TmE,uTmuE,ṭ-m-ʿ,12,10,0.775808,0.775908,0.593151,2.69
swd,swd,s-w-d,10,8,0.776802,0.776902,0.623963,2.23
Ezl,uEzl,ʿ-z-l,10,8,0.776944,0.777044,0.546652,2.23
nqm,nqm,n-q-m,17,12,0.777422,0.777522,0.578468,3.78
nqS,nquS,n-q-ṣ,10,9,0.777603,0.777703,0.533296,2.22
Emh,uEmh,ʿ-m-h,7,7,0.778184,0.778284,0.55436,1.55
xwn,xwn,kh-w-n,16,8,0.778606,0.778707,0.498567,3.54
wqd,wqd,w-q-d,11,10,0.778946,0.779046,0.343913,2.43
Enb,uEnb,ʿ-n-b,11,10,0.779424,0.779524,0.50755,2.43
dfE,dfuE,d-f-ʿ,10,8,0.78056,0.780661,0.524453,2.19
mkn,mkn,m-k-n,18,12,0.780999,0.7811,0.564043,3.94
zbr,zbr,z-b-r,11,10,0.782239,0.78234,0.486924,2.4
slf,slf,s-l-f,8,7,0.782756,0.782857,0.441091,1.74
wqt,wqt,w-q-t,13,10,0.782923,0.783024,0.590612,2.82
drk,drk,d-r-k,12,9,0.783298,0.783399,0.577749,2.6
SEq,uSuEq,ṣ-ʿ-q,11,8,0.784654,0.784756,0.543477,2.37
sbT,sbuT,s-b-ṭ,5,4,0.784783,0.784885,0.505285,1.08
frD,fruD,f-r-ḍ,18,7,0.785055,0.785156,0.52454,3.87
nqD,nquD,n-q-ḍ,9,7,0.7853,0.785402,0.118199,1.93
sfh,sfh,s-f-h,11,5,0.786669,0.786771,0.362258,2.35
Erb,uErb,ʿ-r-b,22,15,0.78694,0.787042,0.71136,4.69
Eln,uEln,ʿ-l-n,16,12,0.78747,0.787572,0.657626,3.4
gll,gll,gh-l-l,16,12,0.787651,0.787752,0.653369,3.4
brhn,brhn,b-r-h-n,8,7,0.787676,0.787778,0.577791,1.7
xTb,xuTb,kh-ṭ-b,12,11,0.787689,0.787791,0.587968,2.55
whb,whb,w-h-b,25,12,0.787961,0.788062,0.613434,5.3
gwy,gwy,gh-w-y,22,11,0.788083,0.788185,0.645194,4.66
vwy,vwy,th-w-y,14,10,0.789717,0.789819,0.597421,2.94
sHb,suHb,s-ḥ-b,11,10,0.790505,0.790607,0.623123,2.3
vqf,vqf,th-q-f,6,6,0.790621,0.790723,0.403398,1.26
Ent,uEnt,ʿ-n-t,5,5,0.790918,0.79102,0.267647,1.05
nb*,nbdh,n-b-dh,12,10,0.791951,0.792054,0.280279,2.5
sbt,sbt,s-b-t,9,6,0.792158,0.79226,0.339445,1.87
rjs,rjs,r-j-s,10,7,0.792507,0.792609,0.598105,2.07
TbE,uTbuE,ṭ-b-ʿ,11,9,0.793398,0.7935,0.500854,2.27
HrS,uHruS,ḥ-r-ṣ,5,5,0.793592,0.793694,0.525543,1.03
SEd,uSuEd,ṣ-ʿ-d,9,8,0.793669,0.793772,0.507962,1.86
E$w,uEshw,ʿ-sh-w,14,11,0.794108,0.794211,0.593392,2.88
mdn,mdn,m-d-n,17,11,0.794392,0.794495,0.609005,3.5
Aby,uAby,a-b-y,13,8,0.794405,0.794508,0.633829,2.67
glZ,gluZ,gh-l-ẓ,13,10,0.794534,0.794637,0.494699,2.67
xlT,xluT,kh-l-ṭ,6,6,0.795826,0.795929,0.514994,1.23
bkr,bkr,b-k-r,12,11,0.796846,0.796949,0.640755,2.44
Hrq,uHrq,ḥ-r-q,9,8,0.797324,0.797427,0.356687,1.82
rbS,rbuS,r-b-ṣ,17,7,0.798112,0.798215,0.401562,3.43
fwh,fwh,f-w-h,13,10,0.798603,0.798706,0.582983,2.62
jHm,juHm,j-ḥ-m,26,18,0.798796,0.798899,0.612778,5.23
hmm,hmm,h-m-m,9,6,0.799481,0.799584,0.560968,1.8
jHd,juHd,j-ḥ-d,12,10,0.800333,0.800437,0.630628,2.4
bgt,bgt,b-gh-t,13,10,0.800785,0.800889,0.674448,2.59
Swm,uSwm,ṣ-w-m,14,6,0.801276,0.80138,0.548064,2.78
Hrv,uHrv,ḥ-r-th,14,7,0.801689,0.801793,0.542678,2.78
Hzb,uHzb,ḥ-z-b,20,13,0.802438,0.802542,0.592844,3.95
Twr,uTwr,ṭ-w-r,11,9,0.803549,0.803653,0.285044,2.16
Hrf,uHrf,ḥ-r-f,6,5,0.804027,0.804131,0.506107,1.18
Ekf,uEkf,ʿ-k-f,9,7,0.805086,0.80519,0.57281,1.75
lgw,lgw,l-gh-w,11,11,0.806222,0.806327,0.537357,2.13
qsw,qsw,q-s-w,7,6,0.806403,0.806507,0.512076,1.36
bdA,bduA,b-d-a,15,11,0.807501,0.807605,0.538414,2.89
nwm,nwm,n-w-m,9,9,0.807772,0.807877,0.527101,1.73
mTr,muTr,m-ṭ-r,15,9,0.807863,0.807967,0.622389,2.88
tjr,tjr,t-j-r,9,7,0.808237,0.808342,0.351397,1.73
rgb,rgb,r-gh-b,8,7,0.808625,0.808729,0.145678,1.53
xyl,xyl,kh-y-l,9,9,0.809361,0.809465,0.60614,1.72
zEm,zuEm,z-ʿ-m,17,10,0.809658,0.809762,0.60443,3.24
bxs,bxs,b-kh-s,7,6,0.809722,0.809827,0.405851,1.33
rEy,ruEy,r-ʿ-y,10,9,0.80989,0.809995,0.47608,1.9
Avr,uAvr,a-th-r,21,16,0.810484,0.810589,0.625094,3.98
ESw,uEuSw,ʿ-ṣ-w,12,6,0.810536,0.810641,0.493018,2.27
Dyq,uDyq,ḍ-y-q,13,10,0.811582,0.811687,0.624376,2.45
Slb,uSlb,ṣ-l-b,8,7,0.814514,0.814619,0.164518,1.48
$kk,shkk,sh-k-k,15,11,0.815147,0.815252,0.669767,2.77
kfl,kfl,k-f-l,10,8,0.815147,0.815252,0.566925,1.85
fAd,fuAd,f-a-d,16,13,0.815173,0.815278,0.376836,2.96
Sly,uSly,ṣ-l-y,25,21,0.815534,0.81564,0.62642,4.61
nkH,nkuH,n-k-ḥ,23,6,0.816038,0.816143,0.549582,4.23
wdy,wdy,w-d-y,12,11,0.817626,0.817732,0.545686,2.19
zrE,zruE,z-r-ʿ,14,12,0.818156,0.818262,0.627337,2.55
bvv,bvv,b-th-th,9,9,0.81866,0.818765,0.368085,1.63
Eqd,uEqd,ʿ-q-d,7,5,0.818866,0.818972,0.045249,1.27
rjm,rjm,r-j-m,14,12,0.819241,0.819347,0.570436,2.53
bht,bht,b-h-t,8,6,0.819409,0.819515,0.477642,1.44
sbb,sbb,s-b-b,11,6,0.819564,0.81967,0.521127,1.98
Twl,uTwl,ṭ-w-l,10,10,0.819577,0.819683,0.553961,1.8
bEl,buEl,b-ʿ-l,7,5,0.819757,0.819863,0.406196,1.26
sTr,suTr,s-ṭ-r,16,14,0.820197,0.820303,0.614417,2.88
sqT,squT,s-q-ṭ,8,8,0.820507,0.820613,0.528278,1.44
rsw,rsw,r-s-w,14,13,0.820933,0.821039,0.558309,2.51
Ebr,uEbr,ʿ-b-r,9,8,0.821269,0.821375,0.472171,1.61
hll,hll,h-l-l,5,4,0.821591,0.821698,0.493258,0.89
xnzr,xnzr,kh-n-z-r,5,4,0.821591,0.821698,0.451436,0.89
bkm,bkm,b-k-m,6,5,0.821785,0.821891,0.533219,1.07
jwr,jwr,j-w-r,13,10,0.822121,0.822227,0.627456,2.31
ksw,ksw,k-s-w,5,4,0.822844,0.82295,0.426478,0.89
Ady,uAdy,a-d-y,6,4,0.823193,0.823299,0.269339,1.06
Evw,uEvw,ʿ-th-w,5,5,0.823748,0.823855,0.493885,0.88
Ewj,uEwj,ʿ-w-j,9,7,0.823916,0.824023,0.588414,1.58
n$A,nshuA,n-sh-a,28,14,0.824071,0.824178,0.599318,4.93
xrr,xrr,kh-r-r,12,10,0.824187,0.824294,0.643868,2.11
fjr,fjr,f-j-r,24,16,0.824316,0.824423,0.626789,4.22
Trf,uTrf,ṭ-r-f,11,11,0.82513,0.825237,0.664464,1.92
Ezm,uEzm,ʿ-z-m,9,7,0.825388,0.825495,0.586528,1.57
sEr,suEr,s-ʿ-r,19,15,0.825518,0.825624,0.641941,3.32
jwz,jwz,j-w-z,5,5,0.825763,0.82587,0.443142,0.87
wlj,wlj,w-l-j,14,8,0.827571,0.827678,0.541976,2.41
Hmm,uHmm,ḥ-m-m,21,15,0.827661,0.827768,0.648803,3.62
rjz,rjz,r-j-z,10,7,0.828604,0.828711,0.531496,1.71
drA,druA,d-r-a,5,5,0.829573,0.82968,0.488201,0.85
*bH,dhbuH,dh-b-ḥ,9,6,0.829637,0.829745,0.517389,1.53
byE,byuE,b-y-ʿ,15,8,0.830593,0.8307,0.536244,2.54
kyl,kyl,k-y-l,16,7,0.830722,0.83083,0.356843,2.71
nkl,nkl,n-k-l,5,5,0.831523,0.83163,0.343268,0.84
sfl,sfl,s-f-l,10,9,0.831781,0.831889,0.102647,1.68
qhr,qhr,q-h-r,10,9,0.832182,0.832289,0.214968,1.68
ASr,uAuSr,a-ṣ-r,3,3,0.833176,0.833284,0.41014,0.5
xzn,xzn,kh-z-n,13,11,0.833344,0.833452,0.618321,2.17
qds,qds,q-d-s,10,7,0.833422,0.833529,0.482746,1.67
rDE,ruDuE,r-ḍ-ʿ,11,5,0.83399,0.834098,0.336352,1.83
frg,frg,f-r-gh,6,6,0.83439,0.834498,0.109536,0.99
xtm,xtm,kh-t-m,8,7,0.836043,0.836151,0.315278,1.31
hbT,hbuT,h-b-ṭ,8,4,0.836134,0.836242,0.502339,1.31
lhw,lhw,l-h-w,16,13,0.836482,0.836591,0.463119,2.62
Tlq,uTlq,ṭ-l-q,23,10,0.837141,0.837249,0.576556,3.75
nfr,nfr,n-f-r,18,10,0.837735,0.837843,0.647529,2.92
xmr,xmr,kh-m-r,7,5,0.83789,0.837998,0.483645,1.13
Etd,uEtd,ʿ-t-d,16,10,0.840525,0.840633,0.616569,2.55
qbD,qbuD,q-b-ḍ,9,6,0.840538,0.840646,0.507237,1.44
Hyq,uHyq,ḥ-y-q,10,9,0.841442,0.841551,0.634522,1.59
HZZ,uHuZuZ,ḥ-ẓ-ẓ,7,5,0.841713,0.841822,0.515045,1.11
qrd,qrd,q-r-d,3,3,0.84192,0.842028,0.402497,0.47
njm,njm,n-j-m,13,12,0.843779,0.843888,0.564693,2.03
Esr,uEsr,ʿ-s-r,12,9,0.844141,0.84425,0.276306,1.87
swq,swq,s-w-q,17,13,0.844929,0.845038,0.500704,2.64
SfH,uSfuH,ṣ-f-ḥ,8,6,0.84551,0.845619,0.478063,1.24
n$r,nshr,n-sh-r,21,18,0.845704,0.845813,0.695417,3.24
qSr,quSr,q-ṣ-r,11,9,0.846065,0.846175,0.545126,1.69
Ewm,uEwm,ʿ-w-m,9,5,0.846143,0.846252,0.498033,1.38
$ml,shml,sh-m-l,12,9,0.846272,0.846381,0.582846,1.84
xTf,xuTf,kh-ṭ-f,7,6,0.846453,0.846562,0.512418,1.07
DwA,uDwuA,ḍ-w-a,6,5,0.846776,0.846885,0.541832,0.92
wzr,wzr,w-z-r,27,11,0.8487,0.84881,0.434805,4.09
gyZ,gyuZ,gh-y-ẓ,11,8,0.849617,0.849727,0.596613,1.65
mlw,mlw,m-l-w,10,8,0.849914,0.850024,0.58945,1.5
fty,fty,f-t-y,21,7,0.850198,0.850308,0.571697,3.15
qrD,qruD,q-r-ḍ,13,6,0.851309,0.851419,0.456817,1.93
HSn,uHuSn,ḥ-ṣ-n,18,7,0.851386,0.851496,0.565623,2.68
whn,whn,w-h-n,9,7,0.851696,0.851806,0.522199,1.33
zll,zll,z-l-l,4,3,0.852239,0.852349,0.403483,0.59
$wr,shwr,sh-w-r,4,4,0.852536,0.852646,0.403762,0.59
Eqr,uEqr,ʿ-q-r,8,7,0.852859,0.852969,0.258735,1.18
dry,dry,d-r-y,29,21,0.85295,0.85306,0.663572,4.26
yAs,yuAs,y-a-s,13,9,0.853905,0.854015,0.55708,1.9
jbr,jbr,j-b-r,10,9,0.854099,0.854209,0.614732,1.46
xSS,xuSuS,kh-ṣ-ṣ,4,4,0.854383,0.854493,0.31608,0.58
nsx,nsx,n-s-kh,4,4,0.855377,0.855488,0.33034,0.58
nSH,nuSuH,n-ṣ-ḥ,13,6,0.855468,0.855578,0.487529,1.88
Eff,uEff,ʿ-f-f,4,3,0.855623,0.855733,0.206383,0.58
mAy,muAy,m-a-y,10,5,0.856591,0.856702,0.429905,1.43
xdE,xduE,kh-d-ʿ,5,3,0.856695,0.856805,0.391712,0.72
gnm,gnm,gh-n-m,9,6,0.85672,0.856831,0.380354,1.29
qfw,qfw,q-f-w,5,4,0.857289,0.857399,0.235292,0.71
drs,drs,d-r-s,6,5,0.857495,0.857606,0.372864,0.86
bqr,bqr,b-q-r,9,3,0.858671,0.858781,0.413104,1.27
bxl,bxl,b-kh-l,12,6,0.859097,0.859208,0.38857,1.69
xwD,xwuD,kh-w-ḍ,12,7,0.85911,0.859221,0.496613,1.69
xsA,xsuA,kh-s-a,4,4,0.860272,0.860383,0.286054,0.56
slw,slw,s-l-w,3,3,0.860892,0.861003,0.324862,0.42
kml,kml,k-m-l,5,3,0.860982,0.861094,0.419459,0.7
frT,fruT,f-r-ṭ,8,6,0.861073,0.861184,0.590748,1.11
lwn,lwn,l-w-n,9,5,0.861499,0.86161,0.420693,1.25
Hly,uHly,ḥ-l-y,9,8,0.861576,0.861688,0.542151,1.25
lTf,luTf,l-ṭ-f,8,8,0.861731,0.861843,0.571071,1.11
krr,krr,k-r-r,6,6,0.862145,0.862256,0.416391,0.83
ASl,uAuSl,a-ṣ-l,10,10,0.86301,0.863121,0.624399,1.37
wSf,wuSf,w-ṣ-f,14,7,0.863359,0.86347,0.598071,1.91
xwl,xwl,kh-w-l,8,5,0.863462,0.863574,0.486131,1.09
mSr,muSr,m-ṣ-r,5,4,0.863669,0.86378,0.431283,0.68
qtr,qtr,q-t-r,5,5,0.863992,0.864103,0.236647,0.68
xTw,xuTw,kh-ṭ-w,5,3,0.864624,0.864736,0.272252,0.68
lms,lms,l-m-s,5,5,0.864908,0.86502,0.366249,0.68
*rA,dhruA,dh-r-a,6,6,0.864947,0.865059,0.460274,0.81
Hsd,uHsd,ḥ-s-d,5,4,0.865089,0.865201,0.024861,0.67
nsk,nsk,n-s-k,7,3,0.865167,0.865279,0.237371,0.94
bdE,bduE,b-d-ʿ,4,4,0.865903,0.866015,0.380419,0.54
xwy,xwy,kh-w-y,5,5,0.865968,0.866079,0.355675,0.67
jml,jml,j-m-l,11,9,0.866032,0.866144,0.577008,1.47
n$z,nshz,n-sh-z,5,3,0.866523,0.866635,0.13516,0.67
$yE,shyuE,sh-y-ʿ,12,9,0.866794,0.866906,0.640187,1.6
fr$,frsh,f-r-sh,6,6,0.867078,0.86719,0.230793,0.8
dmr,dmr,d-m-r,10,8,0.867233,0.867345,0.619611,1.33
dwm,dwm,d-w-m,9,6,0.86784,0.867952,0.452546,1.19
SbA,uSbuA,ṣ-b-a,3,3,0.868344,0.868456,0.331224,0.39
jld,jld,j-l-d,13,6,0.868951,0.869063,0.500483,1.7
HSd,uHuSd,ḥ-ṣ-d,6,6,0.869313,0.869425,0.462378,0.78
wbl,wbl,w-b-l,8,6,0.869661,0.869774,0.515048,1.04
nSf,nuSf,n-ṣ-f,7,3,0.870049,0.870161,0.104967,0.91
Hwr,uHwr,ḥ-w-r,13,10,0.870178,0.87029,0.587399,1.69
grf,grf,gh-r-f,7,5,0.870333,0.870445,0.52308,0.91
fyA,fyuA,f-y-a,7,5,0.870346,0.870458,0.376405,0.91
E*r,uEdhr,ʿ-dh-r,12,8,0.870501,0.870613,0.48413,1.55
glm,glm,gh-l-m,13,8,0.871043,0.871156,0.587955,1.68
lwm,lwm,l-w-m,14,10,0.871908,0.872021,0.614818,1.79
hAt,huAt,h-a-t,4,4,0.87258,0.872693,0.458727,0.51
EDl,uEuDl,ʿ-ḍ-l,2,2,0.872619,0.872732,0.275655,0.25
glf,glf,gh-l-f,2,2,0.872619,0.872732,0.275655,0.25
$fy,shfy,sh-f-y,6,6,0.872877,0.87299,0.568581,0.76
slk,slk,s-l-k,12,11,0.873071,0.873184,0.604354,1.52
Hlf,uHlf,ḥ-l-f,13,5,0.873161,0.873274,0.416488,1.65
ndd,ndd,n-d-d,6,5,0.873497,0.87361,0.531959,0.76
stt,stt,s-t-t,8,8,0.874027,0.874139,0.59209,1.01
nwb,nwb,n-w-b,18,11,0.874453,0.874566,0.666718,2.26
Hmr,uHmr,ḥ-m-r,6,6,0.874582,0.874695,0.46316,0.75
Snm,uSnm,ṣ-n-m,5,5,0.874892,0.875005,0.507976,0.63
Hjb,uHjb,ḥ-j-b,8,8,0.874982,0.875095,0.486321,1
knz,knz,k-n-z,9,6,0.875563,0.875677,0.582079,1.12
sfH,sfuH,s-f-ḥ,4,3,0.876003,0.876116,0.413199,0.5
mHq,muHq,m-ḥ-q,2,2,0.876054,0.876167,0.26952,0.25
Twq,uTwq,ṭ-w-q,4,2,0.876054,0.876167,0.271976,0.5
zHzH,zuHzuH,z-ḥ-z-ḥ,2,2,0.876054,0.876167,0.26952,0.25
Alw,uAlw,a-l-w,37,6,0.876889,0.877002,0.049322,4.56
mrd,mrd,m-r-d,5,5,0.87692,0.877033,0.513433,0.62
zyg,zyg,z-y-gh,9,7,0.877785,0.877898,0.40208,1.1
kZm,kuZm,k-ẓ-m,6,6,0.87794,0.878053,0.452741,0.73
HTT,uHuTuT,ḥ-ṭ-ṭ,2,2,0.878134,0.878247,0.265246,0.24
xyT,xyuT,kh-y-ṭ,3,2,0.878134,0.878247,0.295425,0.37
Emd,uEmd,ʿ-m-d,7,7,0.878508,0.878622,0.25853,0.85
jwE,jwuE,j-w-ʿ,5,5,0.878547,0.87866,0.160665,0.61
nTf,nuTf,n-ṭ-f,12,11,0.879038,0.879151,0.60393,1.45
sxT,sxuT,s-kh-ṭ,4,4,0.879606,0.879719,0.33023,0.48
wrq,wrq,w-r-q,4,4,0.880097,0.88021,0.470381,0.48
xms,xms,kh-m-s,8,7,0.880226,0.880339,0.507021,0.96
brq,brq,b-r-q,6,5,0.880329,0.880443,0.33752,0.72
wsT,wsuT,w-s-ṭ,5,4,0.880407,0.88052,0.131895,0.6
srH,sruH,s-r-ḥ,7,3,0.880574,0.880688,0.204534,0.84
lHd,luHd,l-ḥ-d,6,6,0.882525,0.882639,0.449116,0.7
nkv,nkv,n-k-th,7,5,0.883093,0.883207,0.396717,0.82
ETw,uEuTw,ʿ-ṭ-w,14,11,0.883312,0.883427,0.333709,1.63
xDr,xuDr,kh-ḍ-r,8,7,0.883777,0.883892,0.524051,0.93
jnf,jnf,j-n-f,2,2,0.884798,0.884912,0.248257,0.23
rdy,rdy,r-d-y,6,6,0.884875,0.884989,0.20965,0.69
Asr,uAsr,a-s-r,6,4,0.885327,0.885442,0.221502,0.69
Sfr,uSfr,ṣ-f-r,5,5,0.885573,0.885687,0.374845,0.57
Asf,uAsf,a-s-f,5,5,0.885818,0.885932,0.520299,0.57
lfw,lfw,l-f-w,3,3,0.886955,0.887069,0.314079,0.34
mkv,mkv,m-k-th,7,7,0.8872,0.887314,0.618869,0.79
zlzl,zlzl,z-l-z-l,6,4,0.887471,0.887586,0.043014,0.68
wqr,wqr,w-q-r,9,8,0.888014,0.888128,0.579436,1.01
Erw,uErw,ʿ-r-w,3,3,0.889202,0.889317,0.24299,0.33
dAb,duAb,d-a-b,6,5,0.889705,0.88982,0.501725,0.66
Enq,uEnq,ʿ-n-q,9,8,0.889964,0.890079,0.648669,0.99
nwq,nwq,n-w-q,7,6,0.890132,0.890247,0.218164,0.77
qSd,quSd,q-ṣ-d,6,5,0.890648,0.890763,0.371219,0.66
gbr,gbr,gh-b-r,8,7,0.891346,0.891461,0.433272,0.87
nsl,nsl,n-s-l,4,4,0.891746,0.891861,0.386243,0.43
Asw,uAsw,a-s-w,7,5,0.892379,0.892494,0.346043,0.75
wkA,wkuA,w-k-a,11,10,0.89327,0.893385,0.612686,1.17
dlw,dlw,d-l-w,4,3,0.893412,0.893527,0.264659,0.43
ndm,ndm,n-d-m,7,6,0.893645,0.89376,0.513401,0.74
sry,sry,s-r-y,8,8,0.893774,0.893889,0.476038,0.85
Awb,uAwb,a-w-b,17,8,0.89482,0.894935,0.521489,1.79
rfq,rfq,r-f-q,5,3,0.895001,0.895116,0.228976,0.52
DHk,uDuHk,ḍ-ḥ-k,10,8,0.895285,0.8954,0.479417,1.05
dll,dll,d-l-l,8,6,0.895621,0.895736,0.482727,0.84
ESr,uEuSr,ʿ-ṣ-r,5,4,0.895646,0.895762,0.087775,0.52
bT$,buTsh,b-ṭ-sh,10,8,0.895801,0.895917,0.523902,1.04
Ey$,uEysh,ʿ-y-sh,8,8,0.896202,0.896317,0.318189,0.83
rEb,ruEb,r-ʿ-b,5,5,0.896357,0.896472,0.457564,0.52
brj,brj,b-r-j,7,6,0.896589,0.896705,0.342054,0.72
wrd,wrd,w-r-d,11,7,0.896964,0.89708,0.590591,1.13
rgd,rgd,r-gh-d,3,2,0.897196,0.897312,0.274388,0.31
lHq,luHq,l-ḥ-q,6,6,0.897377,0.897493,0.428692,0.62
skr,skr,s-k-r,7,5,0.898061,0.898177,0.463754,0.71
snbl,snbl,s-n-b-l,5,2,0.898061,0.898177,0.148108,0.51
hyA,hyuA,h-y-a,4,3,0.898436,0.898552,0.298194,0.41
trf,trf,t-r-f,8,7,0.899469,0.899585,0.577055,0.8
vwr,vwr,th-w-r,5,4,0.899934,0.90005,0.130935,0.5
rbT,rbuT,r-b-ṭ,5,4,0.900257,0.900373,0.41943,0.5
klb,klb,k-l-b,6,3,0.900515,0.900632,0.194695,0.6
Sff,uSff,ṣ-f-f,14,11,0.901432,0.901549,0.585851,1.38
jzA,jzuA,j-z-a,3,3,0.901833,0.901949,0.329432,0.29
DjE,uDjuE,ḍ-j-ʿ,3,3,0.901846,0.901962,0.163714,0.29
gsl,gsl,gh-s-l,4,4,0.902595,0.902711,0.298304,0.39
Elq,uElq,ʿ-l-q,7,6,0.902801,0.902918,0.358821,0.68
DrE,uDruE,ḍ-r-ʿ,8,4,0.902982,0.903099,0.200126,0.78
bky,bky,b-k-y,7,6,0.903163,0.90328,0.426502,0.68
$rE,shruE,sh-r-ʿ,5,4,0.903499,0.903615,0.381515,0.48
nzg,nzg,n-z-gh,6,4,0.903822,0.903938,0.373938,0.58
Amw,uAmw,a-m-w,2,2,0.904015,0.904132,0.15977,0.19
$rH,shruH,sh-r-ḥ,5,5,0.904067,0.904184,0.062569,0.48
lwy,lwy,l-w-y,5,3,0.904325,0.904442,0.159582,0.48
fDD,fuDuD,f-ḍ-ḍ,9,6,0.904338,0.904455,0.433002,0.86
Hss,uHss,ḥ-s-s,6,4,0.904584,0.9047,0.450629,0.57
HSy,uHuSy,ḥ-ṣ-y,11,10,0.90501,0.905127,0.627687,1.04
sdd,sdd,s-d-d,6,4,0.905229,0.905346,0.384035,0.57
lyn,lyn,l-y-n,5,5,0.905513,0.90563,0.479349,0.47
msH,msuH,m-s-ḥ,4,3,0.905927,0.906044,0.337252,0.38
zxrf,zxrf,z-kh-r-f,4,4,0.90612,0.906237,0.451871,0.38
qnTr,qnuTr,q-n-ṭ-r,4,2,0.90665,0.906767,0.202678,0.37
rsx,rsx,r-s-kh,2,2,0.90665,0.906767,0.295544,0.19
hzm,hzm,h-z-m,3,3,0.907128,0.907245,0.27717,0.28
mwj,mwj,m-w-j,7,5,0.907128,0.907245,0.517146,0.65
xsf,xsf,kh-s-f,8,7,0.907192,0.90731,0.489378,0.74
Sbg,uSbg,ṣ-b-gh,3,2,0.907451,0.907568,0.215082,0.28
fxr,fxr,f-kh-r,6,5,0.907851,0.907968,0.459051,0.55
Trq,uTrq,ṭ-r-q,11,6,0.908032,0.908149,0.256208,1.01
kwkb,kwkb,k-w-k-b,5,5,0.908523,0.90864,0.179333,0.46
ldd,ldd,l-d-d,2,2,0.9086,0.908717,0.126377,0.18
Hlq,uHlq,ḥ-l-q,3,3,0.908884,0.909002,0.307922,0.27
$fq,shfq,sh-f-q,11,9,0.90891,0.909027,0.557774,1
rEd,ruEd,r-ʿ-d,2,2,0.909995,0.910113,0.114978,0.18
SyH,uSyuH,ṣ-y-ḥ,13,9,0.910227,0.910345,0.621473,1.17
Hbr,uHbr,ḥ-b-r,6,4,0.910253,0.910371,0.492848,0.54
sAm,suAm,s-a-m,3,2,0.910757,0.910875,0.059517,0.27
krs,krs,k-r-s,2,2,0.911545,0.911663,0.101573,0.18
zlf,zlf,z-l-f,10,8,0.911751,0.911869,0.508555,0.88
Tms,uTms,ṭ-m-s,5,5,0.911816,0.911934,0.400375,0.44
fwr,fwr,f-w-r,4,4,0.912423,0.912541,0.330645,0.35
HrD,uHruD,ḥ-r-ḍ,3,3,0.912733,0.912851,0.381079,0.26
Ezr,uEzr,ʿ-z-r,3,3,0.913676,0.913794,0.247177,0.26
rhn,rhn,r-h-n,3,3,0.913689,0.913807,0.308204,0.26
nq*,nqdh,n-q-dh,5,4,0.914089,0.914207,0.362296,0.43
bgD,bguD,b-gh-ḍ,5,3,0.914334,0.914453,0.274928,0.43
HyS,uHyuS,ḥ-y-ṣ,5,5,0.914709,0.914827,0.487167,0.43
xrb,xrb,kh-r-b,2,2,0.915264,0.915383,0.06596,0.17
jsd,jsd,j-s-d,4,4,0.915316,0.915434,0.454752,0.34
glw,glw,gh-l-w,2,2,0.915393,0.915512,0.288644,0.17
gwT,gwuT,gh-w-ṭ,2,2,0.915393,0.915512,0.288644,0.17
xdn,xdn,kh-d-n,2,2,0.915393,0.915512,0.288644,0.17
slx,slx,s-l-kh,3,3,0.915497,0.915615,0.297928,0.25
Hbl,uHbl,ḥ-b-l,7,5,0.915665,0.915783,0.102881,0.59
drr,drr,d-r-r,4,4,0.915936,0.916054,0.251579,0.34
rmy,rmy,r-m-y,9,5,0.916052,0.91617,0.187585,0.76
ESb,uEuSb,ʿ-ṣ-b,5,4,0.916827,0.916945,0.486639,0.42
nTq,nuTq,n-ṭ-q,12,9,0.917176,0.917294,0.63091,0.99
Etw,uEtw,ʿ-t-w,10,7,0.917189,0.917307,0.603913,0.83
qrf,qrf,q-r-f,5,3,0.91724,0.917359,0.386093,0.41
HyD,uHyuD,ḥ-y-ḍ,4,2,0.917305,0.917423,0.044168,0.33
zyt,zyt,z-y-t,7,5,0.917641,0.917759,0.235449,0.58
myd,myd,m-y-d,5,4,0.917821,0.91794,0.444595,0.41
r*l,rdhl,r-dh-l,4,4,0.917951,0.918069,0.498023,0.33
Emm,uEmm,ʿ-m-m,5,3,0.917989,0.918108,0.348317,0.41
$yx,shyx,sh-y-kh,4,4,0.91808,0.918198,0.498378,0.33
jrH,jruH,j-r-ḥ,4,3,0.918093,0.918211,0.293007,0.33
SbE,uSbuE,ṣ-b-ʿ,2,2,0.918093,0.918211,0.035292,0.16
jsm,jsm,j-s-m,2,2,0.918687,0.918805,0.028422,0.16
wdE,wduE,w-d-ʿ,4,4,0.918713,0.918831,0.060899,0.33
brS,bruS,b-r-ṣ,2,2,0.918829,0.918948,0.291884,0.16
khl,khl,k-h-l,2,2,0.918829,0.918948,0.291884,0.16
kmh,kmh,k-m-h,2,2,0.918829,0.918948,0.291884,0.16
Trd,uTrd,ṭ-r-d,5,3,0.918829,0.918948,0.416139,0.41
lzm,lzm,l-z-m,5,5,0.919139,0.919258,0.511838,0.4
ksl,ksl,k-s-l,2,2,0.919345,0.919464,0.281841,0.16
TEn,uTuEn,ṭ-ʿ-n,2,2,0.919345,0.919464,0.281841,0.16
jvm,jvm,j-th-m,5,3,0.919759,0.919878,0.412613,0.4
xrq,xrq,kh-r-q,4,3,0.92012,0.920239,0.35234,0.32
Tlb,uTlb,ṭ-l-b,4,3,0.920275,0.920394,0.316866,0.32
ybs,ybs,y-b-s,4,3,0.920417,0.920536,0.372575,0.32
nHt,nuHt,n-ḥ-t,4,4,0.920534,0.920653,0.449303,0.32
$Tr,shuTr,sh-ṭ-r,5,1,0.921012,0.92113,0,0.39
Awd,uAwd,a-w-d,1,1,0.921012,0.92113,0,0.08
bql,bql,b-q-l,1,1,0.921012,0.92113,0,0.08
bSl,buSl,b-ṣ-l,1,1,0.921012,0.92113,0,0.08
Eds,uEds,ʿ-d-s,1,1,0.921012,0.92113,0,0.08
fqE,fquE,f-q-ʿ,1,1,0.921012,0.92113,0,0.08
fSm,fuSm,f-ṣ-m,1,1,0.921012,0.92113,0,0.08
fwm,fwm,f-w-m,1,1,0.921012,0.92113,0,0.08
gmD,gmuD,gh-m-ḍ,1,1,0.921012,0.92113,0,0.08
lHf,luHf,l-ḥ-f,1,1,0.921012,0.92113,0,0.08
nEq,nuEq,n-ʿ-q,1,1,0.921012,0.92113,0,0.08
qvA,qvuA,q-th-a,1,1,0.921012,0.92113,0,0.08
rbH,rbuH,r-b-ḥ,1,1,0.921012,0.92113,0,0.08
rfv,rfv,r-f-th,2,1,0.921012,0.92113,0,0.16
sfk,sfk,s-f-k,2,1,0.921012,0.92113,0,0.16
Sld,uSld,ṣ-l-d,1,1,0.921012,0.92113,0,0.08
snh,snh,s-n-h,1,1,0.921012,0.92113,0,0.08
Tll,uTll,ṭ-l-l,1,1,0.921012,0.92113,0,0.08
w$y,wshy,w-sh-y,1,1,0.921012,0.92113,0,0.08
wsn,wsn,w-s-n,1,1,0.921012,0.92113,0,0.08
xbT,xbuT,kh-b-ṭ,1,1,0.921012,0.92113,0,0.08
zwd,zwd,z-w-d,2,1,0.921012,0.92113,0,0.16
xrS,xruS,kh-r-ṣ,5,4,0.921567,0.921686,0.397807,0.39
fkh,fkh,f-k-h,19,12,0.921619,0.921738,0.674231,1.49
frd,frd,f-r-d,5,4,0.921696,0.921815,0.427389,0.39
Hwt,uHwt,ḥ-w-t,5,4,0.921748,0.921867,0.383891,0.39
tbr,tbr,t-b-r,6,4,0.922574,0.922693,0.382389,0.46
Hmy,uHmy,ḥ-m-y,6,5,0.922639,0.922758,0.304091,0.46
$fw,shfw,sh-f-w,2,2,0.922781,0.9229,0.286411,0.15
q*f,qdhf,q-dh-f,9,6,0.922781,0.9229,0.565078,0.69
xbl,xbl,kh-b-l,2,2,0.922781,0.9229,0.286411,0.15
lqf,lqf,l-q-f,3,3,0.922858,0.922978,0.392081,0.23
mqt,mqt,m-q-t,6,4,0.923,0.92312,0.382033,0.46
rjf,rjf,r-j-f,8,5,0.923013,0.923133,0.35049,0.62
x*l,xdhl,kh-dh-l,3,3,0.923414,0.923533,0.358718,0.23
jdd,jdd,j-d-d,10,8,0.923452,0.923572,0.624979,0.77
Amd,uAmd,a-m-d,4,4,0.923556,0.923675,0.359333,0.31
qSw,quSw,q-ṣ-w,5,5,0.923737,0.923856,0.541278,0.38
frj,frj,f-r-j,9,8,0.92455,0.92467,0.582328,0.68
wfq,wfq,w-f-q,4,3,0.924615,0.924734,0.148794,0.3
sds,sds,s-d-s,5,3,0.925118,0.925238,0.341783,0.37
myz,myz,m-y-z,4,4,0.925454,0.925574,0.381292,0.3
bls,bls,b-l-s,5,4,0.925777,0.925897,0.415345,0.37
dHr,duHr,d-ḥ-r,4,3,0.925919,0.926039,0.36422,0.3
$HH,shuHuH,sh-ḥ-ḥ,5,4,0.926126,0.926245,0.399195,0.37
xyb,xyb,kh-y-b,5,4,0.926384,0.926504,0.135575,0.37
fwt,fwt,f-w-t,5,5,0.92743,0.92755,0.491253,0.36
hzz,hzz,h-z-z,5,5,0.927547,0.927666,0.550353,0.36
nHl,nuHl,n-ḥ-l,2,2,0.927792,0.927912,0.255679,0.14
srq,srq,s-r-q,9,4,0.927882,0.928002,0.455575,0.65
TfA,uTfuA,ṭ-f-a,3,3,0.92867,0.92879,0.138633,0.21
frr,frr,f-r-r,11,9,0.929006,0.929126,0.622273,0.78
$qw,shqw,sh-q-w,12,7,0.929484,0.929604,0.497645,0.85
Erj,uErj,ʿ-r-j,9,8,0.930168,0.930288,0.497934,0.63
nAy,nuAy,n-a-y,3,3,0.930259,0.930379,0.353048,0.21
Tfq,uTfq,ṭ-f-q,3,3,0.930414,0.930534,0.347298,0.21
ftl,ftl,f-t-l,3,2,0.931511,0.931632,0.292965,0.21
dmE,dmuE,d-m-ʿ,2,2,0.931524,0.931645,0.294837,0.14
xmS,xmuS,kh-m-ṣ,2,2,0.931524,0.931645,0.294837,0.14
dkk,dkk,d-k-k,7,4,0.931628,0.931748,0.242596,0.48
tsE,tsuE,t-s-ʿ,7,5,0.931886,0.932006,0.471679,0.48
zhq,zhq,z-h-q,5,3,0.932545,0.932665,0.413599,0.34
qbr,qbr,q-b-r,8,8,0.933152,0.933272,0.470548,0.53
ZmA,uZmuA,ẓ-m-a,3,3,0.9335,0.933621,0.407893,0.2
krb,krb,k-r-b,4,3,0.934404,0.934525,0.290726,0.26
dxr,dxr,d-kh-r,4,4,0.934469,0.93459,0.489776,0.26
wsws,wsws,w-s-w-s,5,4,0.934805,0.934926,0.035913,0.33
mDy,muDy,m-ḍ-y,5,5,0.935141,0.935261,0.539986,0.32
$yd,shyd,sh-y-d,2,2,0.935153,0.935274,0.213907,0.13
Srr,uSrr,ṣ-r-r,6,5,0.936277,0.936398,0.507058,0.38
qTr,quTr,q-ṭ-r,5,5,0.936329,0.93645,0.484238,0.32
DHw,uDuHw,ḍ-ḥ-w,7,5,0.936355,0.936476,0.419182,0.45
ksf,ksf,k-s-f,5,5,0.936897,0.937018,0.467701,0.32
gwv,gwv,gh-w-th,5,4,0.93691,0.937031,0.481298,0.32
Dyf,uDyf,ḍ-y-f,6,5,0.937323,0.937444,0.489193,0.38
qld,qld,q-l-d,4,3,0.937543,0.937664,0.415392,0.25
lmm,lmm,l-m-m,4,4,0.937569,0.93769,0.300692,0.25
Hfw,uHfw,ḥ-f-w,3,3,0.937749,0.937871,0.331631,0.19
ftr,ftr,f-t-r,3,3,0.937969,0.93809,0.375339,0.19
wqf,wqf,w-q-f,4,3,0.938098,0.938219,0.411634,0.25
nqb,nqb,n-q-b,3,3,0.938576,0.938697,0.245814,0.18
*rE,dhruE,dh-r-ʿ,5,4,0.938912,0.939033,0.210437,0.31
Hbs,uHbs,ḥ-b-s,2,2,0.939028,0.939149,0.283493,0.12
f$l,fshl,f-sh-l,4,2,0.939118,0.93924,0.218791,0.24
nEs,nuEs,n-ʿ-s,2,2,0.939118,0.93924,0.218791,0.12
nfd,nfd,n-f-d,5,4,0.939273,0.939395,0.473035,0.3
brH,bruH,b-r-ḥ,3,3,0.939415,0.939537,0.423673,0.18
smm,smm,s-m-m,4,4,0.939738,0.93986,0.427205,0.24
xSf,xuSf,kh-ṣ-f,2,2,0.93988,0.940002,0.233646,0.12
xwr,xwr,kh-w-r,2,2,0.93988,0.940002,0.233646,0.12
zjw,zjw,z-j-w,3,3,0.939958,0.940079,0.423312,0.18
vEb,vuEb,th-ʿ-b,2,2,0.9401,0.940221,0.232171,0.12
nml,nml,n-m-l,4,2,0.940177,0.940299,0.094695,0.24
Sdf,uSdf,ṣ-d-f,5,2,0.940216,0.940338,0.253735,0.3
mlq,mlq,m-l-q,2,2,0.940513,0.940635,0.259294,0.12
rhq,rhq,r-h-q,10,7,0.940565,0.940686,0.573593,0.59
wTA,wuTuA,w-ṭ-a,6,4,0.941314,0.941436,0.376038,0.35
qwt,qwt,q-w-t,2,2,0.941353,0.941474,0.158044,0.12
kyn,kyn,k-y-n,2,2,0.941482,0.941603,0.199513,0.12
jdr,jdr,j-d-r,4,3,0.941598,0.94172,0.336764,0.23
dHD,duHuD,d-ḥ-ḍ,4,4,0.94165,0.941771,0.49204,0.23
hnA,hnuA,h-n-a,4,4,0.941908,0.94203,0.42431,0.23
gmr,gmr,gh-m-r,4,3,0.942399,0.942521,0.328172,0.23
Awh,uAwh,a-w-h,2,2,0.94298,0.943102,0.289852,0.11
gwr,gwr,gh-w-r,4,3,0.943045,0.943166,0.28818,0.23
lft,lft,l-f-t,3,3,0.943109,0.943231,0.347264,0.17
qlm,qlm,q-l-m,4,4,0.943187,0.943308,0.257959,0.23
flq,flq,f-l-q,4,3,0.94329,0.943412,0.031531,0.23
ESf,uEuSf,ʿ-ṣ-f,7,6,0.943342,0.943463,0.252733,0.4
Evr,uEvr,ʿ-th-r,2,2,0.943393,0.943515,0.268578,0.11
grm,grm,gh-r-m,6,5,0.943406,0.943528,0.511249,0.34
HSb,uHuSb,ḥ-ṣ-b,5,5,0.943484,0.943606,0.480006,0.28
EDD,uEuDuD,ʿ-ḍ-ḍ,2,2,0.94351,0.943631,0.180143,0.11
wsl,wsl,w-s-l,2,2,0.94369,0.943812,0.267263,0.11
*mm,dhmm,dh-m-m,5,3,0.943768,0.94389,0.32799,0.28
qnT,qnuT,q-n-ṭ,6,5,0.944491,0.944613,0.502641,0.33
zwr,zwr,z-w-r,6,5,0.945163,0.945285,0.136977,0.33
Hw*,uHwdh,ḥ-w-dh,2,2,0.945511,0.945634,0.105839,0.11
qyl,qyl,q-y-l,2,2,0.945589,0.945711,0.185768,0.11
wjl,wjl,w-j-l,5,4,0.945602,0.945724,0.399158,0.27
sqf,sqf,s-q-f,4,4,0.946338,0.94646,0.389659,0.21
sHt,suHt,s-ḥ-t,4,2,0.946545,0.946667,0.28497,0.21
zny,zny,z-n-y,9,4,0.94688,0.947003,0.40202,0.48
grw,grw,gh-r-w,2,2,0.947164,0.947287,0.248378,0.11
bhm,bhm,b-h-m,3,2,0.947332,0.947455,0.165957,0.16
lwH,lwuH,l-w-ḥ,6,4,0.948004,0.948126,0.387797,0.31
rTb,ruTb,r-ṭ-b,2,2,0.948198,0.94832,0.204764,0.1
nqr,nqr,n-q-r,4,2,0.948314,0.948436,0.062115,0.21
mtn,mtn,m-t-n,3,3,0.948598,0.948721,0.325232,0.15
zfr,zfr,z-f-r,3,3,0.948611,0.948734,0.402913,0.15
nSt,nuSt,n-ṣ-t,2,2,0.948818,0.94894,0.148094,0.1
nfl,nfl,n-f-l,4,3,0.948882,0.949005,0.38159,0.2
Ejm,uEjm,ʿ-j-m,4,3,0.948908,0.949031,0.300033,0.2
kbt,kbt,k-b-t,3,2,0.948947,0.949069,0.061903,0.15
Etb,uEtb,ʿ-t-b,5,4,0.949076,0.949199,0.451072,0.25
fzE,fzuE,f-z-ʿ,6,4,0.949166,0.949289,0.479359,0.31
str,str,s-t-r,3,3,0.949257,0.949379,0.393496,0.15
dwl,dwl,d-w-l,2,2,0.949295,0.949418,0.107127,0.1
srb,srb,s-r-b,4,4,0.94936,0.949483,0.28644,0.2
xfD,xfuD,kh-f-ḍ,4,4,0.949528,0.949651,0.429143,0.2
jyb,jyb,j-y-b,3,3,0.94967,0.949793,0.425387,0.15
jlw,jlw,j-l-w,5,4,0.94976,0.949883,0.344271,0.25
qdw,qdw,q-d-w,2,2,0.94989,0.950012,0.187159,0.1
Twy,uTwy,ṭ-w-y,5,4,0.950212,0.950335,0.334886,0.25
ljj,ljj,l-j-j,4,4,0.950277,0.9504,0.403874,0.2
rkn,rkn,r-k-n,4,3,0.950497,0.950619,0.32335,0.2
Tfl,uTfl,ṭ-f-l,4,3,0.950807,0.950929,0.397576,0.2
SrH,uSruH,ṣ-r-ḥ,4,3,0.950923,0.951046,0.376512,0.2
Swt,uSwt,ṣ-w-t,8,4,0.951129,0.951252,0.341166,0.39
brd,brd,b-r-d,5,5,0.95131,0.951433,0.42618,0.24
sjl,sjl,s-j-l,4,4,0.951388,0.951511,0.062344,0.19
Srx,uSrx,ṣ-r-kh,5,4,0.951439,0.951562,0.462292,0.24
gyv,gyv,gh-y-th,4,4,0.951478,0.951601,0.470235,0.19
*b*b,dhbdhb,dh-b-dh-b,1,1,0.951607,0.95173,0,0.05
*yE,dhyuE,dh-y-ʿ,1,1,0.951607,0.95173,0,0.05
bdr,bdr,b-d-r,1,1,0.951607,0.95173,0,0.05
bTA,buTuA,b-ṭ-a,1,1,0.951607,0.95173,0,0.05
btk,btk,b-t-k,1,1,0.951607,0.95173,0,0.05
Ewl,uEwl,ʿ-w-l,1,1,0.951607,0.95173,0,0.05
fDw,fuDw,f-ḍ-w,1,1,0.951607,0.95173,0,0.05
Hwb,uHwb,ḥ-w-b,1,1,0.951607,0.95173,0,0.05
jbt,jbt,j-b-t,1,1,0.951607,0.95173,0,0.05
myl,myl,m-y-l,6,1,0.951607,0.95173,0,0.29
nbT,nbuT,n-b-ṭ,1,1,0.951607,0.95173,0,0.05
nDj,nuDj,n-ḍ-j,1,1,0.951607,0.95173,0,0.05
nkf,nkf,n-k-f,3,1,0.951607,0.95173,0,0.15
rgm,rgm,r-gh-m,1,1,0.951607,0.95173,0,0.05
rks,rks,r-k-s,2,1,0.951607,0.95173,0,0.1
slH,sluH,s-l-ḥ,4,1,0.951607,0.95173,0,0.19
vby,vby,th-b-y,1,1,0.951607,0.95173,0,0.05
Dgv,uDgv,ḍ-gh-th,3,3,0.952486,0.952609,0.391473,0.14
jrd,jrd,j-r-d,2,2,0.952705,0.952828,0.089417,0.09
Hfr,uHfr,ḥ-f-r,2,2,0.952731,0.952854,0.048083,0.09
bwl,bwl,b-w-l,4,3,0.952847,0.95297,0.240445,0.19
swl,swl,s-w-l,4,3,0.952847,0.95297,0.389006,0.19
$An,shuAn,sh-a-n,4,4,0.95308,0.953203,0.309879,0.19
wjs,wjs,w-j-s,3,3,0.953351,0.953474,0.280714,0.14
Zfr,uZfr,ẓ-f-r,2,2,0.953377,0.9535,0.142353,0.09
$kw,shkw,sh-k-w,3,3,0.953958,0.954081,0.329398,0.14
*xr,dhxr,dh-kh-r,1,1,0.955043,0.955166,0,0.04
bhl,bhl,b-h-l,1,1,0.955043,0.955166,0,0.04
dnr,dnr,d-n-r,1,1,0.955043,0.955166,0,0.04
fZZ,fuZuZ,f-ẓ-ẓ,1,1,0.955043,0.955166,0,0.04
gzw,gzw,gh-z-w,1,1,0.955043,0.955166,0,0.04
mHS,muHuS,m-ḥ-ṣ,2,1,0.955043,0.955166,0,0.09
qrH,qruH,q-r-ḥ,3,1,0.955043,0.955166,0,0.13
rmz,rmz,r-m-z,1,1,0.955043,0.955166,0,0.04
swg,swg,s-w-gh,3,3,0.955456,0.955579,0.396598,0.13
Hwj,uHwj,ḥ-w-j,3,3,0.955559,0.955683,0.326594,0.13
rmn,rmn,r-m-n,3,2,0.956076,0.956199,0.167461,0.13
nsA,nsuA,n-s-a,2,2,0.956334,0.956458,0.218547,0.09
Aff,uAff,a-f-f,3,3,0.956502,0.956626,0.386186,0.13
ljA,ljuA,l-j-a,3,2,0.956631,0.956755,0.283944,0.13
Anf,uAnf,a-n-f,3,2,0.956825,0.956949,0.228449,0.13
lAlA,luAluA,l-a-l-a,6,6,0.956941,0.957065,0.559396,0.26
mrH,mruH,m-r-ḥ,3,3,0.957109,0.957233,0.364486,0.13
*Am,dhuAm,dh-a-m,1,1,0.957122,0.957246,0,0.04
$mt,shmt,sh-m-t,1,1,0.957122,0.957246,0,0.04
bjs,bjs,b-j-s,1,1,0.957122,0.957246,0,0.04
DfdE,uDfduE,ḍ-f-d-ʿ,1,1,0.957122,0.957246,0,0.04
Hvv,uHvv,ḥ-th-th,1,1,0.957122,0.957246,0,0.04
jrr,jrr,j-r-r,1,1,0.957122,0.957246,0,0.04
lhv,lhv,l-h-th,2,1,0.957122,0.957246,0,0.09
nkd,nkd,n-k-d,1,1,0.957122,0.957246,0,0.04
ntq,ntq,n-t-q,1,1,0.957122,0.957246,0,0.04
qml,qml,q-m-l,1,1,0.957122,0.957246,0,0.04
ry$,rysh,r-y-sh,1,1,0.957122,0.957246,0,0.04
shl,shl,s-h-l,1,1,0.957122,0.957246,0,0.04
skt,skt,s-k-t,1,1,0.957122,0.957246,0,0.04
Smt,uSmt,ṣ-m-t,1,1,0.957122,0.957246,0,0.04
HTm,uHuTm,ḥ-ṭ-m,6,5,0.957264,0.957388,0.090901,0.26
Sgw,uSgw,ṣ-gh-w,2,2,0.957393,0.957517,0.073068,0.09
mHw,muHw,m-ḥ-w,3,3,0.957781,0.957904,0.4098,0.13
sjn,sjn,s-j-n,12,3,0.957845,0.957969,0.272566,0.51
hmn,hmn,h-m-n,2,2,0.958039,0.958163,0.127362,0.08
rHb,ruHb,r-ḥ-b,4,2,0.958271,0.958395,0.196196,0.17
lqT,lquT,l-q-ṭ,2,2,0.958581,0.958705,0.291847,0.08
$tt,shtt,sh-t-t,5,5,0.958633,0.958757,0.318547,0.21
xbt,xbt,kh-b-t,3,2,0.958788,0.958912,0.211156,0.12
xft,xft,kh-f-t,3,3,0.958788,0.958912,0.267032,0.12
SHf,uSuHf,ṣ-ḥ-f,9,8,0.958891,0.959015,0.499698,0.37
Abl,uAbl,a-b-l,3,3,0.959124,0.959248,0.182075,0.12
tbb,tbb,t-b-b,4,3,0.959201,0.959325,0.015272,0.16
klw,klw,k-l-w,2,2,0.959511,0.959635,0.29601,0.08
Hwy,uHwy,ḥ-w-y,2,2,0.959679,0.959803,0.022994,0.08
bdn,bdn,b-d-n,2,2,0.959873,0.959997,0.284526,0.08
rSd,ruSd,r-ṣ-d,6,4,0.960054,0.960178,0.446234,0.24
j**,jdhdh,j-dh-dh,2,2,0.960144,0.960268,0.275286,0.08
rhT,rhuT,r-h-ṭ,3,2,0.960377,0.960501,0.293052,0.12
qbs,qbs,q-b-s,3,3,0.96048,0.960604,0.383594,0.12
bwr,bwr,b-w-r,5,4,0.960506,0.96063,0.476504,0.2
$Hm,shuHm,sh-ḥ-m,1,1,0.960609,0.960733,0,0.04
Afl,uAfl,a-f-l,4,1,0.960609,0.960733,0,0.16
bsl,bsl,b-s-l,2,1,0.960609,0.960733,0,0.08
bzg,bzg,b-z-gh,2,1,0.960609,0.960733,0,0.08
DAn,uDuAn,ḍ-a-n,1,1,0.960609,0.960733,0,0.04
Hyr,uHyr,ḥ-y-r,1,1,0.960609,0.960733,0,0.04
mEz,muEz,m-ʿ-z,1,1,0.960609,0.960733,0,0.04
nwy,nwy,n-w-y,1,1,0.960609,0.960733,0,0.04
qnw,qnw,q-n-w,1,1,0.960609,0.960733,0,0.04
qrTs,qruTs,q-r-ṭ-s,2,1,0.960609,0.960733,0,0.08
ynE,ynuE,y-n-ʿ,1,1,0.960609,0.960733,0,0.04
EDd,uEuDd,ʿ-ḍ-d,2,2,0.961139,0.961263,0.295151,0.08
kEb,kuEb,k-ʿ-b,4,2,0.961552,0.961676,0.143212,0.15
$hb,shhb,sh-h-b,5,4,0.961888,0.962012,0.310533,0.19
fqd,fqd,f-q-d,3,2,0.962185,0.962309,0.290119,0.11
$Hn,shuHn,sh-ḥ-n,3,3,0.962508,0.962632,0.411947,0.11
bxE,bxuE,b-kh-ʿ,2,2,0.962585,0.962709,0.293127,0.07
jAr,juAr,j-a-r,3,2,0.962624,0.962748,0.192568,0.11
twr,twr,t-w-r,2,2,0.962663,0.962787,0.293938,0.07
lmz,lmz,l-m-z,4,3,0.96283,0.962955,0.104996,0.15
qsTs,qsuTs,q-s-ṭ-s,2,2,0.962882,0.963006,0.293576,0.07
rkm,rkm,r-k-m,3,3,0.96305,0.963174,0.292808,0.11
jlb,jlb,j-l-b,2,2,0.963282,0.963407,0.292829,0.07
$nA,shnuA,sh-n-a,3,2,0.963657,0.963782,0.00712,0.11
Avv,uAvv,a-th-th,2,2,0.963773,0.963898,0.261379,0.07
*kw,dhkw,dh-k-w,1,1,0.963786,0.963911,0,0.04
bHv,buHv,b-ḥ-th,1,1,0.963786,0.963911,0,0.04
nfy,nfy,n-f-y,1,1,0.963786,0.963911,0,0.04
nhj,nhj,n-h-j,1,1,0.963786,0.963911,0,0.04
nTH,nuTuH,n-ṭ-ḥ,1,1,0.963786,0.963911,0,0.04
qss,qss,q-s-s,1,1,0.963786,0.963911,0,0.04
rmH,rmuH,r-m-ḥ,1,1,0.963786,0.963911,0,0.04
syb,syb,s-y-b,1,1,0.963786,0.963911,0,0.04
Syd,uSyd,ṣ-y-d,6,1,0.963786,0.963911,0,0.22
tyh,tyh,t-y-h,1,1,0.963786,0.963911,0,0.04
wq*,wqdh,w-q-dh,1,1,0.963786,0.963911,0,0.04
xnq,xnq,kh-n-q,1,1,0.963786,0.963911,0,0.04
zlm,zlm,z-l-m,2,1,0.963786,0.963911,0,0.07
nsb,nsb,n-s-b,3,3,0.963799,0.963924,0.425703,0.11
bhj,bhj,b-h-j,3,3,0.963864,0.963988,0.328679,0.11
hrE,hruE,h-r-ʿ,2,2,0.964135,0.964259,0.245908,0.07
gyD,gyuD,gh-y-ḍ,2,2,0.964225,0.96435,0.245016,0.07
Dmm,uDmm,ḍ-m-m,2,2,0.96429,0.964414,0.295606,0.07
Hff,uHff,ḥ-f-f,2,2,0.964471,0.964595,0.28823,0.07
syH,syuH,s-y-ḥ,3,2,0.964522,0.964647,0.151258,0.11
Sbw,uSbw,ṣ-b-w,3,2,0.964639,0.964763,0.186397,0.11
sll,sll,s-l-l,3,3,0.964639,0.964763,0.332934,0.11
nbE,nbuE,n-b-ʿ,2,2,0.964768,0.964892,0.288966,0.07
Ark,uArk,a-r-k,5,4,0.964923,0.965047,0.300552,0.18
Ezb,uEzb,ʿ-z-b,2,2,0.964923,0.965047,0.253482,0.07
wSb,wuSb,w-ṣ-b,2,2,0.965078,0.965202,0.250084,0.07
srbl,srbl,s-r-b-l,3,2,0.965465,0.96559,0.295042,0.1
fjj,fjj,f-j-j,3,3,0.96553,0.965654,0.248296,0.1
nDd,nuDd,n-ḍ-d,3,3,0.96553,0.965654,0.3538,0.1
bTr,buTr,b-ṭ-r,2,2,0.965607,0.965732,0.294071,0.07
hDm,huDm,h-ḍ-m,2,2,0.965736,0.965861,0.296014,0.07
Arb,uArb,a-r-b,2,2,0.965762,0.965887,0.296011,0.07
qwE,qwuE,q-w-ʿ,2,2,0.965762,0.965887,0.296011,0.07
mxr,mxr,m-kh-r,2,2,0.966175,0.9663,0.238676,0.07
Trw,uTrw,ṭ-r-w,2,2,0.966175,0.9663,0.238676,0.07
xDE,xuDuE,kh-ḍ-ʿ,2,2,0.966356,0.966481,0.295978,0.07
Ewr,uEwr,ʿ-w-r,4,2,0.966382,0.966507,0.295984,0.13
$TT,shuTuT,sh-ṭ-ṭ,3,3,0.96646,0.966584,0.31002,0.1
bDE,buDuE,b-ḍ-ʿ,7,2,0.966498,0.966623,0.221539,0.23
wzE,wzuE,w-z-ʿ,5,3,0.966576,0.966701,0.398468,0.17
srj,srj,s-r-j,4,4,0.966692,0.966817,0.392572,0.13
rdf,rdf,r-d-f,3,3,0.966899,0.967024,0.216126,0.1
vbr,vbr,th-b-r,5,3,0.966989,0.967114,0.257054,0.17
sfn,sfn,s-f-n,4,2,0.967002,0.967127,0.264632,0.13
Eyl,uEyl,ʿ-y-l,2,2,0.967222,0.967347,0.015774,0.07
Hnjr,uHnjr,ḥ-n-j-r,2,2,0.967635,0.96776,0.295765,0.06
All,uAll,a-l-l,2,1,0.967738,0.967863,0,0.06
Ass,uAss,a-s-s,3,1,0.967738,0.967863,0,0.1
DhA,uDhuA,ḍ-h-a,1,1,0.967738,0.967863,0,0.03
hwr,hwr,h-w-r,2,1,0.967738,0.967863,0,0.06
jbh,jbh,j-b-h,1,1,0.967738,0.967863,0,0.03
jmH,jmuH,j-m-ḥ,1,1,0.967738,0.967863,0,0.03
jrf,jrf,j-r-f,1,1,0.967738,0.967863,0,0.03
ksd,ksd,k-s-d,1,1,0.967738,0.967863,0,0.03
kwy,kwy,k-w-y,1,1,0.967738,0.967863,0,0.03
njs,njs,n-j-s,1,1,0.967738,0.967863,0,0.03
vbT,vbuT,th-b-ṭ,1,1,0.967738,0.967863,0,0.03
wTn,wuTn,w-ṭ-n,1,1,0.967738,0.967863,0,0.03
Ery,uEry,ʿ-r-y,3,3,0.967777,0.967902,0.315351,0.1
Eqm,uEqm,ʿ-q-m,4,3,0.96779,0.967915,0.238758,0.13
gsq,gsq,gh-s-q,4,4,0.967906,0.968031,0.145315,0.13
rqy,rqy,r-q-y,4,3,0.968319,0.968444,0.273564,0.13
wbq,wbq,w-b-q,2,2,0.9685,0.968625,0.265554,0.06
fwj,fwj,f-w-j,5,5,0.968888,0.969013,0.168008,0.16
mhl,mhl,m-h-l,6,5,0.968978,0.969103,0.271077,0.19
mjd,mjd,m-j-d,4,3,0.969017,0.969142,0.140557,0.12
smr,smr,s-m-r,4,2,0.969198,0.969323,0.239616,0.12
lbn,lbn,l-b-n,2,2,0.969223,0.969349,0.19573,0.06
Ebv,uEbv,ʿ-b-th,2,2,0.969417,0.969542,0.291455,0.06
wEy,wuEy,w-ʿ-y,7,4,0.969533,0.969659,0.445629,0.21
SdE,uSduE,ṣ-d-ʿ,5,5,0.969559,0.969684,0.301175,0.15
nSy,nuSy,n-ṣ-y,4,3,0.969779,0.969904,0.104346,0.12
mDg,muDg,m-ḍ-gh,3,2,0.969985,0.970111,0.236447,0.09
rqd,rqd,r-q-d,2,2,0.970244,0.970369,0.248417,0.06
j*E,jdhuE,j-dh-ʿ,3,2,0.970347,0.970472,0.220692,0.09
$kl,shkl,sh-k-l,2,2,0.970437,0.970563,0.251145,0.06
nkS,nkuS,n-k-ṣ,2,2,0.970515,0.97064,0.293731,0.06
*qn,dhqn,dh-q-n,3,2,0.970541,0.970666,0.295584,0.09
nks,nks,n-k-s,3,3,0.970734,0.97086,0.366264,0.09
Sxr,uSxr,ṣ-kh-r,3,3,0.970786,0.970912,0.228841,0.09
$hq,shhq,sh-h-q,2,2,0.970941,0.971067,0.136532,0.06
wvn,wvn,w-th-n,3,2,0.970941,0.971067,0.228021,0.09
Aml,uAml,a-m-l,2,2,0.971148,0.971273,0.237197,0.06
HmA,uHmuA,ḥ-m-a,4,2,0.971148,0.971273,0.114183,0.12
l**,ldhdh,l-dh-dh,3,3,0.971212,0.971338,0.413068,0.09
smn,smn,s-m-n,4,3,0.971212,0.971338,0.239185,0.12
gDD,guDuD,gh-ḍ-ḍ,4,3,0.971471,0.971596,0.40512,0.11
lmH,lmuH,l-m-ḥ,2,2,0.971768,0.971893,0.143427,0.06
Shr,uShr,ṣ-h-r,2,2,0.972013,0.972139,0.28504,0.06
wdq,wdq,w-d-q,2,2,0.972452,0.972578,0.276687,0.06
qnE,qnuE,q-n-ʿ,2,2,0.972827,0.972952,0.280251,0.05
dhn,dhn,d-h-n,5,4,0.973137,0.973262,0.411743,0.13
qdd,qdd,q-d-d,5,2,0.973369,0.973495,0.279146,0.13
Ajj,uAjj,a-j-j,3,3,0.973563,0.973689,0.381755,0.08
$xS,shxuS,sh-kh-ṣ,2,2,0.974183,0.974309,0.2858,0.05
$TA,shuTuA,sh-ṭ-a,2,2,0.974299,0.974425,0.230593,0.05
$yb,shyb,sh-y-b,3,3,0.974467,0.974593,0.2792,0.08
kAs,kuAs,k-a-s,6,5,0.974596,0.974722,0.485586,0.15
gTw,guTw,gh-ṭ-w,2,2,0.97479,0.974916,0.17047,0.05
jrz,jrz,j-r-z,2,2,0.974803,0.974929,0.170158,0.05
*rw,dhrw,dh-r-w,3,2,0.974958,0.975084,0.097417,0.08
h$m,hshm,h-sh-m,2,2,0.97519,0.975316,0.160514,0.05
blE,bluE,b-l-ʿ,1,1,0.975242,0.975368,0,0.02
Hn*,uHndh,ḥ-n-dh,1,1,0.975242,0.975368,0,0.02
qlE,qluE,q-l-ʿ,1,1,0.975242,0.975368,0,0.02
rfd,rfd,r-f-d,2,1,0.975242,0.975368,0,0.05
rwE,rwuE,r-w-ʿ,1,1,0.975242,0.975368,0,0.02
sEd,suEd,s-ʿ-d,2,1,0.975242,0.975368,0,0.05
zry,zry,z-r-y,1,1,0.975242,0.975368,0,0.02
gwS,gwuS,gh-w-ṣ,2,2,0.975436,0.975562,0.277448,0.05
rkD,rkuD,r-k-ḍ,3,2,0.975436,0.975562,0.291492,0.07
HZr,uHuZr,ḥ-ẓ-r,2,2,0.975487,0.975613,0.16218,0.05
Azr,uAzr,a-z-r,2,2,0.975526,0.975652,0.23846,0.05
xmd,xmd,kh-m-d,2,2,0.975539,0.975665,0.276608,0.05
lff,lff,l-f-f,3,3,0.975552,0.975678,0.330595,0.07
Sbb,uSbb,ṣ-b-b,5,4,0.975591,0.975717,0.351059,0.12
zlq,zlq,z-l-q,2,2,0.975733,0.975859,0.146016,0.05
frt,frt,f-r-t,3,3,0.97612,0.976246,0.274057,0.07
bgl,bgl,b-gh-l,1,1,0.976185,0.976311,0,0.02
dfA,dfuA,d-f-a,1,1,0.976185,0.976311,0,0.02
dss,dss,d-s-s,1,1,0.976185,0.976311,0,0.02
frv,frv,f-r-th,1,1,0.976185,0.976311,0,0.02
gzl,gzl,gh-z-l,1,1,0.976185,0.976311,0,0.02
Hfd,uHfd,ḥ-f-d,1,1,0.976185,0.976311,0,0.02
jww,jww,j-w-w,1,1,0.976185,0.976311,0,0.02
Swf,uSwf,ṣ-w-f,1,1,0.976185,0.976311,0,0.02
wbr,wbr,w-b-r,1,1,0.976185,0.976311,0,0.02
wkd,wkd,w-k-d,1,1,0.976185,0.976311,0,0.02
ZEn,uZuEn,ẓ-ʿ-n,1,1,0.976185,0.976311,0,0.02
Err,uErr,ʿ-r-r,2,2,0.976314,0.97644,0.243675,0.05
$wy,shwy,sh-w-y,2,2,0.976805,0.976931,0.11362,0.05
rHl,ruHl,r-ḥ-l,4,2,0.97683,0.976957,0.027746,0.09
*Ab,dhuAb,dh-a-b,3,1,0.97705,0.977176,0,0.07
$gf,shgf,sh-gh-f,1,1,0.97705,0.977176,0,0.02
bEr,buEr,b-ʿ-r,2,1,0.97705,0.977176,0,0.05
drhm,drhm,d-r-h-m,1,1,0.97705,0.977176,0,0.02
Ejf,uEjf,ʿ-j-f,2,1,0.97705,0.977176,0,0.05
Eyr,uEyr,ʿ-y-r,3,1,0.97705,0.977176,0,0.07
fnd,fnd,f-n-d,1,1,0.97705,0.977176,0,0.02
ftA,ftuA,f-t-a,1,1,0.97705,0.977176,0,0.02
glq,glq,gh-l-q,1,1,0.97705,0.977176,0,0.02
HSHS,uHuSuHuS,ḥ-ṣ-ḥ-ṣ,1,1,0.97705,0.977176,0,0.02
Hw$,uHwsh,ḥ-w-sh,2,1,0.97705,0.977176,0,0.05
hyt,hyt,h-y-t,1,1,0.97705,0.977176,0,0.02
jbb,jbb,j-b-b,2,1,0.97705,0.977176,0,0.05
jhz,jhz,j-h-z,4,1,0.97705,0.977176,0,0.09
myr,myr,m-y-r,1,1,0.97705,0.977176,0,0.02
qmS,qmuS,q-m-ṣ,6,1,0.97705,0.977176,0,0.14
rtE,rtuE,r-t-ʿ,1,1,0.97705,0.977176,0,0.02
SwE,uSwuE,ṣ-w-ʿ,1,1,0.97705,0.977176,0,0.02
TrH,uTruH,ṭ-r-ḥ,1,1,0.97705,0.977176,0,0.02
vrb,vrb,th-r-b,1,1,0.97705,0.977176,0,0.02
xbz,xbz,kh-b-z,1,1,0.97705,0.977176,0,0.02
zhd,zhd,z-h-d,1,1,0.97705,0.977176,0,0.02
vxn,vxn,th-kh-n,2,2,0.977115,0.977241,0.243067,0.05
Hqb,uHqb,ḥ-q-b,2,2,0.977373,0.977499,0.09422,0.05
rqm,rqm,r-q-m,3,2,0.977424,0.977551,0.049887,0.07
hyj,hyj,h-y-j,2,2,0.97745,0.977577,0.255187,0.05
syl,syl,s-y-l,4,2,0.977579,0.977706,0.295922,0.09
wtr,wtr,w-t-r,3,3,0.977709,0.977835,0.25147,0.07
slsl,slsl,s-l-s-l,3,3,0.977786,0.977912,0.355686,0.07
xrdl,xrdl,kh-r-d-l,2,2,0.977851,0.977977,0.25024,0.04
hym,hym,h-y-m,2,2,0.978083,0.978209,0.193764,0.04
wSd,wuSd,w-ṣ-d,3,3,0.978122,0.978248,0.245019,0.07
mhn,mhn,m-h-n,4,4,0.978264,0.97839,0.449245,0.09
rwD,rwuD,r-w-ḍ,2,2,0.978341,0.978468,0.295793,0.04
mlH,mluH,m-l-ḥ,2,2,0.978458,0.978584,0.294238,0.04
sjr,sjr,s-j-r,3,3,0.978884,0.97901,0.257187,0.06
qyD,qyuD,q-y-ḍ,2,2,0.979026,0.979152,0.295853,0.04
sdr,sdr,s-d-r,4,3,0.979052,0.979178,0.333119,0.08
mrj,mrj,m-r-j,6,3,0.979116,0.979243,0.228413,0.13
sHq,suHq,s-ḥ-q,2,2,0.979246,0.979372,0.18236,0.04
zwl,zwl,z-w-l,4,2,0.979271,0.979398,0.295608,0.08
zqm,zqm,z-q-m,3,3,0.97953,0.979656,0.394463,0.06
Azf,uAzf,a-z-f,3,2,0.979607,0.979734,0.120342,0.06
byd,byd,b-y-d,1,1,0.979607,0.979734,0,0.02
Eyb,uEyb,ʿ-y-b,1,1,0.979607,0.979734,0,0.02
fjw,fjw,f-j-w,1,1,0.979607,0.979734,0,0.02
gdr,gdr,gh-d-r,2,1,0.979607,0.979734,0,0.04
gSb,guSb,gh-ṣ-b,1,1,0.979607,0.979734,0,0.02
khf,khf,k-h-f,6,1,0.979607,0.979734,0,0.12
qDD,quDuD,q-ḍ-ḍ,1,1,0.979607,0.979734,0,0.02
rdm,rdm,r-d-m,1,1,0.979607,0.979734,0,0.02
srdq,srdq,s-r-d-q,1,1,0.979607,0.979734,0,0.02
wAl,wuAl,w-a-l,1,1,0.979607,0.979734,0,0.02
yqZ,yquZ,y-q-ẓ,1,1,0.979607,0.979734,0,0.02
Sfd,uSfd,ṣ-f-d,2,2,0.979814,0.97994,0.29465,0.04
b*r,bdhr,b-dh-r,3,1,0.979904,0.980031,0,0.06
dlk,dlk,d-l-k,1,1,0.979904,0.980031,0,0.02
fzz,fzz,f-z-z,3,1,0.979904,0.980031,0,0.06
hjd,hjd,h-j-d,1,1,0.979904,0.980031,0,0.02
Hnk,uHnk,ḥ-n-k,1,1,0.979904,0.980031,0,0.02
jws,jws,j-w-s,1,1,0.979904,0.980031,0,0.02
ngD,nguD,n-gh-ḍ,1,1,0.979904,0.980031,0,0.02
qSf,quSf,q-ṣ-f,1,1,0.979904,0.980031,0,0.02
rft,rft,r-f-t,2,1,0.979904,0.980031,0,0.04
wfr,wfr,w-f-r,1,1,0.979904,0.980031,0,0.02
xbw,xbw,kh-b-w,1,1,0.979904,0.980031,0,0.02
kwb,kwb,k-w-b,4,4,0.980059,0.980186,0.367925,0.08
nsf,nsf,n-s-f,5,2,0.980421,0.980547,0.265157,0.1
nHs,nuHs,n-ḥ-s,3,3,0.980795,0.980922,0.397096,0.06
kbb,kbb,k-b-b,2,2,0.980834,0.980961,0.194496,0.04
Hdq,uHdq,ḥ-d-q,3,3,0.981183,0.981309,0.331423,0.06
jvw,jvw,j-th-w,3,2,0.981286,0.981413,0.296007,0.06
*wd,dhwd,dh-w-d,1,1,0.981531,0.981658,0,0.02
bqE,bquE,b-q-ʿ,1,1,0.981531,0.981658,0,0.02
fSH,fuSuH,f-ṣ-ḥ,1,1,0.981531,0.981658,0,0.02
j*w,jdhw,j-dh-w,1,1,0.981531,0.981658,0,0.02
nwA,nwuA,n-w-a,1,1,0.981531,0.981658,0,0.02
qbH,qbuH,q-b-ḥ,1,1,0.981531,0.981658,0,0.02
rdA,rduA,r-d-a,1,1,0.981531,0.981658,0,0.02
srmd,srmd,s-r-m-d,2,1,0.981531,0.981658,0,0.04
wkz,wkz,w-k-z,1,1,0.981531,0.981658,0,0.02
sbg,sbg,s-b-gh,2,2,0.981544,0.981671,0.276378,0.04
Hjz,uHjz,ḥ-j-z,2,2,0.981803,0.98193,0.164421,0.04
bnn,bnn,b-n-n,2,2,0.981958,0.982085,0.110652,0.04
SrSr,uSruSr,ṣ-r-ṣ-r,3,3,0.981996,0.982123,0.382007,0.05
hTE,huTuE,h-ṭ-ʿ,3,3,0.982061,0.982188,0.364406,0.05
hmz,hmz,h-m-z,3,3,0.982138,0.982265,0.119307,0.05
nkb,nkb,n-k-b,2,2,0.982138,0.982265,0.205548,0.04
zjr,zjr,z-j-r,6,3,0.982164,0.982291,0.414686,0.11
ETl,uEuTl,ʿ-ṭ-l,2,2,0.982203,0.98233,0.073062,0.04
Sdy,uSdy,ṣ-d-y,2,2,0.982358,0.982485,0.092986,0.04
qly,qly,q-l-y,2,2,0.982461,0.982588,0.029269,0.04
Amt,uAmt,a-m-t,1,1,0.982758,0.982885,0,0.02
Dnk,uDnk,ḍ-n-k,1,1,0.982758,0.982885,0,0.02
Enw,uEnw,ʿ-n-w,1,1,0.982758,0.982885,0,0.02
h$$,hshsh,h-sh-sh,1,1,0.982758,0.982885,0,0.02
hms,hms,h-m-s,1,1,0.982758,0.982885,0,0.02
lHy,luHy,l-ḥ-y,1,1,0.982758,0.982885,0,0.02
nEl,nuEl,n-ʿ-l,1,1,0.982758,0.982885,0,0.02
SfSf,uSfuSf,ṣ-f-ṣ-f,1,1,0.982758,0.982885,0,0.02
sHl,suHl,s-ḥ-l,1,1,0.982758,0.982885,0,0.02
vry,vry,th-r-y,1,1,0.982758,0.982885,0,0.02
wny,wny,w-n-y,1,1,0.982758,0.982885,0,0.02
xlE,xluE,kh-l-ʿ,1,1,0.982758,0.982885,0,0.02
zhr,zhr,z-h-r,1,1,0.982758,0.982885,0,0.02
zrq,zrq,z-r-q,1,1,0.982758,0.982885,0,0.02
$r*m,shrdhm,sh-r-dh-m,1,1,0.982978,0.983105,0,0.02
Dyr,uDyr,ḍ-y-r,1,1,0.982978,0.983105,0,0.02
frh,frh,f-r-h,1,1,0.982978,0.983105,0,0.02
kbkb,kbkb,k-b-k-b,1,1,0.982978,0.983105,0,0.02
ryE,ryuE,r-y-ʿ,1,1,0.982978,0.983105,0,0.02
Twd,uTwd,ṭ-w-d,1,1,0.982978,0.983105,0,0.02
*En,dhuEn,dh-ʿ-n,1,1,0.983004,0.983131,0,0.02
Aym,uAym,a-y-m,1,1,0.983004,0.983131,0,0.02
Hyf,uHyf,ḥ-y-f,1,1,0.983004,0.983131,0,0.02
lw*,lwdh,l-w-dh,1,1,0.983004,0.983131,0,0.02
zjj,zjj,z-j-j,2,1,0.983004,0.983131,0,0.03
jny,jny,j-n-y,2,2,0.983055,0.983182,0.22243,0.03
Ewq,uEwq,ʿ-w-q,1,1,0.983378,0.983505,0,0.02
jwf,jwf,j-w-f,1,1,0.983378,0.983505,0,0.02
nHb,nuHb,n-ḥ-b,1,1,0.983378,0.983505,0,0.02
slq,slq,s-l-q,1,1,0.983378,0.983505,0,0.02
SyS,uSyuS,ṣ-y-ṣ,1,1,0.983378,0.983505,0,0.02
wTr,wuTr,w-ṭ-r,2,1,0.983378,0.983505,0,0.03
$gl,shgl,sh-gh-l,2,2,0.983404,0.983531,0.290146,0.03
jdv,jdv,j-d-th,3,3,0.983417,0.983544,0.372545,0.05
kwr,kwr,k-w-r,3,2,0.98352,0.983647,0.138768,0.05
*bb,dhbb,dh-b-b,2,1,0.983546,0.983673,0,0.03
*hl,dhhl,dh-h-l,1,1,0.983546,0.983673,0,0.02
bAr,buAr,b-a-r,1,1,0.983546,0.983673,0,0.02
Dmr,uDmr,ḍ-m-r,1,1,0.983546,0.983673,0,0.02
Emq,uEmq,ʿ-m-q,1,1,0.983546,0.983673,0,0.02
ETf,uEuTf,ʿ-ṭ-f,1,1,0.983546,0.983673,0,0.02
Etq,uEtq,ʿ-t-q,2,1,0.983546,0.983673,0,0.03
hdm,hdm,h-d-m,1,1,0.983546,0.983673,0,0.02
hmd,hmd,h-m-d,1,1,0.983546,0.983673,0,0.02
mjs,mjs,m-j-s,1,1,0.983546,0.983673,0,0.02
qmE,qmuE,q-m-ʿ,1,1,0.983546,0.983673,0,0.02
slb,slb,s-l-b,1,1,0.983546,0.983673,0,0.02
SmE,uSmuE,ṣ-m-ʿ,1,1,0.983546,0.983673,0,0.02
sTw,suTw,s-ṭ-w,1,1,0.983546,0.983673,0,0.02
tfv,tfv,t-f-th,1,1,0.983546,0.983673,0,0.02
wjb,wjb,w-j-b,1,1,0.983546,0.983673,0,0.02
hbw,hbw,h-b-w,2,2,0.983572,0.983699,0.239775,0.03
rss,rss,r-s-s,2,2,0.98365,0.983777,0.237979,0.03
Afq,uAfq,a-f-q,3,3,0.983753,0.98388,0.263854,0.05
nzf,nzf,n-z-f,2,2,0.983998,0.984125,0.243959,0.03
$rd,shrd,sh-r-d,1,1,0.984076,0.984203,0,0.02
$wk,shwk,sh-w-k,1,1,0.984076,0.984203,0,0.02
Hwz,uHwz,ḥ-w-z,1,1,0.984076,0.984203,0,0.02
mkw,mkw,m-k-w,1,1,0.984076,0.984203,0,0.02
zHf,zuHf,z-ḥ-f,1,1,0.984076,0.984203,0,0.02
rwg,rwg,r-w-gh,3,2,0.984244,0.984371,0.293222,0.05
fwD,fwuD,f-w-ḍ,1,1,0.984257,0.984384,0,0.02
nvr,nvr,n-th-r,3,3,0.984295,0.984422,0.257937,0.05
nf$,nfsh,n-f-sh,2,2,0.984437,0.984565,0.02968,0.03
$ks,shks,sh-k-s,1,1,0.984864,0.984991,0,0.02
$mz,shmz,sh-m-z,1,1,0.984864,0.984991,0,0.02
q$Er,qshuEr,q-sh-ʿ-r,1,1,0.984864,0.984991,0,0.02
zmr,zmr,z-m-r,2,1,0.984864,0.984991,0,0.03
dmg,dmg,d-m-gh,1,1,0.984902,0.98503,0,0.02
fhm,fhm,f-h-m,1,1,0.984902,0.98503,0,0.02
ftq,ftq,f-t-q,1,1,0.984902,0.98503,0,0.02
Hdb,uHdb,ḥ-d-b,1,1,0.984902,0.98503,0,0.02
klA,kluA,k-l-a,1,1,0.984902,0.98503,0,0.02
nfH,nfuH,n-f-ḥ,1,1,0.984902,0.98503,0,0.02
nwn,nwn,n-w-n,1,1,0.984902,0.98503,0,0.02
qSm,quSm,q-ṣ-m,1,1,0.984902,0.98503,0,0.02
rtq,rtq,r-t-q,1,1,0.984902,0.98503,0,0.02
bsm,bsm,b-s-m,1,1,0.985135,0.985262,0,0.01
Efr,uEfr,ʿ-f-r,1,1,0.985135,0.985262,0,0.01
hdhd,hdhd,h-d-h-d,1,1,0.985135,0.985262,0,0.01
jmd,jmd,j-m-d,1,1,0.985135,0.985262,0,0.01
tqn,tqn,t-q-n,1,1,0.985135,0.985262,0,0.01
xbA,xbuA,kh-b-a,1,1,0.985135,0.985262,0,0.01
lgb,lgb,l-gh-b,2,2,0.985174,0.985301,0.253388,0.03
qrE,qruE,q-r-ʿ,5,3,0.985186,0.985314,0.056517,0.07
kmm,kmm,k-m-m,2,2,0.985212,0.98534,0.2443,0.03
dxn,dxn,d-kh-n,2,2,0.985277,0.985404,0.242718,0.03
gvw,gvw,gh-th-w,2,2,0.985509,0.985637,0.06254,0.03
Hnv,uHnv,ḥ-n-th,2,2,0.985638,0.985766,0.260611,0.03
rtl,rtl,r-t-l,4,2,0.985897,0.986024,0.163751,0.06
rmm,rmm,r-m-m,2,2,0.985987,0.986115,0.256589,0.03
klH,kluH,k-l-ḥ,1,1,0.986439,0.986567,0,0.01
lfH,lfuH,l-f-ḥ,1,1,0.986439,0.986567,0,0.01
jzE,jzuE,j-z-ʿ,2,2,0.986478,0.986605,0.18239,0.03
wtd,wtd,w-t-d,3,3,0.98653,0.986657,0.352416,0.04
Eyy,uEyy,ʿ-y-y,2,2,0.986878,0.987006,0.271166,0.03
SlSl,uSluSl,ṣ-l-ṣ-l,4,2,0.987007,0.987135,0.276837,0.05
Enkb,uEnkb,ʿ-n-k-b,2,1,0.987395,0.987522,0,0.03
xTT,xuTuT,kh-ṭ-ṭ,1,1,0.987395,0.987522,0,0.01
$El,shuEl,sh-ʿ-l,1,1,0.987589,0.987716,0,0.01
Add,uAdd,a-d-d,1,1,0.987589,0.987716,0,0.01
Azz,uAzz,a-z-z,2,1,0.987589,0.987716,0,0.02
Ddd,uDdd,ḍ-d-d,1,1,0.987589,0.987716,0,0.01
hdd,hdd,h-d-d,1,1,0.987589,0.987716,0,0.01
Hnn,uHnn,ḥ-n-n,1,1,0.987589,0.987716,0,0.01
Htm,uHtm,ḥ-t-m,1,1,0.987589,0.987716,0,0.01
mxD,mxuD,m-kh-ḍ,1,1,0.987589,0.987716,0,0.01
rkz,rkz,r-k-z,1,1,0.987589,0.987716,0,0.01
wfd,wfd,w-f-d,1,1,0.987589,0.987716,0,0.01
wsm,wsm,w-s-m,2,2,0.987666,0.987794,0.248151,0.02
vqb,vqb,th-q-b,2,2,0.988105,0.988233,0.064471,0.02
EbA,uEbuA,ʿ-b-a,1,1,0.988467,0.988595,0,0.01
fln,fln,f-l-n,1,1,0.988467,0.988595,0,0.01
fsr,fsr,f-s-r,1,1,0.988467,0.988595,0,0.01
Avl,uAvl,a-th-l,1,1,0.988596,0.988724,0,0.01
Erm,uErm,ʿ-r-m,1,1,0.988596,0.988724,0,0.01
jfn,jfn,j-f-n,1,1,0.988596,0.988724,0,0.01
mzq,mzq,m-z-q,4,1,0.988596,0.988724,0,0.05
nw$,nwsh,n-w-sh,1,1,0.988596,0.988724,0,0.01
srd,srd,s-r-d,1,1,0.988596,0.988724,0,0.01
xmT,xmuT,kh-m-ṭ,1,1,0.988596,0.988724,0,0.01
$wb,shwb,sh-w-b,1,1,0.988893,0.989021,0,0.01
Abq,uAbq,a-b-q,1,1,0.988893,0.989021,0,0.01
gwl,gwl,gh-w-l,1,1,0.988893,0.989021,0,0.01
jbn,jbn,j-b-n,1,1,0.988893,0.989021,0,0.01
lqm,lqm,l-q-m,1,1,0.988893,0.989021,0,0.01
lzb,lzb,l-z-b,1,1,0.988893,0.989021,0,0.01
rkd,rkd,r-k-d,1,1,0.988893,0.989021,0,0.01
shm,shm,s-h-m,1,1,0.988893,0.989021,0,0.01
sqm,sqm,s-q-m,2,1,0.988893,0.989021,0,0.02
swH,swuH,s-w-ḥ,1,1,0.988893,0.989021,0,0.01
tll,tll,t-l-l,1,1,0.988893,0.989021,0,0.01
zff,zff,z-f-f,1,1,0.988893,0.989021,0,0.01
jfA,jfuA,j-f-a,1,1,0.988983,0.989111,0,0.01
mHl,muHl,m-ḥ-l,1,1,0.988983,0.989111,0,0.01
Snw,uSnw,ṣ-n-w,2,1,0.988983,0.989111,0,0.02
zbd,zbd,z-b-d,3,1,0.988983,0.989111,0,0.03
brm,brm,b-r-m,2,1,0.989281,0.989408,0,0.02
frE,fruE,f-r-ʿ,1,1,0.989281,0.989408,0,0.01
jrE,jruE,j-r-ʿ,1,1,0.989281,0.989408,0,0.01
jvv,jvv,j-th-th,1,1,0.989281,0.989408,0,0.01
rmd,rmd,r-m-d,1,1,0.989281,0.989408,0,0.01
msw,msw,m-s-w,1,1,0.989448,0.989576,0,0.01
qHm,quHm,q-ḥ-m,2,2,0.989474,0.989602,0.095889,0.02
qTmr,quTmr,q-ṭ-m-r,1,1,0.989991,0.990119,0,0.01
jwd,jwd,j-w-d,1,1,0.990533,0.990661,0,0.01
lwt,lwt,l-w-t,1,1,0.990533,0.990661,0,0.01
nEj,nuEj,n-ʿ-j,4,1,0.990533,0.990661,0,0.04
nwS,nwuS,n-w-ṣ,1,1,0.990533,0.990661,0,0.01
qTT,quTuT,q-ṭ-ṭ,1,1,0.990533,0.990661,0,0.01
rxw,rxw,r-kh-w,1,1,0.990533,0.990661,0,0.01
Sfn,uSfn,ṣ-f-n,1,1,0.990533,0.990661,0,0.01
dhr,dhr,d-h-r,2,2,0.990559,0.990687,0.256873,0.02
Erjn,uErjn,ʿ-r-j-n,1,1,0.990637,0.990765,0,0.01
msx,msx,m-s-kh,1,1,0.990637,0.990765,0,0.01
qmH,qmuH,q-m-ḥ,1,1,0.990637,0.990765,0,0.01
mHn,muHn,m-ḥ-n,2,2,0.991024,0.991152,0.296028,0.02
Tbq,uTbq,ṭ-b-q,4,3,0.991399,0.991527,0.258323,0.03
EDw,uEuDw,ʿ-ḍ-w,1,1,0.991541,0.991669,0,0.01
fDH,fuDuH,f-ḍ-ḥ,1,1,0.991541,0.991669,0,0.01
lqH,lquH,l-q-ḥ,1,1,0.991541,0.991669,0,0.01
xdd,xdd,kh-d-d,2,2,0.991541,0.991669,0.151409,0.02
Etl,uEtl,ʿ-t-l,2,2,0.991657,0.991785,0.294215,0.02
mwr,mwr,m-w-r,3,2,0.99167,0.991798,0.250558,0.02
Hqf,uHqf,ḥ-q-f,1,1,0.991696,0.991824,0,0.01
Ebs,uEbs,ʿ-b-s,3,3,0.991851,0.991979,0.398695,0.02
wjf,wjf,w-j-f,2,2,0.991941,0.992069,0.233686,0.02
nDr,nuDr,n-ḍ-r,3,3,0.992561,0.992689,0.419697,0.02
khn,khn,k-h-n,2,2,0.992638,0.992767,0.292821,0.01
SEr,uSuEr,ṣ-ʿ-r,1,1,0.992948,0.993077,0,0.01
xtr,xtr,kh-t-r,1,1,0.992948,0.993077,0,0.01
$rT,shruT,sh-r-ṭ,1,1,0.993039,0.993167,0,0.01
Asn,uAsn,a-s-n,1,1,0.993039,0.993167,0,0.01
Dgn,uDgn,ḍ-gh-n,2,1,0.993039,0.993167,0,0.01
Esl,uEsl,ʿ-s-l,1,1,0.993039,0.993167,0,0.01
lHn,luHn,l-ḥ-n,1,1,0.993039,0.993167,0,0.01
mEy,muEy,m-ʿ-y,1,1,0.993039,0.993167,0,0.01
qfl,qfl,q-f-l,1,1,0.993039,0.993167,0,0.01
tEs,tuEs,t-ʿ-s,1,1,0.993039,0.993167,0,0.01
$Eb,shuEb,sh-ʿ-b,2,2,0.993181,0.993309,0.261465,0.01
qTf,quTf,q-ṭ-f,2,2,0.99353,0.993658,0.295708,0.01
fsH,fsuH,f-s-ḥ,3,1,0.993904,0.994032,0,0.02
jls,jls,j-l-s,1,1,0.993904,0.994032,0,0.01
$Am,shuAm,sh-a-m,3,2,0.994046,0.994175,0.241939,0.02
HDD,uHuDuD,ḥ-ḍ-ḍ,3,3,0.994576,0.994704,0.203878,0.02
bsr,bsr,b-s-r,2,2,0.994589,0.994717,0.279328,0.01
mzj,mzj,m-z-j,3,2,0.994679,0.994807,0.286515,0.02
shw,shw,s-h-w,2,2,0.995028,0.995156,0.063257,0.01
bss,bss,b-s-s,2,1,0.995105,0.995234,0,0.01
mzn,mzn,m-z-n,1,1,0.995105,0.995234,0,0
rjj,rjj,r-j-j,2,1,0.995105,0.995234,0,0.01
skb,skb,s-k-b,1,1,0.995105,0.995234,0,0
TlH,uTluH,ṭ-l-ḥ,1,1,0.995105,0.995234,0,0
vll,vll,th-l-l,3,1,0.995105,0.995234,0,0.01
wDn,wuDn,w-ḍ-n,1,1,0.995105,0.995234,0,0
xDd,xuDd,kh-ḍ-d,1,1,0.995105,0.995234,0,0
bsq,bsq,b-s-q,1,1,0.995183,0.995311,0,0
Hyd,uHyd,ḥ-y-d,1,1,0.995183,0.995311,0,0
lfZ,lfuZ,l-f-ẓ,1,1,0.995183,0.995311,0,0
jfw,jfw,j-f-w,1,1,0.995196,0.995324,0,0
lbd,lbd,l-b-d,2,2,0.99526,0.995389,0.193832,0.01
Dyz,uDyz,ḍ-y-z,1,1,0.995351,0.995479,0,0
Hbk,uHbk,ḥ-b-k,1,1,0.995351,0.995479,0,0
hjE,hjuE,h-j-ʿ,1,1,0.995351,0.995479,0,0
kdy,kdy,k-d-y,1,1,0.995351,0.995479,0,0
qny,qny,q-n-y,1,1,0.995351,0.995479,0,0
qwb,qwb,q-w-b,1,1,0.995351,0.995479,0,0
qws,qws,q-w-s,1,1,0.995351,0.995479,0,0
Skk,uSkk,ṣ-k-k,1,1,0.995351,0.995479,0,0
smd,smd,s-m-d,1,1,0.995351,0.995479,0,0
$wZ,shwuZ,sh-w-ẓ,1,1,0.995467,0.995595,0,0
Anm,uAnm,a-n-m,1,1,0.995467,0.995595,0,0
dhm,dhm,d-h-m,1,1,0.995467,0.995595,0,0
Ebqr,uEbqr,ʿ-b-q-r,1,1,0.995467,0.995595,0,0
fnn,fnn,f-n-n,1,1,0.995467,0.995595,0,0
fny,fny,f-n-y,1,1,0.995467,0.995595,0,0
jll,jll,j-l-l,2,1,0.995467,0.995595,0,0.01
nDx,nuDx,n-ḍ-kh,1,1,0.995467,0.995595,0,0
nf*,nfdh,n-f-dh,3,1,0.995467,0.995595,0,0.01
rfrf,rfrf,r-f-r-f,1,1,0.995467,0.995595,0,0
Tmv,uTmv,ṭ-m-th,2,1,0.995467,0.995595,0,0.01
xym,xym,kh-y-m,1,1,0.995467,0.995595,0,0
jss,jss,j-s-s,1,1,0.995518,0.995647,0,0
lqb,lqb,l-q-b,1,1,0.995518,0.995647,0,0
lyt,lyt,l-y-t,1,1,0.995518,0.995647,0,0
nbz,nbz,n-b-z,1,1,0.995518,0.995647,0,0
gly,gly,gh-l-y,2,1,0.995531,0.99566,0,0.01
rhw,rhw,r-h-w,1,1,0.995531,0.99566,0,0
A$r,uAshr,a-sh-r,2,1,0.995583,0.995712,0,0.01
dhy,dhy,d-h-y,1,1,0.995583,0.995712,0,0
dsr,dsr,d-s-r,1,1,0.995583,0.995712,0,0
hmr,hmr,h-m-r,1,1,0.995583,0.995712,0,0
qEr,quEr,q-ʿ-r,1,1,0.995583,0.995712,0,0
dEE,duEuE,d-ʿ-ʿ,3,2,0.995648,0.995776,0.128332,0.01
Alt,uAlt,a-l-t,1,1,0.995971,0.996099,0,0
rqq,rqq,r-q-q,1,1,0.995971,0.996099,0,0
HTb,uHuTb,ḥ-ṭ-b,2,2,0.996022,0.996151,0.072326,0.01
Hrd,uHrd,ḥ-r-d,1,1,0.996125,0.996254,0,0
nmm,nmm,n-m-m,1,1,0.996125,0.996254,0,0
Srm,uSrm,ṣ-r-m,3,1,0.996125,0.996254,0,0.01
xrTm,xruTm,kh-r-ṭ-m,1,1,0.996125,0.996254,0,0
znm,znm,z-n-m,1,1,0.996125,0.996254,0,0
gdq,gdq,gh-d-q,1,1,0.996319,0.996448,0,0
hrb,hrb,h-r-b,1,1,0.996319,0.996448,0,0
Hrs,uHrs,ḥ-r-s,1,1,0.996319,0.996448,0,0
Hry,uHry,ḥ-r-y,1,1,0.996319,0.996448,0,0
Hsm,uHsm,ḥ-s-m,1,1,0.996668,0.996797,0,0
SrE,uSruE,ṣ-r-ʿ,1,1,0.996668,0.996797,0,0
why,why,w-h-y,1,1,0.996668,0.996797,0,0
wtn,wtn,w-t-n,1,1,0.996668,0.996797,0,0
dvr,dvr,d-th-r,1,1,0.996707,0.996835,0,0
qsr,qsr,q-s-r,1,1,0.996707,0.996835,0,0
Ehn,uEhn,ʿ-h-n,2,2,0.996732,0.996861,0.131813,0.01
vyb,vyb,th-y-b,1,1,0.996784,0.996913,0,0
m$j,mshj,m-sh-j,1,1,0.996862,0.99699,0,0
qmTr,qmuTr,q-m-ṭ-r,1,1,0.996862,0.99699,0,0
zmhr,zmhr,z-m-h-r,1,1,0.996862,0.99699,0,0
gbn,gbn,gh-b-n,1,1,0.996887,0.997016,0,0
nsr,nsr,n-s-r,1,1,0.997081,0.99721,0,0
rSS,ruSuS,r-ṣ-ṣ,1,1,0.997146,0.997275,0,0
Ezw,uEzw,ʿ-z-w,1,1,0.997197,0.997326,0,0
hlE,hluE,h-l-ʿ,1,1,0.997197,0.997326,0,0
wfD,wfuD,w-f-ḍ,1,1,0.997197,0.997326,0,0
lhb,lhb,l-h-b,3,2,0.997365,0.997494,0.058372,0.01
btl,btl,b-t-l,2,1,0.99743,0.997559,0,0.01
gSS,guSuS,gh-ṣ-ṣ,1,1,0.99743,0.997559,0,0
hyl,hyl,h-y-l,1,1,0.99743,0.997559,0,0
kvb,kvb,k-th-b,1,1,0.99743,0.997559,0,0
zml,zml,z-m-l,1,1,0.99743,0.997559,0,0
$mx,shmx,sh-m-kh,1,1,0.997662,0.997791,0,0
kft,kft,k-f-t,1,1,0.997662,0.997791,0,0
snd,snd,s-n-d,1,1,0.997675,0.997804,0,0
x$b,xshb,kh-sh-b,1,1,0.997675,0.997804,0,0
dHw,duHw,d-ḥ-w,1,1,0.997688,0.997817,0,0
gT$,guTsh,gh-ṭ-sh,1,1,0.997688,0.997817,0,0
n$T,nshuT,n-sh-ṭ,2,1,0.997688,0.997817,0,0
nxr,nxr,n-kh-r,1,1,0.997688,0.997817,0,0
shr,shr,s-h-r,1,1,0.997688,0.997817,0,0
smk,smk,s-m-k,1,1,0.997688,0.997817,0,0
Tmm,uTmm,ṭ-m-m,1,1,0.997688,0.997817,0,0
fkk,fkk,f-k-k,2,2,0.997727,0.997856,0.294365,0
dhq,dhq,d-h-q,1,1,0.997766,0.997895,0,0
vjj,vjj,th-j-j,1,1,0.997766,0.997895,0,0
whj,whj,w-h-j,1,1,0.997766,0.997895,0,0
gmz,gmz,gh-m-z,1,1,0.997817,0.997946,0,0
rHq,ruHq,r-ḥ-q,1,1,0.997817,0.997946,0,0
ryn,ryn,r-y-n,1,1,0.997817,0.997946,0,0
snm,snm,s-n-m,1,1,0.997817,0.997946,0,0
Tff,uTff,ṭ-f-f,1,1,0.997817,0.997946,0,0
Hrk,uHrk,ḥ-r-k,1,1,0.997882,0.998011,0,0
mTw,muTw,m-ṭ-w,1,1,0.997882,0.998011,0,0
sdy,sdy,s-d-y,1,1,0.997882,0.998011,0,0
trq,trq,t-r-q,1,1,0.997882,0.998011,0,0
jmm,jmm,j-m-m,1,1,0.998231,0.99836,0,0
swT,swuT,s-w-ṭ,1,1,0.998231,0.99836,0,0
Abb,uAbb,a-b-b,1,1,0.998282,0.998411,0,0
qDb,quDb,q-ḍ-b,1,1,0.998282,0.998411,0,0
Sxx,uSxx,ṣ-kh-kh,1,1,0.998282,0.998411,0,0
xns,xns,kh-n-s,2,2,0.998399,0.998527,0.147325,0
bEvr,buEvr,b-ʿ-th-r,2,2,0.99845,0.998579,0.257287,0
kdH,kduH,k-d-ḥ,2,1,0.998618,0.998747,0,0
wsq,wsq,w-s-q,2,1,0.998618,0.998747,0,0
Dnn,uDnn,ḍ-n-n,1,1,0.998657,0.998786,0,0
EsEs,uEsuEs,ʿ-s-ʿ-s,1,1,0.998657,0.998786,0,0
k$T,kshuT,k-sh-ṭ,1,1,0.998657,0.998786,0,0
kdr,kdr,k-d-r,1,1,0.998657,0.998786,0,0
kns,kns,k-n-s,1,1,0.998657,0.998786,0,0
wAd,wuAd,w-a-d,1,1,0.998657,0.998786,0,0
wH$,wuHsh,w-ḥ-sh,1,1,0.998657,0.998786,0,0
sTH,suTuH,s-ṭ-ḥ,1,1,0.998812,0.998941,0,0
$fh,shfh,sh-f-h,1,1,0.998941,0.99907,0,0
kbd,kbd,k-b-d,1,1,0.998941,0.99907,0,0
njd,njd,n-j-d,1,1,0.998941,0.99907,0,0
sgb,sgb,s-gh-b,1,1,0.998941,0.99907,0,0
sfE,sfuE,s-f-ʿ,1,1,0.99907,0.999199,0,0
zbn,zbn,z-b-n,1,1,0.99907,0.999199,0,0
lZy,luZy,l-ẓ-y,1,1,0.999083,0.999212,0,0
dfq,dfq,d-f-q,1,1,0.999212,0.999341,0,0
hzl,hzl,h-z-l,1,1,0.999212,0.999341,0,0
dmdm,dmdm,d-m-d-m,1,1,0.999303,0.999432,0,0
dsw,dsw,d-s-w,1,1,0.999303,0.999432,0,0
lhm,lhm,l-h-m,1,1,0.999303,0.999432,0,0
THw,uTuHw,ṭ-ḥ-w,1,1,0.999303,0.999432,0,0
DbH,uDbuH,ḍ-b-ḥ,1,1,0.999483,0.999612,0,0
HSl,uHuSl,ḥ-ṣ-l,1,1,0.999483,0.999612,0,0
knd,knd,k-n-d,1,1,0.999483,0.999612,0,0
nqE,nquE,n-q-ʿ,1,1,0.999483,0.999612,0,0
qdH,qduH,q-d-ḥ,1,1,0.999483,0.999612,0,0
sjw,sjw,s-j-w,1,1,0.999483,0.999612,0,0
tyn,tyn,t-y-n,1,1,0.999561,0.99969,0,0
mEn,muEn,m-ʿ-n,1,1,0.999677,0.999806,0,0
fyl,fyl,f-y-l,1,1,0.999703,0.999832,0,0
jyd,jyd,j-y-d,1,1,0.999703,0.999832,0,0
msd,msd,m-s-d,1,1,0.999703,0.999832,0,0
nfv,nfv,n-f-th,1,1,0.999703,0.999832,0,0
wqb,wqb,w-q-b,1,1,0.999703,0.999832,0,0
$tw,shtw,sh-t-w,1,1,0.99978,0.99991,0,0
Syf,uSyf,ṣ-y-f,1,1,0.99978,0.99991,0,0
kfA,kfuA,k-f-a,1,1,0.999806,0.999935,0,0
Smd,uSmd,ṣ-m-d,1,1,0.999806,0.999935,0,0
btr,btr,b-t-r,1,1,0.999871,1,0,0
nHr,nuHr,n-ḥ-r,1,1,0.999871,1,0,0
