root,safeKey,arabic,rootLatin,totalCount,normalizedFrequencyOverall,count_meccan-early,normalizedFrequency_meccan-early,count_meccan-middle,normalizedFrequency_meccan-middle,count_meccan-late,normalizedFrequency_meccan-late,count_medinan,normalizedFrequency_medinan
Alh,uAlh,ا ل ه,a-l-h,2851,36.821,32,11.834,248,17.51,812,26.56,1759,58.653
qwl,qwl,ق و ل,q-w-l,1722,22.24,27,9.985,438,30.926,783,25.612,474,15.805
kwn,kwn,ك و ن,k-w-n,1390,17.952,27,9.985,307,21.676,586,19.168,470,15.672
rbb,rbb,ر ب ب,r-b-b,980,12.657,57,21.08,231,16.31,474,15.504,218,7.269
Amn,uAmn,ا م ن,a-m-n,879,11.352,15,5.547,106,7.484,258,8.439,500,16.672
Elm,uElm,ع ل م,ʿ-l-m,854,11.029,32,11.834,130,9.179,333,10.892,359,11.971
qwm,qwm,ق و م,q-w-m,660,8.524,12,4.438,142,10.026,300,9.813,206,6.869
Aty,uAty,ا ت ي,a-t-y,549,7.09,8,2.959,112,7.908,219,7.163,210,7.002
kfr,kfr,ك ف ر,k-f-r,525,6.78,9,3.328,54,3.813,170,5.561,292,9.737
byn,byn,ب ي ن,b-y-n,523,6.755,2,0.74,87,6.143,215,7.033,219,7.302
$yA,shyuA,ش ي ا,sh-y-a,519,6.703,17,6.287,76,5.366,219,7.163,207,6.902
rsl,rsl,ر س ل,r-s-l,513,6.625,10,3.698,102,7.202,164,5.364,237,7.903
ArD,uAruD,ا ر ض,a-r-ḍ,461,5.954,9,3.328,86,6.072,231,7.556,135,4.502
ywm,ywm,ي و م,y-w-m,405,5.231,18,6.657,88,6.213,187,6.117,112,3.735
Ayy,uAyy,ا ي ي,a-y-y,382,4.934,3,1.109,90,6.355,196,6.411,93,3.101
smw,smw,س م و,s-m-w,381,4.921,17,6.287,62,4.378,189,6.182,113,3.768
kll,kll,ك ل ل,k-l-l,377,4.869,7,2.589,74,5.225,161,5.266,135,4.502
E*b,uEdhb,ع ذ ب,ʿ-dh-b,373,4.817,8,2.959,57,4.025,167,5.463,141,4.702
Eml,uEml,ع م ل,ʿ-m-l,360,4.649,5,1.849,51,3.601,164,5.364,140,4.668
jEl,juEl,ج ع ل,j-ʿ-l,346,4.469,13,4.808,83,5.86,172,5.626,78,2.601
rHm,ruHm,ر ح م,r-ḥ-m,339,4.378,5,1.849,85,6.002,136,4.449,113,3.768
rAy,ruAy,ر ا ي,r-a-y,328,4.236,21,7.766,70,4.942,151,4.939,86,2.868
ktb,ktb,ك ت ب,k-t-b,319,4.12,4,1.479,43,3.036,108,3.533,164,5.468
hdy,hdy,ه د ي,h-d-y,316,4.081,9,3.328,66,4.66,131,4.285,110,3.668
Zlm,uZlm,ظ ل م,ẓ-l-m,315,4.068,2,0.74,52,3.672,157,5.135,104,3.468
nfs,nfs,ن ف س,n-f-s,298,3.849,11,4.068,37,2.612,115,3.762,135,4.502
qbl,qbl,ق ب ل,q-b-l,294,3.797,2,0.74,53,3.742,130,4.252,109,3.635
nzl,nzl,ن ز ل,n-z-l,293,3.784,4,1.479,47,3.319,114,3.729,128,4.268
*kr,dhkr,ذ ك ر,dh-k-r,292,3.771,27,9.985,80,5.649,109,3.565,76,2.534
Hqq,uHqq,ح ق ق,ḥ-q-q,287,3.707,2,0.74,44,3.107,146,4.776,95,3.168
k*b,kdhb,ك ذ ب,k-dh-b,282,3.642,26,9.615,71,5.013,114,3.729,71,2.367
jyA,jyuA,ج ي ا,j-y-a,278,3.59,6,2.219,67,4.731,135,4.416,70,2.334
Ebd,uEbd,ع ب د,ʿ-b-d,275,3.552,14,5.178,63,4.448,150,4.906,48,1.601
Ax*,uAxdh,ا خ ذ,a-kh-dh,273,3.526,4,1.479,67,4.731,100,3.271,102,3.401
xlq,xlq,خ ل ق,kh-l-q,261,3.371,14,5.178,61,4.307,140,4.579,46,1.534
wqy,wqy,و ق ي,w-q-y,258,3.332,9,3.328,45,3.177,62,2.028,142,4.735
Axr,uAxr,ا خ ر,a-kh-r,250,3.229,17,6.287,36,2.542,100,3.271,97,3.234
Amr,uAmr,ا م ر,a-m-r,248,3.203,3,1.109,41,2.895,109,3.565,95,3.168
nws,nws,ن و س,n-w-s,241,3.113,6,2.219,25,1.765,88,2.878,122,4.068
bEd,buEd,ب ع د,b-ʿ-d,235,3.035,4,1.479,35,2.471,91,2.977,105,3.501
gfr,gfr,غ ف ر,gh-f-r,234,3.022,5,1.849,33,2.33,61,1.995,135,4.502
wly,wly,و ل ي,w-l-y,232,2.996,10,3.698,23,1.624,67,2.192,132,4.401
dEw,duEw,د ع و,d-ʿ-w,212,2.738,4,1.479,51,3.601,112,3.663,45,1.501
Hkm,uHkm,ح ك م,ḥ-k-m,210,2.712,5,1.849,17,1.2,71,2.322,117,3.901
mlk,mlk,م ل ك,m-l-k,206,2.661,8,2.959,34,2.401,80,2.617,84,2.801
End,uEnd,ع ن د,ʿ-n-d,201,2.596,9,3.328,32,2.259,68,2.224,92,3.068
jnn,jnn,ج ن ن,j-n-n,201,2.596,12,4.438,47,3.319,78,2.551,64,2.134
xyr,xyr,خ ي ر,kh-y-r,196,2.531,9,3.328,36,2.542,58,1.897,93,3.101
Hsn,uHsn,ح س ن,ḥ-s-n,194,2.506,7,2.589,30,2.118,84,2.748,73,2.434
nwr,nwr,ن و ر,n-w-r,194,2.506,7,2.589,32,2.259,58,1.897,97,3.234
Dll,uDll,ض ل ل,ḍ-l-l,191,2.467,8,2.959,47,3.319,86,2.813,50,1.667
smE,smuE,س م ع,s-m-ʿ,185,2.389,1,0.37,42,2.965,72,2.355,70,2.334
bny,bny,ب ن ي,b-n-y,184,2.376,4,1.479,30,2.118,67,2.192,83,2.768
Hyy,uHyy,ح ي ي,ḥ-y-y,184,2.376,7,2.589,37,2.612,78,2.551,62,2.067
xrj,xrj,خ ر ج,kh-r-j,182,2.351,1,0.37,44,3.107,57,1.864,80,2.668
SlH,uSluH,ص ل ح,ṣ-l-ḥ,180,2.325,4,1.479,39,2.754,70,2.29,67,2.234
sbl,sbl,س ب ل,s-b-l,176,2.273,5,1.849,20,1.412,50,1.635,101,3.368
tbE,tbuE,ت ب ع,t-b-ʿ,172,2.221,4,1.479,43,3.036,65,2.126,60,2.001
Awl,uAwl,ا و ل,a-w-l,170,2.196,10,3.698,43,3.036,65,2.126,52,1.734
qtl,qtl,ق ت ل,q-t-l,170,2.196,6,2.219,13,0.918,18,0.589,133,4.435
mvl,mvl,م ث ل,m-th-l,169,2.183,2,0.74,26,1.836,75,2.453,66,2.201
$rk,shrk,ش ر ك,sh-r-k,168,2.17,2,0.74,20,1.412,95,3.107,51,1.701
qlb,qlb,ق ل ب,q-l-b,168,2.17,1,0.37,15,1.059,42,1.374,110,3.668
kvr,kvr,ك ث ر,k-th-r,167,2.157,4,1.479,37,2.612,62,2.028,64,2.134
swA,swuA,س و ا,s-w-a,167,2.157,1,0.37,38,2.683,72,2.355,56,1.867
mwt,mwt,م و ت,m-w-t,165,2.131,5,1.849,26,1.836,68,2.224,66,2.201
kbr,kbr,ك ب ر,k-b-r,161,2.079,8,2.959,26,1.836,89,2.911,38,1.267
$hd,shhd,ش ه د,sh-h-d,160,2.066,7,2.589,12,0.847,53,1.734,88,2.934
nbA,nbuA,ن ب ا,n-b-a,160,2.066,2,0.74,27,1.906,42,1.374,89,2.968
bED,buEuD,ب ع ض,b-ʿ-ḍ,158,2.041,2,0.74,14,0.988,61,1.995,81,2.701
nSr,nuSr,ن ص ر,n-ṣ-r,158,2.041,0,0,21,1.483,45,1.472,92,3.068
Sdq,uSdq,ص د ق,ṣ-d-q,155,2.002,3,1.109,24,1.695,52,1.701,76,2.534
gyr,gyr,غ ي ر,gh-y-r,154,1.989,5,1.849,24,1.695,65,2.126,60,2.001
wEd,wuEd,و ع د,w-ʿ-d,151,1.95,3,1.109,41,2.895,72,2.355,35,1.167
bSr,buSr,ب ص ر,b-ṣ-r,148,1.911,7,2.589,31,2.189,71,2.322,39,1.3
rwd,rwd,ر و د,r-w-d,148,1.911,5,1.849,23,1.624,50,1.635,70,2.334
lqy,lqy,ل ق ي,l-q-y,146,1.886,3,1.109,53,3.742,54,1.766,36,1.2
dwn,dwn,د و ن,d-w-n,144,1.86,1,0.37,28,1.977,80,2.617,35,1.167
nEm,nuEm,ن ع م,n-ʿ-m,140,1.808,11,4.068,19,1.342,60,1.963,50,1.667
slm,slm,س ل م,s-l-m,140,1.808,3,1.109,26,1.836,54,1.766,57,1.901
dnw,dnw,د ن و,d-n-w,133,1.718,5,1.849,13,0.918,54,1.766,61,2.034
qdr,qdr,ق د ر,q-d-r,132,1.705,16,5.917,18,1.271,52,1.701,46,1.534
n*r,ndhr,ن ذ ر,n-dh-r,130,1.679,6,2.219,50,3.53,57,1.864,17,0.567
jmE,jmuE,ج م ع,j-m-ʿ,129,1.666,6,2.219,27,1.906,51,1.668,45,1.501
nZr,nuZr,ن ظ ر,n-ẓ-r,129,1.666,3,1.109,37,2.612,59,1.93,30,1
sAl,suAl,س ا ل,s-a-l,129,1.666,7,2.589,21,1.483,61,1.995,40,1.334
TwE,uTwuE,ط و ع,ṭ-w-ʿ,129,1.666,5,1.849,19,1.342,32,1.047,73,2.434
EZm,uEuZm,ع ظ م,ʿ-ẓ-m,128,1.653,3,1.109,19,1.342,38,1.243,68,2.267
Ahl,uAhl,ا ه ل,a-h-l,127,1.64,3,1.109,31,2.189,40,1.308,53,1.767
xlf,xlf,خ ل ف,kh-l-f,127,1.64,0,0,31,2.189,51,1.668,45,1.501
dxl,dxl,د خ ل,d-kh-l,126,1.627,3,1.109,18,1.271,40,1.308,65,2.167
xwf,xwf,خ و ف,kh-w-f,124,1.601,3,1.109,31,2.189,43,1.407,47,1.567
b$r,bshr,ب ش ر,b-sh-r,123,1.589,5,1.849,20,1.412,61,1.995,37,1.234
rzq,rzq,ر ز ق,r-z-q,123,1.589,1,0.37,18,1.271,61,1.995,43,1.434
ydy,ydy,ي د ي,y-d-y,120,1.55,2,0.74,29,2.048,28,0.916,61,2.034
Ezz,uEzz,ع ز ز,ʿ-z-z,119,1.537,1,0.37,28,1.977,42,1.374,48,1.601
Amm,uAmm,ا م م,a-m-m,118,1.524,4,1.479,27,1.906,50,1.635,37,1.234
jzy,jzy,ج ز ي,j-z-y,118,1.524,6,2.219,19,1.342,64,2.093,29,0.967
Abw,uAbw,ا ب و,a-b-w,117,1.511,3,1.109,26,1.836,64,2.093,24,0.8
nhr,nhr,ن ه ر,n-h-r,113,1.459,6,2.219,16,1.13,43,1.407,48,1.601
nfq,nfq,ن ف ق,n-f-q,111,1.434,0,0,4,0.282,9,0.294,98,3.268
Akl,uAkl,ا ك ل,a-k-l,109,1.408,5,1.849,17,1.2,44,1.439,43,1.434
Hsb,uHsb,ح س ب,ḥ-s-b,109,1.408,3,1.109,11,0.777,40,1.308,55,1.834
Ajr,uAjr,ا ج ر,a-j-r,108,1.395,4,1.479,24,1.695,32,1.047,48,1.601
fEl,fuEl,ف ع ل,f-ʿ-l,108,1.395,7,2.589,13,0.918,43,1.407,45,1.501
wjd,wjd,و ج د,w-j-d,107,1.382,4,1.479,22,1.553,33,1.079,48,1.601
Edw,uEdw,ع د و,ʿ-d-w,106,1.369,2,0.74,24,1.695,21,0.687,59,1.967
fDl,fuDl,ف ض ل,f-ḍ-l,104,1.343,1,0.37,11,0.777,30,0.981,62,2.067
rjE,rjuE,ر ج ع,r-j-ʿ,104,1.343,2,0.74,24,1.695,50,1.635,28,0.934
Sbr,uSbr,ص ب ر,ṣ-b-r,103,1.33,4,1.479,18,1.271,49,1.603,32,1.067
$dd,shdd,ش د د,sh-d-d,102,1.317,4,1.479,18,1.271,35,1.145,45,1.501
A*n,uAdhn,ا ذ ن,a-dh-n,102,1.317,3,1.109,11,0.777,32,1.047,56,1.867
wld,wld,و ل د,w-l-d,102,1.317,3,1.109,17,1.2,35,1.145,47,1.567
dyn,dyn,د ي ن,d-y-n,101,1.304,6,2.219,6,0.424,37,1.21,52,1.734
Slw,uSlw,ص ل و,ṣ-l-w,99,1.279,8,2.959,9,0.635,23,0.752,59,1.967
Ans,uAns,ا ن س,a-n-s,97,1.253,18,6.657,21,1.483,41,1.341,17,0.567
SHb,uSuHb,ص ح ب,ṣ-ḥ-b,97,1.253,9,3.328,36,2.542,26,0.85,26,0.867
Axw,uAxw,ا خ و,a-kh-w,96,1.24,1,0.37,26,1.836,31,1.014,38,1.267
bgy,bgy,ب غ ي,b-gh-y,96,1.24,2,0.74,20,1.412,33,1.079,41,1.367
qrb,qrb,ق ر ب,q-r-b,96,1.24,1,0.37,16,1.13,33,1.079,46,1.534
Hbb,uHbb,ح ب ب,ḥ-b-b,95,1.227,5,1.849,11,0.777,18,0.589,61,2.034
lyl,lyl,ل ي ل,l-y-l,92,1.188,14,5.178,16,1.13,44,1.439,18,0.6
sbH,sbuH,س ب ح,s-b-ḥ,92,1.188,4,1.479,19,1.342,45,1.472,24,0.8
sjd,sjd,س ج د,s-j-d,92,1.188,4,1.479,25,1.765,25,0.818,38,1.267
lys,lys,ل ي س,l-y-s,89,1.149,4,1.479,5,0.353,39,1.276,41,1.367
$Tn,shuTn,ش ط ن,sh-ṭ-n,88,1.137,1,0.37,23,1.624,29,0.949,35,1.167
qrA,qruA,ق ر ا,q-r-a,88,1.137,11,4.068,24,1.695,43,1.407,10,0.333
twb,twb,ت و ب,t-w-b,87,1.124,2,0.74,10,0.706,11,0.36,64,2.134
xld,xld,خ ل د,kh-l-d,87,1.124,1,0.37,15,1.059,27,0.883,44,1.467
mwl,mwl,م و ل,m-w-l,86,1.111,8,2.959,4,0.282,20,0.654,54,1.801
AHd,uAuHd,ا ح د,a-ḥ-d,85,1.098,6,2.219,17,1.2,24,0.785,38,1.267
njw,njw,ن ج و,n-j-w,84,1.085,0,0,21,1.483,46,1.505,17,0.567
Hrm,uHrm,ح ر م,ḥ-r-m,83,1.072,1,0.37,9,0.635,25,0.818,48,1.601
kyf,kyf,ك ي ف,k-y-f,83,1.072,6,2.219,19,1.342,36,1.178,22,0.734
swy,swy,س و ي,s-w-y,83,1.072,6,2.219,19,1.342,32,1.047,26,0.867
zwj,zwj,ز و ج,z-w-j,81,1.046,3,1.109,14,0.988,25,0.818,39,1.3
Eqb,uEqb,ع ق ب,ʿ-q-b,80,1.033,1,0.37,18,1.271,27,0.883,34,1.134
ErD,uEruD,ع ر ض,ʿ-r-ḍ,79,1.02,2,0.74,12,0.847,39,1.276,26,0.867
wHy,wuHy,و ح ي,w-ḥ-y,78,1.007,4,1.479,16,1.13,49,1.603,9,0.3
wjh,wjh,و ج ه,w-j-h,78,1.007,5,1.849,7,0.494,32,1.047,34,1.134
blg,blg,ب ل غ,b-l-gh,77,0.994,3,1.109,12,0.847,34,1.112,28,0.934
Swb,uSwb,ص و ب,ṣ-w-b,77,0.994,0,0,6,0.424,19,0.621,52,1.734
qll,qll,ق ل ل,q-l-l,76,0.982,5,1.849,10,0.706,27,0.883,34,1.134
$kr,shkr,ش ك ر,sh-k-r,75,0.969,0,0,19,1.342,36,1.178,20,0.667
Alm,uAlm,ا ل م,a-l-m,75,0.969,1,0.37,4,0.282,31,1.014,39,1.3
klm,klm,ك ل م,k-l-m,75,0.969,0,0,12,0.847,34,1.112,29,0.967
Drr,uDrr,ض ر ر,ḍ-r-r,74,0.956,0,0,10,0.706,33,1.079,31,1.034
bAs,buAs,ب ا س,b-a-s,73,0.943,0,0,10,0.706,26,0.85,37,1.234
byt,byt,ب ي ت,b-y-t,73,0.943,1,0.37,8,0.565,19,0.621,45,1.501
gny,gny,غ ن ي,gh-n-y,73,0.943,11,4.068,8,0.565,27,0.883,27,0.9
rDw,ruDw,ر ض و,r-ḍ-w,73,0.943,6,2.219,7,0.494,8,0.262,52,1.734
rjl,rjl,ر ج ل,r-j-l,73,0.943,0,0,20,1.412,24,0.785,29,0.967
frq,frq,ف ر ق,f-r-q,72,0.93,3,1.109,7,0.494,20,0.654,42,1.4
ymn,ymn,ي م ن,y-m-n,71,0.917,2,0.74,16,1.13,22,0.72,31,1.034
Elw,uElw,ع ل و,ʿ-l-w,70,0.904,3,1.109,17,1.2,35,1.145,15,0.5
Erf,uErf,ع ر ف,ʿ-r-f,70,0.904,1,0.37,7,0.494,12,0.393,50,1.667
mtE,mtuE,م ت ع,m-t-ʿ,70,0.904,2,0.74,10,0.706,31,1.014,27,0.9
wkl,wkl,و ك ل,w-k-l,70,0.904,1,0.37,6,0.424,37,1.21,26,0.867
skn,skn,س ك ن,s-k-n,69,0.891,4,1.479,12,0.847,23,0.752,30,1
Znn,uZnn,ظ ن ن,ẓ-n-n,69,0.891,5,1.849,11,0.777,32,1.047,21,0.7
hlk,hlk,ه ل ك,h-l-k,68,0.878,2,0.74,24,1.695,31,1.014,11,0.367
wHd,wuHd,و ح د,w-ḥ-d,68,0.878,1,0.37,14,0.988,34,1.112,19,0.634
bEv,buEv,ب ع ث,b-ʿ-th,67,0.865,1,0.37,15,1.059,33,1.079,18,0.6
ksb,ksb,ك س ب,k-s-b,67,0.865,2,0.74,4,0.282,32,1.047,29,0.967
jrm,jrm,ج ر م,j-r-m,66,0.852,4,1.479,15,1.059,41,1.341,6,0.2
wfy,wfy,و ف ي,w-f-y,66,0.852,2,0.74,5,0.353,28,0.916,31,1.034
Eyn,uEyn,ع ي ن,ʿ-y-n,65,0.839,2,0.74,22,1.553,27,0.883,14,0.467
xsr,xsr,خ س ر,kh-s-r,65,0.839,1,0.37,11,0.777,34,1.112,19,0.634
Hml,uHml,ح م ل,ḥ-m-l,64,0.827,1,0.37,15,1.059,25,0.818,23,0.767
jry,jry,ج ر ي,j-r-y,64,0.827,2,0.74,7,0.494,22,0.72,33,1.1
*wq,dhwq,ذ و ق,dh-w-q,63,0.814,0,0,9,0.635,39,1.276,15,0.5
Ewd,uEwd,ع و د,ʿ-w-d,63,0.814,3,1.109,16,1.13,32,1.047,12,0.4
Hmd,uHmd,ح م د,ḥ-m-d,63,0.814,2,0.74,11,0.777,37,1.21,13,0.433
mwh,mwh,م و ه,m-w-h,63,0.814,3,1.109,16,1.13,29,0.949,15,0.5
qDy,quDy,ق ض ي,q-ḍ-y,63,0.814,1,0.37,14,0.988,34,1.112,14,0.467
sHr,suHr,س ح ر,s-ḥ-r,63,0.814,1,0.37,34,2.401,24,0.785,4,0.133
tlw,tlw,ت ل و,t-l-w,63,0.814,2,0.74,10,0.706,24,0.785,27,0.9
mss,mss,م س س,m-s-s,61,0.788,0,0,15,1.059,28,0.916,18,0.6
zyd,zyd,ز ي د,z-y-d,61,0.788,3,1.109,14,0.988,23,0.752,21,0.7
fry,fry,ف ر ي,f-r-y,60,0.775,0,0,10,0.706,43,1.407,7,0.233
ftn,ftn,ف ت ن,f-t-n,60,0.775,3,1.109,13,0.918,18,0.589,26,0.867
gyb,gyb,غ ي ب,gh-y-b,60,0.775,3,1.109,13,0.918,26,0.85,18,0.6
nsw,nsw,ن س و,n-s-w,59,0.762,0,0,5,0.353,4,0.131,50,1.667
rdd,rdd,ر د د,r-d-d,59,0.762,1,0.37,7,0.494,27,0.883,24,0.8
Zhr,uZhr,ظ ه ر,ẓ-h-r,59,0.762,1,0.37,8,0.565,24,0.785,26,0.867
zkw,zkw,ز ك و,z-k-w,59,0.762,7,2.589,9,0.635,9,0.294,34,1.134
Drb,uDrb,ض ر ب,ḍ-r-b,58,0.749,1,0.37,8,0.565,21,0.687,28,0.934
Edd,uEdd,ع د د,ʿ-d-d,57,0.736,2,0.74,7,0.494,12,0.393,36,1.2
qry,qry,ق ر ي,q-r-y,57,0.736,0,0,19,1.342,28,0.916,10,0.333
rwH,rwuH,ر و ح,r-w-ḥ,57,0.736,1,0.37,11,0.777,33,1.079,12,0.4
*hb,dhhb,ذ ه ب,dh-h-b,56,0.723,2,0.74,12,0.847,22,0.72,20,0.667
Ajl,uAjl,ا ج ل,a-j-l,56,0.723,1,0.37,10,0.706,28,0.916,17,0.567
nhy,nhy,ن ه ي,n-h-y,56,0.723,4,1.479,11,0.777,13,0.425,28,0.934
dwr,dwr,د و ر,d-w-r,55,0.71,0,0,10,0.706,18,0.589,27,0.9
fsq,fsq,ف س ق,f-s-q,54,0.697,0,0,6,0.424,14,0.458,34,1.134
ndw,ndw,ن د و,n-d-w,53,0.684,3,1.109,24,1.695,18,0.589,8,0.267
DEf,uDuEf,ض ع ف,ḍ-ʿ-f,52,0.672,0,0,11,0.777,14,0.458,27,0.9
xbr,xbr,خ ب ر,kh-b-r,52,0.672,1,0.37,7,0.494,16,0.523,28,0.934
Hll,uHll,ح ل ل,ḥ-l-l,51,0.659,0,0,7,0.494,6,0.196,38,1.267
tHt,tuHt,ت ح ت,t-ḥ-t,51,0.659,1,0.37,6,0.424,13,0.425,31,1.034
fsd,fsd,ف س د,f-s-d,50,0.646,1,0.37,17,1.2,15,0.491,17,0.567
nfE,nfuE,ن ف ع,n-f-ʿ,50,0.646,3,1.109,9,0.635,20,0.654,18,0.6
Tyb,uTyb,ط ي ب,ṭ-y-b,50,0.646,0,0,6,0.424,15,0.491,29,0.967
Eql,uEql,ع ق ل,ʿ-q-l,49,0.633,0,0,6,0.424,24,0.785,19,0.634
swE,swuE,س و ع,s-w-ʿ,49,0.633,0,0,9,0.635,33,1.079,7,0.233
Avm,uAvm,ا ث م,a-th-m,48,0.62,2,0.74,4,0.282,7,0.229,35,1.167
qdm,qdm,ق د م,q-d-m,48,0.62,4,1.479,9,0.635,16,0.523,19,0.634
TEm,uTuEm,ط ع م,ṭ-ʿ-m,48,0.62,6,2.219,6,0.424,14,0.458,22,0.734
x$y,xshy,خ ش ي,kh-sh-y,48,0.62,2,0.74,8,0.565,12,0.393,26,0.867
Ejl,uEjl,ع ج ل,ʿ-j-l,47,0.607,2,0.74,12,0.847,23,0.752,10,0.333
krm,krm,ك ر م,k-r-m,47,0.607,7,2.589,9,0.635,18,0.589,13,0.433
Ehd,uEhd,ع ه د,ʿ-h-d,46,0.594,0,0,7,0.494,9,0.294,30,1
Sdr,uSdr,ص د ر,ṣ-d-r,46,0.594,3,1.109,8,0.565,20,0.654,15,0.5
zyn,zyn,ز ي ن,z-y-n,46,0.594,0,0,10,0.706,22,0.72,14,0.467
nsy,nsy,ن س ي,n-s-y,45,0.581,1,0.37,16,1.13,16,0.523,12,0.4
SbH,uSbuH,ص ب ح,ṣ-b-ḥ,45,0.581,6,2.219,7,0.494,21,0.687,11,0.367
SrT,uSruT,ص ر ط,ṣ-r-ṭ,45,0.581,2,0.74,9,0.635,22,0.72,12,0.4
w*r,wdhr,و ذ ر,w-dh-r,45,0.581,5,1.849,9,0.635,22,0.72,9,0.3
bdl,bdl,ب د ل,b-d-l,44,0.568,1,0.37,7,0.494,15,0.491,21,0.7
dbr,dbr,د ب ر,d-b-r,44,0.568,2,0.74,7,0.494,19,0.621,16,0.534
HfZ,uHfuZ,ح ف ظ,ḥ-f-ẓ,44,0.568,1,0.37,3,0.212,27,0.883,13,0.433
srr,srr,س ر ر,s-r-r,44,0.568,0,0,8,0.565,22,0.72,14,0.467
ysr,ysr,ي س ر,y-s-r,44,0.568,11,4.068,9,0.635,7,0.229,17,0.567
fSl,fuSl,ف ص ل,f-ṣ-l,43,0.555,3,1.109,7,0.494,27,0.883,6,0.2
fwq,fwq,ف و ق,f-w-q,43,0.555,0,0,6,0.424,21,0.687,16,0.534
H$r,uHshr,ح ش ر,ḥ-sh-r,43,0.555,1,0.37,15,1.059,18,0.589,9,0.3
jwb,jwb,ج و ب,j-w-b,43,0.555,1,0.37,8,0.565,24,0.785,10,0.333
mkr,mkr,م ك ر,m-k-r,43,0.555,0,0,14,0.988,19,0.621,10,0.333
trk,trk,ت ر ك,t-r-k,43,0.555,1,0.37,4,0.282,19,0.621,19,0.634
bHr,buHr,ب ح ر,b-ḥ-r,42,0.542,1,0.37,8,0.565,25,0.818,8,0.267
Hzn,uHzn,ح ز ن,ḥ-z-n,42,0.542,0,0,10,0.706,16,0.523,16,0.534
qwy,qwy,ق و ي,q-w-y,42,0.542,2,0.74,11,0.777,17,0.556,12,0.4
Sdd,uSdd,ص د د,ṣ-d-d,42,0.542,0,0,6,0.424,13,0.425,23,0.767
sxr,sxr,س خ ر,s-kh-r,42,0.542,0,0,5,0.353,28,0.916,9,0.3
jbl,jbl,ج ب ل,j-b-l,41,0.53,5,1.849,13,0.918,17,0.556,6,0.2
jhd,jhd,ج ه د,j-h-d,41,0.53,0,0,3,0.212,8,0.262,30,1
krh,krh,ك ر ه,k-r-h,41,0.53,0,0,2,0.141,12,0.393,27,0.9
lEn,luEn,ل ع ن,l-ʿ-n,41,0.53,0,0,4,0.282,7,0.229,30,1
Twf,uTwf,ط و ف,ṭ-w-f,41,0.53,3,1.109,6,0.424,5,0.164,27,0.9
$Er,shuEr,ش ع ر,sh-ʿ-r,40,0.517,1,0.37,10,0.706,19,0.621,10,0.333
flH,fluH,ف ل ح,f-l-ḥ,40,0.517,2,0.74,8,0.565,13,0.425,17,0.567
mlA,mluA,م ل ا,m-l-a,40,0.517,0,0,22,1.553,16,0.523,2,0.067
*nb,dhnb,ذ ن ب,dh-n-b,39,0.504,2,0.74,4,0.282,16,0.523,17,0.567
$rb,shrb,ش ر ب,sh-r-b,39,0.504,1,0.37,14,0.988,13,0.425,11,0.367
slT,sluT,س ل ط,s-l-ṭ,39,0.504,1,0.37,4,0.282,26,0.85,8,0.267
Tgy,uTgy,ط غ ي,ṭ-gh-y,39,0.504,6,2.219,7,0.494,16,0.523,10,0.333
*rr,dhrr,ذ ر ر,dh-r-r,38,0.491,0,0,6,0.424,19,0.621,13,0.433
blw,blw,ب ل و,b-l-w,38,0.491,4,1.479,6,0.424,11,0.36,17,0.567
ftH,ftuH,ف ت ح,f-t-ḥ,38,0.491,0,0,10,0.706,14,0.458,14,0.467
hwy,hwy,ه و ي,h-w-y,38,0.491,5,1.849,8,0.565,13,0.425,12,0.4
mrA,mruA,م ر ا,m-r-a,38,0.491,4,1.479,8,0.565,12,0.393,14,0.467
qrr,qrr,ق ر ر,q-r-r,38,0.491,2,0.74,17,1.2,10,0.327,9,0.3
Alw,uAlw,ا ل و,a-l-w,37,0.478,1,0.37,2,0.141,0,0,34,1.134
nkr,nkr,ن ك ر,n-k-r,37,0.478,0,0,4,0.282,19,0.621,14,0.467
sbq,sbq,س ب ق,s-b-q,37,0.478,0,0,9,0.635,21,0.687,7,0.233
Any,uAny,ا ن ي,a-n-y,36,0.465,1,0.37,5,0.353,14,0.458,16,0.534
Awy,uAwy,ا و ي,a-w-y,36,0.465,2,0.74,0,0,17,0.556,17,0.567
bTl,buTl,ب ط ل,b-ṭ-l,36,0.465,0,0,4,0.282,18,0.589,14,0.467
Hdv,uHdv,ح د ث,ḥ-d-th,36,0.465,5,1.849,5,0.353,17,0.556,9,0.3
qrn,qrn,ق ر ن,q-r-n,36,0.465,0,0,15,1.059,19,0.621,2,0.067
qTE,quTuE,ق ط ع,q-ṭ-ʿ,36,0.465,0,0,8,0.565,12,0.393,16,0.534
ryb,ryb,ر ي ب,r-y-b,36,0.465,1,0.37,1,0.071,18,0.589,16,0.534
Efw,uEfw,ع ف و,ʿ-f-w,35,0.452,0,0,2,0.141,4,0.131,29,0.967
gfl,gfl,غ ف ل,gh-f-l,35,0.452,0,0,10,0.706,17,0.556,8,0.267
Hyn,uHyn,ح ي ن,ḥ-y-n,35,0.452,0,0,8,0.565,21,0.687,6,0.2
kyd,kyd,ك ي د,k-y-d,35,0.452,4,1.479,9,0.635,18,0.589,4,0.133
mrr,mrr,م ر ر,m-r-r,35,0.452,1,0.37,11,0.777,12,0.393,11,0.367
wrv,wrv,و ر ث,w-r-th,35,0.452,1,0.37,16,1.13,10,0.327,8,0.267
hzA,hzuA,ه ز ا,h-z-a,34,0.439,0,0,3,0.212,21,0.687,10,0.333
jnH,jnuH,ج ن ح,j-n-ḥ,34,0.439,0,0,4,0.282,3,0.098,27,0.9
wvq,wvq,و ث ق,w-th-q,34,0.439,2,0.74,1,0.071,4,0.131,27,0.9
xfy,xfy,خ ف ي,kh-f-y,34,0.439,1,0.37,5,0.353,13,0.425,15,0.5
$ms,shms,ش م س,sh-m-s,33,0.426,3,1.109,8,0.565,17,0.556,5,0.167
Emy,uEmy,ع م ي,ʿ-m-y,33,0.426,1,0.37,8,0.565,13,0.425,11,0.367
Er$,uErsh,ع ر ش,ʿ-r-sh,33,0.426,2,0.74,9,0.635,17,0.556,5,0.167
Hjj,uHjj,ح ج ج,ḥ-j-j,33,0.426,0,0,1,0.071,9,0.294,23,0.767
jnb,jnb,ج ن ب,j-n-b,33,0.426,3,1.109,6,0.424,11,0.36,13,0.433
kfy,kfy,ك ف ي,k-f-y,33,0.426,0,0,2,0.141,12,0.393,19,0.634
qsm,qsm,ق س م,q-s-m,33,0.426,6,2.219,8,0.565,12,0.393,7,0.233
Zll,uZll,ظ ل ل,ẓ-l-l,33,0.426,3,1.109,13,0.918,10,0.327,7,0.233
brk,brk,ب ر ك,b-r-k,32,0.413,0,0,11,0.777,17,0.556,4,0.133
brr,brr,ب ر ر,b-r-r,32,0.413,1,0.37,3,0.212,14,0.458,14,0.467
ESy,uEuSy,ع ص ي,ʿ-ṣ-y,32,0.413,1,0.37,6,0.424,11,0.36,14,0.467
mdd,mdd,م د د,m-d-d,32,0.413,2,0.74,12,0.847,11,0.36,7,0.233
nSb,nuSb,ن ص ب,n-ṣ-b,32,0.413,1,0.37,4,0.282,10,0.327,17,0.567
vlv,vlv,ث ل ث,th-l-th,32,0.413,4,1.479,5,0.353,5,0.164,18,0.6
wry,wry,و ر ي,w-r-y,32,0.413,2,0.74,5,0.353,13,0.425,12,0.4
wsE,wsuE,و س ع,w-s-ʿ,32,0.413,1,0.37,4,0.282,8,0.262,19,0.634
wSy,wuSy,و ص ي,w-ṣ-y,32,0.413,2,0.74,4,0.282,10,0.327,16,0.534
$fE,shfuE,ش ف ع,sh-f-ʿ,31,0.4,4,1.479,6,0.424,13,0.425,8,0.267
$rr,shrr,ش ر ر,sh-r-r,31,0.4,6,2.219,5,0.353,8,0.262,12,0.4
bdw,bdw,ب د و,b-d-w,31,0.4,0,0,4,0.282,9,0.294,18,0.6
brA,bruA,ب ر ا,b-r-a,31,0.4,0,0,3,0.212,8,0.262,20,0.667
glb,glb,غ ل ب,gh-l-b,31,0.4,1,0.37,7,0.494,10,0.327,13,0.433
hjr,hjr,ه ج ر,h-j-r,31,0.4,3,1.109,2,0.141,4,0.131,22,0.734
Hyv,uHyv,ح ي ث,ḥ-y-th,31,0.4,1,0.37,6,0.424,8,0.262,16,0.534
lbv,lbv,ل ب ث,l-b-th,31,0.4,0,0,4,0.282,23,0.752,4,0.133
qEd,quEd,ق ع د,q-ʿ-d,31,0.4,1,0.37,6,0.424,5,0.164,19,0.634
Thr,uThr,ط ه ر,ṭ-h-r,31,0.4,2,0.74,4,0.282,1,0.033,24,0.8
xlS,xluS,خ ل ص,kh-l-ṣ,31,0.4,0,0,6,0.424,20,0.654,5,0.167
Afk,uAfk,ا ف ك,a-f-k,30,0.387,1,0.37,5,0.353,18,0.589,6,0.2
Anv,uAnv,ا ن ث,a-n-th,30,0.387,5,1.849,1,0.071,13,0.425,11,0.367
Esy,uEsy,ع س ي,ʿ-s-y,30,0.387,1,0.37,7,0.494,7,0.229,15,0.5
qSS,quSuS,ق ص ص,q-ṣ-ṣ,30,0.387,0,0,10,0.706,13,0.425,7,0.233
sEy,suEy,س ع ي,s-ʿ-y,30,0.387,4,1.479,5,0.353,11,0.36,10,0.333
Srf,uSrf,ص ر ف,ṣ-r-f,30,0.387,0,0,7,0.494,18,0.589,5,0.167
dry,dry,د ر ي,d-r-y,29,0.375,7,2.589,4,0.282,15,0.491,3,0.1
fwz,fwz,ف و ز,f-w-z,29,0.375,1,0.37,0,0,9,0.294,19,0.634
g$w,gshw,غ ش و,gh-sh-w,29,0.375,6,2.219,6,0.424,10,0.327,7,0.233
jdl,jdl,ج د ل,j-d-l,29,0.375,0,0,1,0.071,18,0.589,10,0.333
jnd,jnd,ج ن د,j-n-d,29,0.375,2,0.74,13,0.918,5,0.164,9,0.3
rfE,rfuE,ر ف ع,r-f-ʿ,29,0.375,2,0.74,5,0.353,10,0.327,12,0.4
Syr,uSyr,ص ي ر,ṣ-y-r,29,0.375,0,0,3,0.212,6,0.196,20,0.667
Tyr,uTyr,ط ي ر,ṭ-y-r,29,0.375,1,0.37,11,0.777,9,0.294,8,0.267
vny,vny,ث ن ي,th-n-y,29,0.375,1,0.37,4,0.282,13,0.425,11,0.367
wdd,wdd,و د د,w-d-d,29,0.375,2,0.74,1,0.071,7,0.229,19,0.634
$qq,shqq,ش ق ق,sh-q-q,28,0.362,2,0.74,6,0.424,6,0.196,14,0.467
Abd,uAbd,ا ب د,a-b-d,28,0.362,0,0,1,0.071,4,0.131,23,0.767
Edl,uEdl,ع د ل,ʿ-d-l,28,0.362,0,0,3,0.212,10,0.327,15,0.5
HwT,uHwuT,ح و ط,ḥ-w-ṭ,28,0.362,1,0.37,5,0.353,12,0.393,10,0.333
n$A,nshuA,ن ش ا,n-sh-a,28,0.362,3,1.109,8,0.565,15,0.491,2,0.067
rjw,rjw,ر ج و,r-j-w,28,0.362,0,0,6,0.424,14,0.458,8,0.267
sbE,sbuE,س ب ع,s-b-ʿ,28,0.362,0,0,1,0.071,21,0.687,6,0.2
vql,vql,ث ق ل,th-q-l,28,0.362,3,1.109,5,0.353,11,0.36,9,0.3
vwb,vwb,ث و ب,th-w-b,28,0.362,1,0.37,2,0.141,7,0.229,18,0.6
xlw,xlw,خ ل و,kh-l-w,28,0.362,0,0,2,0.141,10,0.327,16,0.534
yqn,yqn,ي ق ن,y-q-n,28,0.362,4,1.479,6,0.424,13,0.425,5,0.167
$jr,shjr,ش ج ر,sh-j-r,27,0.349,0,0,10,0.706,11,0.36,6,0.2
bwb,bwb,ب و ب,b-w-b,27,0.349,0,0,4,0.282,17,0.556,6,0.2
E$r,uEshr,ع ش ر,ʿ-sh-r,27,0.349,3,1.109,6,0.424,6,0.196,12,0.4
Ejb,uEjb,ع ج ب,ʿ-j-b,27,0.349,1,0.37,7,0.494,6,0.196,13,0.433
grr,grr,غ ر ر,gh-r-r,27,0.349,0,0,6,0.424,11,0.36,10,0.333
mnn,mnn,م ن ن,m-n-n,27,0.349,3,1.109,7,0.494,8,0.262,9,0.3
msk,msk,م س ك,m-s-k,27,0.349,0,0,6,0.424,11,0.36,10,0.333
qmr,qmr,ق م ر,q-m-r,27,0.349,4,1.479,6,0.424,14,0.458,3,0.1
syr,syr,س ي ر,s-y-r,27,0.349,1,0.37,4,0.282,17,0.556,5,0.167
wzr,wzr,و ز ر,w-z-r,27,0.349,5,1.849,7,0.494,14,0.458,1,0.033
Ejz,uEjz,ع ج ز,ʿ-j-z,26,0.336,0,0,5,0.353,15,0.491,6,0.2
hwn,hwn,ه و ن,h-w-n,26,0.336,1,0.37,4,0.282,9,0.294,12,0.4
jHm,juHm,ج ح م,j-ḥ-m,26,0.336,3,1.109,2,0.141,15,0.491,6,0.2
nbt,nbt,ن ب ت,n-b-t,26,0.336,1,0.37,8,0.565,11,0.36,6,0.2
wDE,wuDuE,و ض ع,w-ḍ-ʿ,26,0.336,1,0.37,2,0.141,6,0.196,17,0.567
xzy,xzy,خ ز ي,kh-z-y,26,0.336,0,0,2,0.141,12,0.393,12,0.4
$ry,shry,ش ر ي,sh-r-y,25,0.323,0,0,0,0,4,0.131,21,0.7
bsT,bsuT,ب س ط,b-s-ṭ,25,0.323,0,0,2,0.141,14,0.458,9,0.3
bTn,buTn,ب ط ن,b-ṭ-n,25,0.323,1,0.37,2,0.141,12,0.393,10,0.333
flk,flk,ف ل ك,f-l-k,25,0.323,0,0,5,0.353,18,0.589,2,0.067
Hdd,uHdd,ح د د,ḥ-d-d,25,0.323,0,0,1,0.071,3,0.098,21,0.7
HDr,uHuDr,ح ض ر,ḥ-ḍ-r,25,0.323,1,0.37,7,0.494,8,0.262,9,0.3
Hwl,uHwl,ح و ل,ḥ-w-l,25,0.323,0,0,5,0.353,12,0.393,8,0.267
lsn,lsn,ل س ن,l-s-n,25,0.323,1,0.37,8,0.565,8,0.262,8,0.267
qsT,qsuT,ق س ط,q-s-ṭ,25,0.323,0,0,3,0.212,6,0.196,16,0.534
Sly,uSly,ص ل ي,ṣ-l-y,25,0.323,4,1.479,7,0.494,9,0.294,5,0.167
sqy,sqy,س ق ي,s-q-y,25,0.323,2,0.74,8,0.565,8,0.262,7,0.233
wEZ,wuEuZ,و ع ظ,w-ʿ-ẓ,25,0.323,0,0,4,0.282,7,0.229,14,0.467
whb,whb,و ه ب,w-h-b,25,0.323,0,0,13,0.918,8,0.262,4,0.133
*ll,dhll,ذ ل ل,dh-l-l,24,0.31,1,0.37,5,0.353,8,0.262,10,0.333
A*y,uAdhy,ا ذ ي,a-dh-y,24,0.31,0,0,1,0.071,3,0.098,20,0.667
Emr,uEmr,ع م ر,ʿ-m-r,24,0.31,0,0,7,0.494,8,0.262,9,0.3
fH$,fuHsh,ف ح ش,f-ḥ-sh,24,0.31,1,0.37,5,0.353,7,0.229,11,0.367
fjr,fjr,ف ج ر,f-j-r,24,0.31,5,1.849,3,0.212,10,0.327,6,0.2
gDb,guDb,غ ض ب,gh-ḍ-b,24,0.31,1,0.37,8,0.565,4,0.131,11,0.367
jhl,jhl,ج ه ل,j-h-l,24,0.31,0,0,5,0.353,10,0.327,9,0.3
kwd,kwd,ك و د,k-w-d,24,0.31,1,0.37,6,0.424,9,0.294,8,0.267
mrD,mruD,م ر ض,m-r-ḍ,24,0.31,2,0.74,1,0.071,0,0,21,0.7
rqb,rqb,ر ق ب,r-q-b,24,0.31,0,0,6,0.424,5,0.164,13,0.433
vmr,vmr,ث م ر,th-m-r,24,0.31,0,0,5,0.353,12,0.393,7,0.233
wqE,wquE,و ق ع,w-q-ʿ,24,0.31,1,0.37,11,0.777,9,0.294,3,0.1
grq,grq,غ ر ق,gh-r-q,23,0.297,0,0,6,0.424,15,0.491,2,0.067
lbs,lbs,ل ب س,l-b-s,23,0.297,0,0,7,0.494,11,0.36,5,0.167
m$y,mshy,م ش ي,m-sh-y,23,0.297,1,0.37,8,0.565,9,0.294,5,0.167
nkH,nkuH,ن ك ح,n-k-ḥ,23,0.297,0,0,1,0.071,0,0,22,0.734
srE,sruE,س ر ع,s-r-ʿ,23,0.297,0,0,2,0.141,9,0.294,12,0.4
srf,srf,س ر ف,s-r-f,23,0.297,0,0,7,0.494,13,0.425,3,0.1
Tlq,uTlq,ط ل ق,ṭ-l-q,23,0.297,3,1.109,2,0.141,3,0.098,15,0.5
wzn,wzn,و ز ن,w-z-n,23,0.297,2,0.74,5,0.353,11,0.36,5,0.167
ytm,ytm,ي ت م,y-t-m,23,0.297,4,1.479,1,0.071,3,0.098,15,0.5
Alf,uAlf,ا ل ف,a-l-f,22,0.284,3,1.109,0,0,4,0.131,15,0.5
Erb,uErb,ع ر ب,ʿ-r-b,22,0.284,0,0,3,0.212,8,0.262,11,0.367
frH,fruH,ف ر ح,f-r-ḥ,22,0.284,0,0,3,0.212,11,0.36,8,0.267
gwy,gwy,غ و ي,gh-w-y,22,0.284,1,0.37,14,0.988,6,0.196,1,0.033
rbE,rbuE,ر ب ع,r-b-ʿ,22,0.284,0,0,2,0.141,3,0.098,17,0.567
tmm,tmm,ت م م,t-m-m,22,0.284,0,0,4,0.282,6,0.196,12,0.4
trb,trb,ت ر ب,t-r-b,22,0.284,0,0,8,0.565,10,0.327,4,0.133
xTA,xuTuA,خ ط ا,kh-ṭ-a,22,0.284,1,0.37,5,0.353,9,0.294,7,0.233
$hr,shhr,ش ه ر,sh-h-r,21,0.271,1,0.37,0,0,3,0.098,17,0.567
Avr,uAvr,ا ث ر,a-th-r,21,0.271,2,0.74,4,0.282,11,0.36,4,0.133
bqy,bqy,ب ق ي,b-q-y,21,0.271,3,1.109,7,0.494,8,0.262,3,0.1
fty,fty,ف ت ي,f-t-y,21,0.271,0,0,1,0.071,14,0.458,6,0.2
H*r,uHdhr,ح ذ ر,ḥ-dh-r,21,0.271,0,0,2,0.141,2,0.065,17,0.567
Hjr,uHjr,ح ج ر,ḥ-j-r,21,0.271,2,0.74,5,0.353,6,0.196,8,0.267
Hlm,uHlm,ح ل م,ḥ-l-m,21,0.271,0,0,1,0.071,8,0.262,12,0.4
Hmm,uHmm,ح م م,ḥ-m-m,21,0.271,0,0,6,0.424,12,0.393,3,0.1
hwd,hwd,ه و د,h-w-d,21,0.271,0,0,3,0.212,7,0.229,11,0.367
ktm,ktm,ك ت م,k-t-m,21,0.271,0,0,0,0,2,0.065,19,0.634
mny,mny,م ن ي,m-n-y,21,0.271,4,1.479,2,0.141,0,0,15,0.5
n$r,nshr,ن ش ر,n-sh-r,21,0.271,5,1.849,5,0.353,9,0.294,2,0.067
snn,snn,س ن ن,s-n-n,21,0.271,0,0,3,0.212,8,0.262,10,0.333
drj,drj,د ر ج,d-r-j,20,0.258,1,0.37,2,0.141,8,0.262,9,0.3
fqh,fqh,ف ق ه,f-q-h,20,0.258,0,0,2,0.141,8,0.262,10,0.333
fTr,fuTr,ف ط ر,f-ṭ-r,20,0.258,1,0.37,4,0.282,15,0.491,0,0
Hzb,uHzb,ح ز ب,ḥ-z-b,20,0.258,0,0,4,0.282,7,0.229,9,0.3
k$f,kshf,ك ش ف,k-sh-f,20,0.258,2,0.74,5,0.353,13,0.425,0,0
lEb,luEb,ل ع ب,l-ʿ-b,20,0.258,0,0,2,0.141,13,0.425,5,0.167
mry,mry,م ر ي,m-r-y,20,0.258,2,0.74,2,0.141,13,0.425,3,0.1
nfx,nfx,ن ف خ,n-f-kh,20,0.258,0,0,5,0.353,12,0.393,3,0.1
nxl,nxl,ن خ ل,n-kh-l,20,0.258,1,0.37,7,0.494,8,0.262,4,0.133
nzE,nzuE,ن ز ع,n-z-ʿ,20,0.258,0,0,8,0.565,6,0.196,6,0.2
rbw,rbw,ر ب و,r-b-w,20,0.258,0,0,1,0.071,8,0.262,11,0.367
SnE,uSnuE,ص ن ع,ṣ-n-ʿ,20,0.258,0,0,8,0.565,8,0.262,4,0.133
snw,snw,س ن و,s-n-w,20,0.258,0,0,4,0.282,12,0.393,4,0.133
bld,bld,ب ل د,b-l-d,19,0.245,3,1.109,9,0.635,5,0.164,2,0.067
fkh,fkh,ف ك ه,f-k-h,19,0.245,2,0.74,6,0.424,8,0.262,3,0.1
grb,grb,غ ر ب,gh-r-b,19,0.245,1,0.37,6,0.424,4,0.131,8,0.267
r$d,rshd,ر ش د,r-sh-d,19,0.245,0,0,5,0.353,10,0.327,4,0.133
sEr,suEr,س ع ر,s-ʿ-r,19,0.245,1,0.37,4,0.282,8,0.262,6,0.2
Swr,uSwr,ص و ر,ṣ-w-r,19,0.245,0,0,5,0.353,9,0.294,5,0.167
TlE,uTluE,ط ل ع,ṭ-l-ʿ,19,0.245,2,0.74,6,0.424,9,0.294,2,0.067
vmn,vmn,ث م ن,th-m-n,19,0.245,0,0,1,0.071,7,0.229,11,0.367
dbb,dbb,د ب ب,d-b-b,18,0.232,0,0,3,0.212,10,0.327,5,0.167
fkr,fkr,ف ك ر,f-k-r,18,0.232,1,0.37,2,0.141,10,0.327,5,0.167
frD,fruD,ف ر ض,f-r-ḍ,18,0.232,0,0,1,0.071,0,0,17,0.567
HSn,uHuSn,ح ص ن,ḥ-ṣ-n,18,0.232,0,0,0,0,3,0.098,15,0.5
ldn,ldn,ل د ن,l-d-n,18,0.232,0,0,5,0.353,7,0.229,6,0.2
mkn,mkn,م ك ن,m-k-n,18,0.232,2,0.74,3,0.212,10,0.327,3,0.1
mll,mll,م ل ل,m-l-l,18,0.232,0,0,3,0.212,6,0.196,9,0.3
nfr,nfr,ن ف ر,n-f-r,18,0.232,1,0.37,3,0.212,6,0.196,8,0.267
nwb,nwb,ن و ب,n-w-b,18,0.232,0,0,4,0.282,12,0.393,2,0.067
rAs,ruAs,ر ا س,r-a-s,18,0.232,0,0,3,0.212,8,0.262,7,0.233
vbt,vbt,ث ب ت,th-b-t,18,0.232,0,0,1,0.071,7,0.229,10,0.333
xSm,xuSm,خ ص م,kh-ṣ-m,18,0.232,0,0,9,0.635,4,0.131,5,0.167
$rq,shrq,ش ر ق,sh-r-q,17,0.22,1,0.37,5,0.353,5,0.164,6,0.2
Awb,uAwb,ا و ب,a-w-b,17,0.22,0,0,9,0.635,5,0.164,3,0.1
bwA,bwuA,ب و ا,b-w-a,17,0.22,0,0,1,0.071,7,0.229,9,0.3
Ew*,uEwdh,ع و ذ,ʿ-w-dh,17,0.22,2,0.74,3,0.212,10,0.327,2,0.067
mdn,mdn,م د ن,m-d-n,17,0.22,0,0,9,0.635,4,0.131,4,0.133
mnE,mnuE,م ن ع,m-n-ʿ,17,0.22,2,0.74,5,0.353,6,0.196,4,0.133
nqm,nqm,ن ق م,n-q-m,17,0.22,1,0.37,2,0.141,9,0.294,5,0.167
rbS,rbuS,ر ب ص,r-b-ṣ,17,0.22,0,0,2,0.141,4,0.131,11,0.367
Sfw,uSfw,ص ف و,ṣ-f-w,17,0.22,0,0,4,0.282,4,0.131,9,0.3
swq,swq,س و ق,s-w-q,17,0.22,4,1.479,8,0.565,3,0.098,2,0.067
swr,swr,س و ر,s-w-r,17,0.22,0,0,2,0.141,4,0.131,11,0.367
x$E,xshuE,خ ش ع,kh-sh-ʿ,17,0.22,1,0.37,2,0.141,8,0.262,6,0.2
xff,xff,خ ف ف,kh-f-f,17,0.22,1,0.37,3,0.212,6,0.196,7,0.233
zEm,zuEm,ز ع م,z-ʿ-m,17,0.22,1,0.37,2,0.141,11,0.36,3,0.1
Eln,uEln,ع ل ن,ʿ-l-n,16,0.207,0,0,5,0.353,6,0.196,5,0.167
Etd,uEtd,ع ت د,ʿ-t-d,16,0.207,0,0,4,0.282,5,0.164,7,0.233
fAd,fuAd,ف ا د,f-a-d,16,0.207,2,0.74,2,0.141,12,0.393,0,0
gdw,gdw,غ د و,gh-d-w,16,0.207,2,0.74,2,0.141,8,0.262,4,0.133
gll,gll,غ ل ل,gh-l-l,16,0.207,0,0,3,0.212,5,0.164,8,0.267
HbT,uHbuT,ح ب ط,ḥ-b-ṭ,16,0.207,0,0,1,0.071,4,0.131,11,0.367
jhr,jhr,ج ه ر,j-h-r,16,0.207,1,0.37,2,0.141,7,0.229,6,0.2
kyl,kyl,ك ي ل,k-y-l,16,0.207,0,0,2,0.141,14,0.458,0,0
lbb,lbb,ل ب ب,l-b-b,16,0.207,0,0,2,0.141,6,0.196,8,0.267
lhw,lhw,ل ه و,l-h-w,16,0.207,2,0.74,1,0.071,7,0.229,6,0.2
mhd,mhd,م ه د,m-h-d,16,0.207,2,0.74,4,0.282,4,0.131,6,0.2
sTr,suTr,س ط ر,s-ṭ-r,16,0.207,2,0.74,3,0.212,9,0.294,2,0.067
xbv,xbv,خ ب ث,kh-b-th,16,0.207,0,0,2,0.141,3,0.098,11,0.367
xwn,xwn,خ و ن,kh-w-n,16,0.207,0,0,0,0,3,0.098,13,0.433
$kk,shkk,ش ك ك,sh-k-k,15,0.194,0,0,2,0.141,12,0.393,1,0.033
bdA,bduA,ب د ا,b-d-a,15,0.194,1,0.37,2,0.141,11,0.36,1,0.033
byE,byuE,ب ي ع,b-y-ʿ,15,0.194,0,0,0,0,1,0.033,14,0.467
Hrj,uHrj,ح ر ج,ḥ-r-j,15,0.194,0,0,1,0.071,1,0.033,13,0.433
Hrr,uHrr,ح ر ر,ḥ-r-r,15,0.194,0,0,2,0.141,1,0.033,12,0.4
kff,kff,ك ف ف,k-f-f,15,0.194,0,0,0,0,3,0.098,12,0.4
mTr,muTr,م ط ر,m-ṭ-r,15,0.194,0,0,10,0.706,3,0.098,2,0.067
rkb,rkb,ر ك ب,r-k-b,15,0.194,0,0,2,0.141,10,0.327,3,0.1
Smm,uSmm,ص م م,ṣ-m-m,15,0.194,0,0,2,0.141,7,0.229,6,0.2
swm,swm,س و م,s-w-m,15,0.194,0,0,4,0.282,4,0.131,7,0.233
E$w,uEshw,ع ش و,ʿ-sh-w,14,0.181,0,0,4,0.282,8,0.262,2,0.067
ETw,uEuTw,ع ط و,ʿ-ṭ-w,14,0.181,4,1.479,3,0.212,4,0.131,3,0.1
fqr,fqr,ف ق ر,f-q-r,14,0.181,1,0.37,2,0.141,0,0,11,0.367
Hrv,uHrv,ح ر ث,ḥ-r-th,14,0.181,1,0.37,1,0.071,6,0.196,6,0.2
lwm,lwm,ل و م,l-w-m,14,0.181,2,0.74,0,0,10,0.327,2,0.067
rjm,rjm,ر ج م,r-j-m,14,0.181,1,0.37,4,0.282,8,0.262,1,0.033
rsw,rsw,ر س و,r-s-w,14,0.181,1,0.37,3,0.212,9,0.294,1,0.033
Sff,uSff,ص ف ف,ṣ-f-f,14,0.181,2,0.74,1,0.071,8,0.262,3,0.1
Swm,uSwm,ص و م,ṣ-w-m,14,0.181,0,0,1,0.071,0,0,13,0.433
vwy,vwy,ث و ي,th-w-y,14,0.181,0,0,1,0.071,10,0.327,3,0.1
wlj,wlj,و ل ج,w-l-j,14,0.181,0,0,3,0.212,3,0.098,8,0.267
wSf,wuSf,و ص ف,w-ṣ-f,14,0.181,0,0,0,0,14,0.458,0,0
zrE,zruE,ز ر ع,z-r-ʿ,14,0.181,0,0,3,0.212,8,0.262,3,0.1
$hw,shhw,ش ه و,sh-h-w,13,0.168,1,0.37,4,0.282,6,0.196,2,0.067
Aby,uAby,ا ب ي,a-b-y,13,0.168,0,0,3,0.212,4,0.131,6,0.2
bgt,bgt,ب غ ت,b-gh-t,13,0.168,0,0,3,0.212,8,0.262,2,0.067
Dyq,uDyq,ض ي ق,ḍ-y-q,13,0.168,0,0,3,0.212,6,0.196,4,0.133
ESm,uEuSm,ع ص م,ʿ-ṣ-m,13,0.168,0,0,0,0,5,0.164,8,0.267
fdy,fdy,ف د ي,f-d-y,13,0.168,0,0,0,0,4,0.131,9,0.3
fwh,fwh,ف و ه,f-w-h,13,0.168,0,0,1,0.071,2,0.065,10,0.333
glm,glm,غ ل م,gh-l-m,13,0.168,0,0,4,0.282,8,0.262,1,0.033
glZ,gluZ,غ ل ظ,gh-l-ẓ,13,0.168,0,0,0,0,4,0.131,9,0.3
Hlf,uHlf,ح ل ف,ḥ-l-f,13,0.168,1,0.37,0,0,0,0,12,0.4
Hwr,uHwr,ح و ر,ḥ-w-r,13,0.168,0,0,1,0.071,5,0.164,7,0.233
jld,jld,ج ل د,j-l-d,13,0.168,0,0,0,0,6,0.196,7,0.233
jwr,jwr,ج و ر,j-w-r,13,0.168,0,0,1,0.071,5,0.164,7,0.233
njm,njm,ن ج م,n-j-m,13,0.168,3,1.109,3,0.212,5,0.164,2,0.067
nSH,nuSuH,ن ص ح,n-ṣ-ḥ,13,0.168,0,0,8,0.565,3,0.098,2,0.067
qnt,qnt,ق ن ت,q-n-t,13,0.168,0,0,0,0,3,0.098,10,0.333
qrD,qruD,ق ر ض,q-r-ḍ,13,0.168,2,0.74,0,0,1,0.033,10,0.333
rAf,ruAf,ر ا ف,r-a-f,13,0.168,0,0,0,0,2,0.065,11,0.367
rkE,rkuE,ر ك ع,r-k-ʿ,13,0.168,2,0.74,1,0.071,0,0,10,0.333
Sgr,uSgr,ص غ ر,ṣ-gh-r,13,0.168,0,0,4,0.282,6,0.196,3,0.1
SyH,uSyuH,ص ي ح,ṣ-y-ḥ,13,0.168,0,0,6,0.424,6,0.196,1,0.033
Tmn,uTmn,ط م ن,ṭ-m-n,13,0.168,1,0.37,0,0,4,0.131,8,0.267
wqt,wqt,و ق ت,w-q-t,13,0.168,1,0.37,7,0.494,3,0.098,2,0.067
xll,xll,خ ل ل,kh-l-l,13,0.168,0,0,2,0.141,7,0.229,4,0.133
xzn,xzn,خ ز ن,kh-z-n,13,0.168,0,0,1,0.071,11,0.36,1,0.033
yAs,yuAs,ي ا س,y-a-s,13,0.168,0,0,0,0,8,0.262,5,0.167
$bh,shbh,ش ب ه,sh-b-h,12,0.155,0,0,0,0,5,0.164,7,0.233
$ml,shml,ش م ل,sh-m-l,12,0.155,0,0,4,0.282,8,0.262,0,0
$qw,shqw,ش ق و,sh-q-w,12,0.155,3,1.109,6,0.424,3,0.098,0,0
$yE,shyuE,ش ي ع,sh-y-ʿ,12,0.155,0,0,5,0.353,6,0.196,1,0.033
bkr,bkr,ب ك ر,b-k-r,12,0.155,0,0,5,0.353,1,0.033,6,0.2
bxl,bxl,ب خ ل,b-kh-l,12,0.155,1,0.37,0,0,0,0,11,0.367
byD,byuD,ب ي ض,b-y-ḍ,12,0.155,0,0,6,0.424,3,0.098,3,0.1
drk,drk,د ر ك,d-r-k,12,0.155,1,0.37,5,0.353,3,0.098,3,0.1
E*r,uEdhr,ع ذ ر,ʿ-dh-r,12,0.155,3,1.109,1,0.071,3,0.098,5,0.167
Esr,uEsr,ع س ر,ʿ-s-r,12,0.155,4,1.479,2,0.141,1,0.033,5,0.167
ESw,uEuSw,ع ص و,ʿ-ṣ-w,12,0.155,0,0,11,0.777,0,0,1,0.033
Hnf,uHnf,ح ن ف,ḥ-n-f,12,0.155,0,0,0,0,6,0.196,6,0.2
Hsr,uHsr,ح س ر,ḥ-s-r,12,0.155,0,0,3,0.212,6,0.196,3,0.1
jby,jby,ج ب ي,j-b-y,12,0.155,1,0.37,4,0.282,5,0.164,2,0.067
jHd,juHd,ج ح د,j-ḥ-d,12,0.155,0,0,2,0.141,10,0.327,0,0
knn,knn,ك ن ن,k-n-n,12,0.155,0,0,4,0.282,7,0.229,1,0.033
lHm,luHm,ل ح م,l-ḥ-m,12,0.155,0,0,2,0.141,5,0.164,5,0.167
nb*,nbdh,ن ب ذ,n-b-dh,12,0.155,2,0.74,4,0.282,2,0.065,4,0.133
nTf,nuTf,ن ط ف,n-ṭ-f,12,0.155,3,1.109,2,0.141,5,0.164,2,0.067
nTq,nuTq,ن ط ق,n-ṭ-q,12,0.155,2,0.74,2,0.141,8,0.262,0,0
nyl,nyl,ن ي ل,n-y-l,12,0.155,0,0,3,0.212,0,0,9,0.3
rhb,rhb,ر ه ب,r-h-b,12,0.155,0,0,3,0.212,2,0.065,7,0.233
sfr,sfr,س ف ر,s-f-r,12,0.155,3,1.109,0,0,2,0.065,7,0.233
sjn,sjn,س ج ن,s-j-n,12,0.155,0,0,1,0.071,11,0.36,0,0
slk,slk,س ل ك,s-l-k,12,0.155,1,0.37,5,0.353,6,0.196,0,0
TmE,uTmuE,ط م ع,ṭ-m-ʿ,12,0.155,1,0.37,4,0.282,3,0.098,4,0.133
Tyn,uTyn,ط ي ن,ṭ-y-n,12,0.155,0,0,4,0.282,6,0.196,2,0.067
wdy,wdy,و د ي,w-d-y,12,0.155,1,0.37,4,0.282,3,0.098,4,0.133
wSl,wuSl,و ص ل,w-ṣ-l,12,0.155,0,0,2,0.141,4,0.131,6,0.2
xrr,xrr,خ ر ر,kh-r-r,12,0.155,0,0,5,0.353,6,0.196,1,0.033
xTb,xuTb,خ ط ب,kh-ṭ-b,12,0.155,0,0,5,0.353,6,0.196,1,0.033
xwD,xwuD,خ و ض,kh-w-ḍ,12,0.155,2,0.74,0,0,6,0.196,4,0.133
$fq,shfq,ش ف ق,sh-f-q,11,0.142,0,0,0,0,9,0.294,2,0.067
Ayd,uAyd,ا ي د,a-y-d,11,0.142,0,0,1,0.071,1,0.033,9,0.3
Enb,uEnb,ع ن ب,ʿ-n-b,11,0.142,1,0.37,1,0.071,7,0.229,2,0.067
Ewn,uEwn,ع و ن,ʿ-w-n,11,0.142,1,0.37,2,0.141,3,0.098,5,0.167
fAy,fuAy,ف ا ي,f-a-y,11,0.142,0,0,1,0.071,1,0.033,9,0.3
frr,frr,ف ر ر,f-r-r,11,0.142,3,1.109,1,0.071,3,0.098,4,0.133
gmm,gmm,غ م م,gh-m-m,11,0.142,0,0,3,0.212,2,0.065,6,0.2
gyZ,gyuZ,غ ي ظ,gh-y-ẓ,11,0.142,0,0,2,0.141,1,0.033,8,0.267
Hrb,uHrb,ح ر ب,ḥ-r-b,11,0.142,0,0,2,0.141,1,0.033,8,0.267
HSy,uHuSy,ح ص ي,ḥ-ṣ-y,11,0.142,1,0.37,3,0.212,5,0.164,2,0.067
jml,jml,ج م ل,j-m-l,11,0.142,2,0.74,2,0.141,5,0.164,2,0.067
lgw,lgw,ل غ و,l-gh-w,11,0.142,0,0,4,0.282,5,0.164,2,0.067
qSr,quSr,ق ص ر,q-ṣ-r,11,0.142,1,0.37,4,0.282,1,0.033,5,0.167
rDE,ruDuE,ر ض ع,r-ḍ-ʿ,11,0.142,0,0,2,0.141,0,0,9,0.3
sbb,sbb,س ب ب,s-b-b,11,0.142,0,0,1,0.071,8,0.262,2,0.067
SEq,uSuEq,ص ع ق,ṣ-ʿ-q,11,0.142,0,0,1,0.071,6,0.196,4,0.133
sfh,sfh,س ف ه,s-f-h,11,0.142,0,0,4,0.282,1,0.033,6,0.2
sHb,suHb,س ح ب,s-ḥ-b,11,0.142,0,0,4,0.282,3,0.098,4,0.133
TbE,uTbuE,ط ب ع,ṭ-b-ʿ,11,0.142,0,0,2,0.141,4,0.131,5,0.167
Trf,uTrf,ط ر ف,ṭ-r-f,11,0.142,0,0,3,0.212,5,0.164,3,0.1
Trq,uTrq,ط ر ق,ṭ-r-q,11,0.142,0,0,7,0.494,2,0.065,2,0.067
Twr,uTwr,ط و ر,ṭ-w-r,11,0.142,1,0.37,4,0.282,3,0.098,3,0.1
wkA,wkuA,و ك ا,w-k-a,11,0.142,0,0,4,0.282,4,0.131,3,0.1
wqd,wqd,و ق د,w-q-d,11,0.142,2,0.74,2,0.141,0,0,7,0.233
wrd,wrd,و ر د,w-r-d,11,0.142,0,0,4,0.282,6,0.196,1,0.033
ymm,ymm,ي م م,y-m-m,11,0.142,0,0,7,0.494,1,0.033,3,0.1
zbr,zbr,ز ب ر,z-b-r,11,0.142,0,0,4,0.282,5,0.164,2,0.067
ASl,uAuSl,ا ص ل,a-ṣ-l,10,0.129,0,0,2,0.141,2,0.065,6,0.2
bT$,buTsh,ب ط ش,b-ṭ-sh,10,0.129,1,0.37,6,0.424,3,0.098,0,0
dfE,dfuE,د ف ع,d-f-ʿ,10,0.129,0,0,0,0,4,0.131,6,0.2
DHk,uDuHk,ض ح ك,ḍ-ḥ-k,10,0.129,3,1.109,1,0.071,5,0.164,1,0.033
dmr,dmr,د م ر,d-m-r,10,0.129,0,0,5,0.353,4,0.131,1,0.033
dmw,dmw,د م و,d-m-w,10,0.129,0,0,1,0.071,4,0.131,5,0.167
DyE,uDyuE,ض ي ع,ḍ-y-ʿ,10,0.129,0,0,2,0.141,4,0.131,4,0.133
Etw,uEtw,ع ت و,ʿ-t-w,10,0.129,0,0,6,0.424,3,0.098,1,0.033
Ezl,uEzl,ع ز ل,ʿ-z-l,10,0.129,0,0,3,0.212,3,0.098,4,0.133
Hyq,uHyq,ح ي ق,ḥ-y-q,10,0.129,0,0,1,0.071,9,0.294,0,0
jbr,jbr,ج ب ر,j-b-r,10,0.129,0,0,5,0.353,3,0.098,2,0.067
jdd,jdd,ج د د,j-d-d,10,0.129,0,0,4,0.282,5,0.164,1,0.033
kfl,kfl,ك ف ل,k-f-l,10,0.129,0,0,4,0.282,2,0.065,4,0.133
mAy,muAy,م ا ي,m-a-y,10,0.129,0,0,0,0,2,0.065,8,0.267
mlw,mlw,م ل و,m-l-w,10,0.129,1,0.37,3,0.212,0,0,6,0.2
nqS,nquS,ن ق ص,n-q-ṣ,10,0.129,1,0.37,3,0.212,3,0.098,3,0.1
qds,qds,ق د س,q-d-s,10,0.129,0,0,1,0.071,2,0.065,7,0.233
qhr,qhr,ق ه ر,q-h-r,10,0.129,1,0.37,2,0.141,6,0.196,1,0.033
rEy,ruEy,ر ع ي,r-ʿ-y,10,0.129,1,0.37,2,0.141,3,0.098,4,0.133
rhq,rhq,ر ه ق,r-h-q,10,0.129,3,1.109,2,0.141,5,0.164,0,0
rjs,rjs,ر ج س,r-j-s,10,0.129,0,0,1,0.071,3,0.098,6,0.2
rjz,rjz,ر ج ز,r-j-z,10,0.129,1,0.37,4,0.282,3,0.098,2,0.067
sfl,sfl,س ف ل,s-f-l,10,0.129,2,0.74,0,0,4,0.131,4,0.133
swd,swd,س و د,s-w-d,10,0.129,0,0,1,0.071,4,0.131,5,0.167
Twl,uTwl,ط و ل,ṭ-w-l,10,0.129,1,0.37,2,0.141,3,0.098,4,0.133
zlf,zlf,ز ل ف,z-l-f,10,0.129,1,0.37,5,0.353,4,0.131,0,0
zyl,zyl,ز ي ل,z-y-l,10,0.129,0,0,0,0,4,0.131,6,0.2
*bH,dhbuH,ذ ب ح,dh-b-ḥ,9,0.116,0,0,2,0.141,3,0.098,4,0.133
bqr,bqr,ب ق ر,b-q-r,9,0.116,0,0,0,0,4,0.131,5,0.167
brz,brz,ب ر ز,b-r-z,9,0.116,0,0,1,0.071,5,0.164,3,0.1
bvv,bvv,ب ث ث,b-th-th,9,0.116,1,0.37,1,0.071,5,0.164,2,0.067
dwm,dwm,د و م,d-w-m,9,0.116,0,0,1,0.071,3,0.098,5,0.167
Ebr,uEbr,ع ب ر,ʿ-b-r,9,0.116,0,0,0,0,5,0.164,4,0.133
Ekf,uEkf,ع ك ف,ʿ-k-f,9,0.116,0,0,4,0.282,1,0.033,4,0.133
Enq,uEnq,ع ن ق,ʿ-n-q,9,0.116,0,0,3,0.212,4,0.131,2,0.067
Erj,uErj,ع ر ج,ʿ-r-j,9,0.116,0,0,0,0,6,0.196,3,0.1
Ewj,uEwj,ع و ج,ʿ-w-j,9,0.116,0,0,4,0.282,4,0.131,1,0.033
Ewm,uEwm,ع و م,ʿ-w-m,9,0.116,0,0,0,0,3,0.098,6,0.2
Ezm,uEzm,ع ز م,ʿ-z-m,9,0.116,0,0,1,0.071,3,0.098,5,0.167
fDD,fuDuD,ف ض ض,f-ḍ-ḍ,9,0.116,0,0,0,0,1,0.033,8,0.267
frj,frj,ف ر ج,f-r-j,9,0.116,1,0.37,1,0.071,3,0.098,4,0.133
fyD,fyuD,ف ي ض,f-y-ḍ,9,0.116,0,0,1,0.071,2,0.065,6,0.2
gnm,gnm,غ ن م,gh-n-m,9,0.116,0,0,1,0.071,2,0.065,6,0.2
Hly,uHly,ح ل ي,ḥ-l-y,9,0.116,0,0,3,0.212,3,0.098,3,0.1
hmm,hmm,ه م م,h-m-m,9,0.116,0,0,0,0,3,0.098,6,0.2
Hrq,uHrq,ح ر ق,ḥ-r-q,9,0.116,1,0.37,1,0.071,2,0.065,5,0.167
knz,knz,ك ن ز,k-n-z,9,0.116,0,0,3,0.212,3,0.098,3,0.1
lwn,lwn,ل و ن,l-w-n,9,0.116,0,0,3,0.212,4,0.131,2,0.067
nqD,nquD,ن ق ض,n-q-ḍ,9,0.116,1,0.37,0,0,2,0.065,6,0.2
nwm,nwm,ن و م,n-w-m,9,0.116,1,0.37,2,0.141,4,0.131,2,0.067
q*f,qdhf,ق ذ ف,q-dh-f,9,0.116,0,0,3,0.212,4,0.131,2,0.067
qbD,qbuD,ق ب ض,q-b-ḍ,9,0.116,0,0,4,0.282,2,0.065,3,0.1
rmy,rmy,ر م ي,r-m-y,9,0.116,2,0.74,0,0,0,0,7,0.233
sbt,sbt,س ب ت,s-b-t,9,0.116,0,0,4,0.282,2,0.065,3,0.1
SEd,uSuEd,ص ع د,ṣ-ʿ-d,9,0.116,1,0.37,2,0.141,3,0.098,3,0.1
SHf,uSuHf,ص ح ف,ṣ-ḥ-f,9,0.116,6,2.219,1,0.071,1,0.033,1,0.033
srq,srq,س ر ق,s-r-q,9,0.116,0,0,0,0,6,0.196,3,0.1
tjr,tjr,ت ج ر,t-j-r,9,0.116,0,0,1,0.071,0,0,8,0.267
whn,whn,و ه ن,w-h-n,9,0.116,0,0,1,0.071,3,0.098,5,0.167
wqr,wqr,و ق ر,w-q-r,9,0.116,0,0,0,0,8,0.262,1,0.033
xyl,xyl,خ ي ل,kh-y-l,9,0.116,0,0,1,0.071,3,0.098,5,0.167
zny,zny,ز ن ي,z-n-y,9,0.116,0,0,1,0.071,1,0.033,7,0.233
zyg,zyg,ز ي غ,z-y-gh,9,0.116,1,0.37,1,0.071,1,0.033,6,0.2
bht,bht,ب ه ت,b-h-t,8,0.103,0,0,0,0,1,0.033,7,0.233
brhn,brhn,ب ر ه ن,b-r-h-n,8,0.103,0,0,3,0.212,3,0.098,2,0.067
dll,dll,د ل ل,d-l-l,8,0.103,0,0,5,0.353,2,0.065,1,0.033
DrE,uDruE,ض ر ع,ḍ-r-ʿ,8,0.103,0,0,3,0.212,5,0.164,0,0
Eqr,uEqr,ع ق ر,ʿ-q-r,8,0.103,1,0.37,5,0.353,1,0.033,1,0.033
Ey$,uEysh,ع ي ش,ʿ-y-sh,8,0.103,1,0.37,3,0.212,4,0.131,0,0
frT,fruT,ف ر ط,f-r-ṭ,8,0.103,0,0,1,0.071,7,0.229,0,0
gbr,gbr,غ ب ر,gh-b-r,8,0.103,1,0.37,3,0.212,4,0.131,0,0
hbT,hbuT,ه ب ط,h-b-ṭ,8,0.103,0,0,3,0.212,1,0.033,4,0.133
Hjb,uHjb,ح ج ب,ḥ-j-b,8,0.103,0,0,3,0.212,4,0.131,1,0.033
klf,klf,ك ل ف,k-l-f,8,0.103,0,0,2,0.141,2,0.065,4,0.133
lTf,luTf,ل ط ف,l-ṭ-f,8,0.103,0,0,0,0,6,0.196,2,0.067
qbr,qbr,ق ب ر,q-b-r,8,0.103,3,1.109,1,0.071,1,0.033,3,0.1
rgb,rgb,ر غ ب,r-gh-b,8,0.103,2,0.74,1,0.071,1,0.033,4,0.133
rjf,rjf,ر ج ف,r-j-f,8,0.103,1,0.37,3,0.212,3,0.098,1,0.033
SfH,uSfuH,ص ف ح,ṣ-f-ḥ,8,0.103,0,0,0,0,4,0.131,4,0.133
Slb,uSlb,ص ل ب,ṣ-l-b,8,0.103,0,0,4,0.282,1,0.033,3,0.1
slf,slf,س ل ف,s-l-f,8,0.103,0,0,0,0,3,0.098,5,0.167
sqT,squT,س ق ط,s-q-ṭ,8,0.103,0,0,3,0.212,4,0.131,1,0.033
sry,sry,س ر ي,s-r-y,8,0.103,1,0.37,3,0.212,4,0.131,0,0
stt,stt,س ت ت,s-t-t,8,0.103,0,0,3,0.212,3,0.098,2,0.067
Swt,uSwt,ص و ت,ṣ-w-t,8,0.103,0,0,1,0.071,4,0.131,3,0.1
trf,trf,ت ر ف,t-r-f,8,0.103,0,0,1,0.071,7,0.229,0,0
wbl,wbl,و ب ل,w-b-l,8,0.103,1,0.37,0,0,0,0,7,0.233
xDr,xuDr,خ ض ر,kh-ḍ-r,8,0.103,0,0,1,0.071,4,0.131,3,0.1
xms,xms,خ م س,kh-m-s,8,0.103,0,0,0,0,3,0.098,5,0.167
xsf,xsf,خ س ف,kh-s-f,8,0.103,1,0.37,2,0.141,5,0.164,0,0
xtm,xtm,خ ت م,kh-t-m,8,0.103,0,0,1,0.071,5,0.164,2,0.067
xwl,xwl,خ و ل,kh-w-l,8,0.103,0,0,0,0,3,0.098,5,0.167
Asw,uAsw,ا س و,a-s-w,7,0.09,0,0,1,0.071,0,0,6,0.2
bDE,buDuE,ب ض ع,b-ḍ-ʿ,7,0.09,0,0,0,0,7,0.229,0,0
bEl,buEl,ب ع ل,b-ʿ-l,7,0.09,0,0,0,0,2,0.065,5,0.167
bky,bky,ب ك ي,b-k-y,7,0.09,2,0.74,1,0.071,3,0.098,1,0.033
brj,brj,ب ر ج,b-r-j,7,0.09,1,0.37,1,0.071,1,0.033,4,0.133
bxs,bxs,ب خ س,b-kh-s,7,0.09,0,0,3,0.212,3,0.098,1,0.033
DHw,uDuHw,ض ح و,ḍ-ḥ-w,7,0.09,2,0.74,3,0.212,2,0.065,0,0
dkk,dkk,د ك ك,d-k-k,7,0.09,3,1.109,1,0.071,3,0.098,0,0
Elq,uElq,ع ل ق,ʿ-l-q,7,0.09,2,0.74,0,0,3,0.098,2,0.067
Emd,uEmd,ع م د,ʿ-m-d,7,0.09,2,0.74,0,0,1,0.033,4,0.133
Emh,uEmh,ع م ه,ʿ-m-h,7,0.09,0,0,2,0.141,4,0.131,1,0.033
Eqd,uEqd,ع ق د,ʿ-q-d,7,0.09,1,0.37,1,0.071,0,0,5,0.167
ESf,uEuSf,ع ص ف,ʿ-ṣ-f,7,0.09,3,1.109,0,0,3,0.098,1,0.033
fyA,fyuA,ف ي ا,f-y-a,7,0.09,0,0,0,0,1,0.033,6,0.2
grf,grf,غ ر ف,gh-r-f,7,0.09,0,0,1,0.071,4,0.131,2,0.067
Hbl,uHbl,ح ب ل,ḥ-b-l,7,0.09,1,0.37,3,0.212,0,0,3,0.1
HZZ,uHuZuZ,ح ظ ظ,ḥ-ẓ-ẓ,7,0.09,0,0,1,0.071,1,0.033,5,0.167
mkv,mkv,م ك ث,m-k-th,7,0.09,0,0,3,0.212,3,0.098,1,0.033
mwj,mwj,م و ج,m-w-j,7,0.09,0,0,0,0,5,0.164,2,0.067
ndm,ndm,ن د م,n-d-m,7,0.09,0,0,1,0.071,3,0.098,3,0.1
nkv,nkv,ن ك ث,n-k-th,7,0.09,0,0,1,0.071,2,0.065,4,0.133
nSf,nuSf,ن ص ف,n-ṣ-f,7,0.09,2,0.74,0,0,0,0,5,0.167
nsk,nsk,ن س ك,n-s-k,7,0.09,0,0,0,0,1,0.033,6,0.2
nwq,nwq,ن و ق,n-w-q,7,0.09,1,0.37,4,0.282,2,0.065,0,0
qsw,qsw,ق س و,q-s-w,7,0.09,0,0,0,0,2,0.065,5,0.167
skr,skr,س ك ر,s-k-r,7,0.09,0,0,1,0.071,3,0.098,3,0.1
srH,sruH,س ر ح,s-r-ḥ,7,0.09,0,0,0,0,1,0.033,6,0.2
tsE,tsuE,ت س ع,t-s-ʿ,7,0.09,1,0.37,4,0.282,2,0.065,0,0
wEy,wuEy,و ع ي,w-ʿ-y,7,0.09,0,0,0,0,7,0.229,0,0
xmr,xmr,خ م ر,kh-m-r,7,0.09,0,0,0,0,2,0.065,5,0.167
xTf,xuTf,خ ط ف,kh-ṭ-f,7,0.09,0,0,1,0.071,3,0.098,3,0.1
zyt,zyt,ز ي ت,z-y-t,7,0.09,2,0.74,0,0,3,0.098,2,0.067
*rA,dhruA,ذ ر ا,dh-r-a,6,0.077,0,0,1,0.071,5,0.164,0,0
$fy,shfy,ش ف ي,sh-f-y,6,0.077,0,0,1,0.071,4,0.131,1,0.033
Ady,uAdy,ا د ي,a-d-y,6,0.077,0,0,0,0,1,0.033,5,0.167
Asr,uAsr,ا س ر,a-s-r,6,0.077,0,0,0,0,0,0,6,0.2
bkm,bkm,ب ك م,b-k-m,6,0.077,0,0,0,0,3,0.098,3,0.1
brq,brq,ب ر ق,b-r-q,6,0.077,1,0.37,0,0,1,0.033,4,0.133
dAb,duAb,د ا ب,d-a-b,6,0.077,0,0,0,0,3,0.098,3,0.1
drs,drs,د ر س,d-r-s,6,0.077,1,0.37,1,0.071,3,0.098,1,0.033
DwA,uDwuA,ض و ا,ḍ-w-a,6,0.077,0,0,1,0.071,2,0.065,3,0.1
Dyf,uDyf,ض ي ف,ḍ-y-f,6,0.077,0,0,1,0.071,5,0.164,0,0
fr$,frsh,ف ر ش,f-r-sh,6,0.077,1,0.37,1,0.071,2,0.065,2,0.067
frg,frg,ف ر غ,f-r-gh,6,0.077,1,0.37,2,0.141,1,0.033,2,0.067
fxr,fxr,ف خ ر,f-kh-r,6,0.077,0,0,0,0,2,0.065,4,0.133
fzE,fzuE,ف ز ع,f-z-ʿ,6,0.077,0,0,3,0.212,3,0.098,0,0
grm,grm,غ ر م,gh-r-m,6,0.077,1,0.37,2,0.141,1,0.033,2,0.067
Hbr,uHbr,ح ب ر,ḥ-b-r,6,0.077,0,0,0,0,2,0.065,4,0.133
Hmr,uHmr,ح م ر,ḥ-m-r,6,0.077,1,0.37,1,0.071,2,0.065,2,0.067
Hmy,uHmy,ح م ي,ḥ-m-y,6,0.077,1,0.37,0,0,1,0.033,4,0.133
Hrf,uHrf,ح ر ف,ḥ-r-f,6,0.077,0,0,0,0,0,0,6,0.2
HSd,uHuSd,ح ص د,ḥ-ṣ-d,6,0.077,0,0,1,0.071,5,0.164,0,0
HSr,uHuSr,ح ص ر,ḥ-ṣ-r,6,0.077,0,0,0,0,1,0.033,5,0.167
Hss,uHss,ح س س,ḥ-s-s,6,0.077,0,0,1,0.071,3,0.098,2,0.067
HTm,uHuTm,ح ط م,ḥ-ṭ-m,6,0.077,2,0.74,2,0.141,1,0.033,1,0.033
kAs,kuAs,ك ا س,k-a-s,6,0.077,0,0,1,0.071,3,0.098,2,0.067
khf,khf,ك ه ف,k-h-f,6,0.077,0,0,0,0,6,0.196,0,0
klb,klb,ك ل ب,k-l-b,6,0.077,0,0,1,0.071,4,0.131,1,0.033
krr,krr,ك ر ر,k-r-r,6,0.077,0,0,1,0.071,4,0.131,1,0.033
kZm,kuZm,ك ظ م,k-ẓ-m,6,0.077,1,0.37,0,0,4,0.131,1,0.033
lAlA,luAluA,ل ا ل ا,l-a-l-a,6,0.077,0,0,2,0.141,1,0.033,3,0.1
lHd,luHd,ل ح د,l-ḥ-d,6,0.077,0,0,2,0.141,3,0.098,1,0.033
lHq,luHq,ل ح ق,l-ḥ-q,6,0.077,0,0,1,0.071,3,0.098,2,0.067
lwH,lwuH,ل و ح,l-w-ḥ,6,0.077,2,0.74,4,0.282,0,0,0,0
mhl,mhl,م ه ل,m-h-l,6,0.077,1,0.37,2,0.141,3,0.098,0,0
mqt,mqt,م ق ت,m-q-t,6,0.077,0,0,1,0.071,3,0.098,2,0.067
mrj,mrj,م ر ج,m-r-j,6,0.077,0,0,2,0.141,0,0,4,0.133
myl,myl,م ي ل,m-y-l,6,0.077,0,0,0,0,0,0,6,0.2
ndd,ndd,ن د د,n-d-d,6,0.077,0,0,0,0,4,0.131,2,0.067
nzg,nzg,ن ز غ,n-z-gh,6,0.077,0,0,2,0.141,4,0.131,0,0
qmS,qmuS,ق م ص,q-m-ṣ,6,0.077,0,0,0,0,6,0.196,0,0
qnT,qnuT,ق ن ط,q-n-ṭ,6,0.077,0,0,0,0,6,0.196,0,0
qSd,quSd,ق ص د,q-ṣ-d,6,0.077,0,0,1,0.071,3,0.098,2,0.067
rdy,rdy,ر د ي,r-d-y,6,0.077,1,0.37,1,0.071,3,0.098,1,0.033
rSd,ruSd,ر ص د,r-ṣ-d,6,0.077,1,0.37,2,0.141,1,0.033,2,0.067
sdd,sdd,س د د,s-d-d,6,0.077,0,0,2,0.141,2,0.065,2,0.067
Srr,uSrr,ص ر ر,ṣ-r-r,6,0.077,0,0,1,0.071,3,0.098,2,0.067
Syd,uSyd,ص ي د,ṣ-y-d,6,0.077,0,0,0,0,0,0,6,0.2
tbr,tbr,ت ب ر,t-b-r,6,0.077,0,0,3,0.212,3,0.098,0,0
vqf,vqf,ث ق ف,th-q-f,6,0.077,0,0,0,0,0,0,6,0.2
wTA,wuTuA,و ط ا,w-ṭ-a,6,0.077,1,0.37,0,0,0,0,5,0.167
xlT,xluT,خ ل ط,kh-l-ṭ,6,0.077,0,0,1,0.071,3,0.098,2,0.067
zjr,zjr,ز ج ر,z-j-r,6,0.077,0,0,2,0.141,4,0.131,0,0
zlzl,zlzl,ز ل ز ل,z-l-z-l,6,0.077,0,0,0,0,0,0,6,0.2
zwr,zwr,ز و ر,z-w-r,6,0.077,1,0.37,2,0.141,1,0.033,2,0.067
*mm,dhmm,ذ م م,dh-m-m,5,0.065,1,0.37,0,0,2,0.065,2,0.067
*rE,dhruE,ذ ر ع,dh-r-ʿ,5,0.065,0,0,0,0,5,0.164,0,0
$hb,shhb,ش ه ب,sh-h-b,5,0.065,0,0,3,0.212,2,0.065,0,0
$HH,shuHuH,ش ح ح,sh-ḥ-ḥ,5,0.065,0,0,0,0,0,0,5,0.167
$rE,shruE,ش ر ع,sh-r-ʿ,5,0.065,0,0,1,0.071,3,0.098,1,0.033
$rH,shruH,ش ر ح,sh-r-ḥ,5,0.065,1,0.37,1,0.071,3,0.098,0,0
$Tr,shuTr,ش ط ر,sh-ṭ-r,5,0.065,0,0,0,0,0,0,5,0.167
$tt,shtt,ش ت ت,sh-t-t,5,0.065,1,0.37,1,0.071,0,0,3,0.1
Ark,uArk,ا ر ك,a-r-k,5,0.065,0,0,1,0.071,3,0.098,1,0.033
Asf,uAsf,ا س ف,a-s-f,5,0.065,0,0,2,0.141,3,0.098,0,0
bgD,bguD,ب غ ض,b-gh-ḍ,5,0.065,0,0,0,0,0,0,5,0.167
bls,bls,ب ل س,b-l-s,5,0.065,0,0,0,0,5,0.164,0,0
brd,brd,ب ر د,b-r-d,5,0.065,0,0,2,0.141,2,0.065,1,0.033
bwr,bwr,ب و ر,b-w-r,5,0.065,0,0,3,0.212,1,0.033,1,0.033
dhn,dhn,د ه ن,d-h-n,5,0.065,2,0.74,1,0.071,1,0.033,1,0.033
drA,druA,د ر ا,d-r-a,5,0.065,0,0,1,0.071,0,0,4,0.133
Emm,uEmm,ع م م,ʿ-m-m,5,0.065,0,0,0,0,0,0,5,0.167
Ent,uEnt,ع ن ت,ʿ-n-t,5,0.065,0,0,0,0,0,0,5,0.167
ESb,uEuSb,ع ص ب,ʿ-ṣ-b,5,0.065,0,0,1,0.071,3,0.098,1,0.033
ESr,uEuSr,ع ص ر,ʿ-ṣ-r,5,0.065,1,0.37,0,0,3,0.098,1,0.033
Etb,uEtb,ع ت ب,ʿ-t-b,5,0.065,0,0,0,0,5,0.164,0,0
Evw,uEvw,ع ث و,ʿ-th-w,5,0.065,0,0,2,0.141,2,0.065,1,0.033
frd,frd,ف ر د,f-r-d,5,0.065,0,0,2,0.141,3,0.098,0,0
fwj,fwj,ف و ج,f-w-j,5,0.065,0,0,2,0.141,2,0.065,1,0.033
fwt,fwt,ف و ت,f-w-t,5,0.065,0,0,0,0,2,0.065,3,0.1
gwv,gwv,غ و ث,gh-w-th,5,0.065,0,0,1,0.071,3,0.098,1,0.033
hll,hll,ه ل ل,h-l-l,5,0.065,0,0,0,0,2,0.065,3,0.1
HrS,uHruS,ح ر ص,ḥ-r-ṣ,5,0.065,0,0,0,0,2,0.065,3,0.1
HSb,uHuSb,ح ص ب,ḥ-ṣ-b,5,0.065,0,0,1,0.071,4,0.131,0,0
Hsd,uHsd,ح س د,ḥ-s-d,5,0.065,2,0.74,0,0,0,0,3,0.1
Hwt,uHwt,ح و ت,ḥ-w-t,5,0.065,1,0.37,1,0.071,3,0.098,0,0
HyS,uHyuS,ح ي ص,ḥ-y-ṣ,5,0.065,0,0,1,0.071,3,0.098,1,0.033
hzz,hzz,ه ز ز,h-z-z,5,0.065,0,0,3,0.212,1,0.033,1,0.033
jlw,jlw,ج ل و,j-l-w,5,0.065,2,0.74,2,0.141,0,0,1,0.033
jvm,jvm,ج ث م,j-th-m,5,0.065,0,0,2,0.141,3,0.098,0,0
jwE,jwuE,ج و ع,j-w-ʿ,5,0.065,1,0.37,1,0.071,2,0.065,1,0.033
jwz,jwz,ج و ز,j-w-z,5,0.065,0,0,1,0.071,3,0.098,1,0.033
kml,kml,ك م ل,k-m-l,5,0.065,0,0,0,0,1,0.033,4,0.133
ksf,ksf,ك س ف,k-s-f,5,0.065,0,0,1,0.071,4,0.131,0,0
ksw,ksw,ك س و,k-s-w,5,0.065,0,0,0,0,1,0.033,4,0.133
kwkb,kwkb,ك و ك ب,k-w-k-b,5,0.065,0,0,0,0,4,0.131,1,0.033
lms,lms,ل م س,l-m-s,5,0.065,0,0,1,0.071,1,0.033,3,0.1
lwy,lwy,ل و ي,l-w-y,5,0.065,0,0,0,0,0,0,5,0.167
lyn,lyn,ل ي ن,l-y-n,5,0.065,0,0,1,0.071,2,0.065,2,0.067
lzm,lzm,ل ز م,l-z-m,5,0.065,0,0,2,0.141,2,0.065,1,0.033
mDy,muDy,م ض ي,m-ḍ-y,5,0.065,0,0,1,0.071,3,0.098,1,0.033
mrd,mrd,م ر د,m-r-d,5,0.065,0,0,1,0.071,1,0.033,3,0.1
mSr,muSr,م ص ر,m-ṣ-r,5,0.065,0,0,0,0,4,0.131,1,0.033
myd,myd,م ي د,m-y-d,5,0.065,0,0,0,0,3,0.098,2,0.067
n$z,nshz,ن ش ز,n-sh-z,5,0.065,0,0,0,0,0,0,5,0.167
nfd,nfd,ن ف د,n-f-d,5,0.065,0,0,1,0.071,4,0.131,0,0
nkl,nkl,ن ك ل,n-k-l,5,0.065,1,0.37,0,0,1,0.033,3,0.1
nq*,nqdh,ن ق ذ,n-q-dh,5,0.065,0,0,2,0.141,1,0.033,2,0.067
nsf,nsf,ن س ف,n-s-f,5,0.065,1,0.37,4,0.282,0,0,0,0
qdd,qdd,ق د د,q-d-d,5,0.065,0,0,1,0.071,4,0.131,0,0
qfw,qfw,ق ف و,q-f-w,5,0.065,0,0,0,0,1,0.033,4,0.133
qrE,qruE,ق ر ع,q-r-ʿ,5,0.065,3,1.109,0,0,1,0.033,1,0.033
qrf,qrf,ق ر ف,q-r-f,5,0.065,0,0,0,0,4,0.131,1,0.033
qSw,quSw,ق ص و,q-ṣ-w,5,0.065,0,0,3,0.212,1,0.033,1,0.033
qtr,qtr,ق ت ر,q-t-r,5,0.065,1,0.37,1,0.071,2,0.065,1,0.033
qTr,quTr,ق ط ر,q-ṭ-r,5,0.065,0,0,0,0,3,0.098,2,0.067
rbT,rbuT,ر ب ط,r-b-ṭ,5,0.065,0,0,1,0.071,1,0.033,3,0.1
rEb,ruEb,ر ع ب,r-ʿ-b,5,0.065,0,0,0,0,1,0.033,4,0.133
rfq,rfq,ر ف ق,r-f-q,5,0.065,0,0,0,0,3,0.098,2,0.067
Sbb,uSbb,ص ب ب,ṣ-b-b,5,0.065,3,1.109,0,0,1,0.033,1,0.033
sbT,sbuT,س ب ط,s-b-ṭ,5,0.065,0,0,1,0.071,0,0,4,0.133
SdE,uSduE,ص د ع,ṣ-d-ʿ,5,0.065,0,0,2,0.141,2,0.065,1,0.033
Sdf,uSdf,ص د ف,ṣ-d-f,5,0.065,0,0,0,0,5,0.164,0,0
sds,sds,س د س,s-d-s,5,0.065,0,0,0,0,1,0.033,4,0.133
Sfr,uSfr,ص ف ر,ṣ-f-r,5,0.065,1,0.37,0,0,2,0.065,2,0.067
snbl,snbl,س ن ب ل,s-n-b-l,5,0.065,0,0,0,0,3,0.098,2,0.067
Snm,uSnm,ص ن م,ṣ-n-m,5,0.065,0,0,2,0.141,3,0.098,0,0
Srx,uSrx,ص ر خ,ṣ-r-kh,5,0.065,0,0,3,0.212,2,0.065,0,0
Tms,uTms,ط م س,ṭ-m-s,5,0.065,1,0.37,2,0.141,1,0.033,1,0.033
Trd,uTrd,ط ر د,ṭ-r-d,5,0.065,0,0,1,0.071,4,0.131,0,0
Twy,uTwy,ط و ي,ṭ-w-y,5,0.065,0,0,1,0.071,4,0.131,0,0
vbr,vbr,ث ب ر,th-b-r,5,0.065,0,0,3,0.212,2,0.065,0,0
vwr,vwr,ث و ر,th-w-r,5,0.065,1,0.37,1,0.071,2,0.065,1,0.033
wjl,wjl,و ج ل,w-j-l,5,0.065,0,0,0,0,3,0.098,2,0.067
wsT,wsuT,و س ط,w-s-ṭ,5,0.065,2,0.74,0,0,0,0,3,0.1
wsws,wsws,و س و س,w-s-w-s,5,0.065,2,0.74,3,0.212,0,0,0,0
wzE,wzuE,و ز ع,w-z-ʿ,5,0.065,0,0,3,0.212,2,0.065,0,0
xdE,xduE,خ د ع,kh-d-ʿ,5,0.065,0,0,0,0,0,0,5,0.167
xnzr,xnzr,خ ن ز ر,kh-n-z-r,5,0.065,0,0,0,0,2,0.065,3,0.1
xrS,xruS,خ ر ص,kh-r-ṣ,5,0.065,0,0,0,0,5,0.164,0,0
xTw,xuTw,خ ط و,kh-ṭ-w,5,0.065,0,0,0,0,1,0.033,4,0.133
xwy,xwy,خ و ي,kh-w-y,5,0.065,0,0,1,0.071,2,0.065,2,0.067
xyb,xyb,خ ي ب,kh-y-b,5,0.065,1,0.37,2,0.141,1,0.033,1,0.033
zhq,zhq,ز ه ق,z-h-q,5,0.065,0,0,0,0,3,0.098,2,0.067
$An,shuAn,ش ا ن,sh-a-n,4,0.052,1,0.37,0,0,1,0.033,2,0.067
$wr,shwr,ش و ر,sh-w-r,4,0.052,0,0,1,0.071,1,0.033,2,0.067
$yx,shyx,ش ي خ,sh-y-kh,4,0.052,0,0,1,0.071,3,0.098,0,0
Afl,uAfl,ا ف ل,a-f-l,4,0.052,0,0,0,0,4,0.131,0,0
Amd,uAmd,ا م د,a-m-d,4,0.052,0,0,1,0.071,1,0.033,2,0.067
bdE,bduE,ب د ع,b-d-ʿ,4,0.052,0,0,0,0,2,0.065,2,0.067
bwl,bwl,ب و ل,b-w-l,4,0.052,0,0,1,0.071,1,0.033,2,0.067
dHD,duHuD,د ح ض,d-ḥ-ḍ,4,0.052,0,0,0,0,4,0.131,0,0
dHr,duHr,د ح ر,d-ḥ-r,4,0.052,0,0,1,0.071,3,0.098,0,0
dlw,dlw,د ل و,d-l-w,4,0.052,1,0.37,0,0,2,0.065,1,0.033
drr,drr,د ر ر,d-r-r,4,0.052,0,0,0,0,3,0.098,1,0.033
dxr,dxr,د خ ر,d-kh-r,4,0.052,0,0,1,0.071,3,0.098,0,0
Eff,uEff,ع ف ف,ʿ-f-f,4,0.052,0,0,0,0,0,0,4,0.133
Ejm,uEjm,ع ج م,ʿ-j-m,4,0.052,0,0,1,0.071,3,0.098,0,0
Eqm,uEqm,ع ق م,ʿ-q-m,4,0.052,0,0,0,0,3,0.098,1,0.033
Ewr,uEwr,ع و ر,ʿ-w-r,4,0.052,0,0,0,0,0,0,4,0.133
f$l,fshl,ف ش ل,f-sh-l,4,0.052,0,0,0,0,0,0,4,0.133
flq,flq,ف ل ق,f-l-q,4,0.052,1,0.37,1,0.071,2,0.065,0,0
fwr,fwr,ف و ر,f-w-r,4,0.052,0,0,0,0,3,0.098,1,0.033
gDD,guDuD,غ ض ض,gh-ḍ-ḍ,4,0.052,0,0,0,0,1,0.033,3,0.1
gmr,gmr,غ م ر,gh-m-r,4,0.052,0,0,0,0,4,0.131,0,0
gsl,gsl,غ س ل,gh-s-l,4,0.052,0,0,1,0.071,1,0.033,2,0.067
gsq,gsq,غ س ق,gh-s-q,4,0.052,1,0.37,1,0.071,2,0.065,0,0
gwr,gwr,غ و ر,gh-w-r,4,0.052,0,0,0,0,2,0.065,2,0.067
gyv,gyv,غ ي ث,gh-y-th,4,0.052,0,0,0,0,3,0.098,1,0.033
hAt,huAt,ه ا ت,h-a-t,4,0.052,0,0,2,0.141,1,0.033,1,0.033
HmA,uHmuA,ح م ا,ḥ-m-a,4,0.052,0,0,0,0,4,0.131,0,0
hnA,hnuA,ه ن ا,h-n-a,4,0.052,1,0.37,0,0,2,0.065,1,0.033
hyA,hyuA,ه ي ا,h-y-a,4,0.052,0,0,0,0,2,0.065,2,0.067
HyD,uHyuD,ح ي ض,ḥ-y-ḍ,4,0.052,0,0,0,0,0,0,4,0.133
jdr,jdr,ج د ر,j-d-r,4,0.052,0,0,0,0,2,0.065,2,0.067
jhz,jhz,ج ه ز,j-h-z,4,0.052,0,0,0,0,4,0.131,0,0
jrH,jruH,ج ر ح,j-r-ḥ,4,0.052,0,0,0,0,2,0.065,2,0.067
jsd,jsd,ج س د,j-s-d,4,0.052,0,0,3,0.212,1,0.033,0,0
kEb,kuEb,ك ع ب,k-ʿ-b,4,0.052,0,0,0,0,1,0.033,3,0.1
krb,krb,ك ر ب,k-r-b,4,0.052,0,0,0,0,4,0.131,0,0
kwb,kwb,ك و ب,k-w-b,4,0.052,0,0,1,0.071,2,0.065,1,0.033
ljj,ljj,ل ج ج,l-j-j,4,0.052,0,0,1,0.071,2,0.065,1,0.033
lmm,lmm,ل م م,l-m-m,4,0.052,2,0.74,0,0,1,0.033,1,0.033
lmz,lmz,ل م ز,l-m-z,4,0.052,1,0.37,0,0,0,0,3,0.1
mhn,mhn,م ه ن,m-h-n,4,0.052,2,0.74,0,0,2,0.065,0,0
mjd,mjd,م ج د,m-j-d,4,0.052,2,0.74,1,0.071,1,0.033,0,0
msH,msuH,م س ح,m-s-ḥ,4,0.052,0,0,1,0.071,0,0,3,0.1
myz,myz,م ي ز,m-y-z,4,0.052,0,0,1,0.071,1,0.033,2,0.067
mzq,mzq,م ز ق,m-z-q,4,0.052,0,0,0,0,4,0.131,0,0
nEj,nuEj,ن ع ج,n-ʿ-j,4,0.052,0,0,4,0.282,0,0,0,0
nfl,nfl,ن ف ل,n-f-l,4,0.052,0,0,0,0,2,0.065,2,0.067
nHt,nuHt,ن ح ت,n-ḥ-t,4,0.052,0,0,2,0.141,2,0.065,0,0
nml,nml,ن م ل,n-m-l,4,0.052,0,0,3,0.212,0,0,1,0.033
nqr,nqr,ن ق ر,n-q-r,4,0.052,2,0.74,0,0,0,0,2,0.067
nsl,nsl,ن س ل,n-s-l,4,0.052,0,0,1,0.071,2,0.065,1,0.033
nsx,nsx,ن س خ,n-s-kh,4,0.052,0,0,1,0.071,1,0.033,2,0.067
nSy,nuSy,ن ص ي,n-ṣ-y,4,0.052,2,0.74,0,0,1,0.033,1,0.033
qld,qld,ق ل د,q-l-d,4,0.052,0,0,0,0,2,0.065,2,0.067
qlm,qlm,ق ل م,q-l-m,4,0.052,2,0.74,0,0,1,0.033,1,0.033
qnTr,qnuTr,ق ن ط ر,q-n-ṭ-r,4,0.052,0,0,0,0,0,0,4,0.133
r*l,rdhl,ر ذ ل,r-dh-l,4,0.052,0,0,1,0.071,2,0.065,1,0.033
rHb,ruHb,ر ح ب,r-ḥ-b,4,0.052,0,0,2,0.141,0,0,2,0.067
rHl,ruHl,ر ح ل,r-ḥ-l,4,0.052,1,0.37,0,0,3,0.098,0,0
rkn,rkn,ر ك ن,r-k-n,4,0.052,0,0,0,0,4,0.131,0,0
rqy,rqy,ر ق ي,r-q-y,4,0.052,1,0.37,1,0.071,2,0.065,0,0
rtl,rtl,ر ت ل,r-t-l,4,0.052,2,0.74,2,0.141,0,0,0,0
sdr,sdr,س د ر,s-d-r,4,0.052,2,0.74,1,0.071,1,0.033,0,0
sfH,sfuH,س ف ح,s-f-ḥ,4,0.052,0,0,0,0,1,0.033,3,0.1
sfn,sfn,س ف ن,s-f-n,4,0.052,0,0,0,0,4,0.131,0,0
sHt,suHt,س ح ت,s-ḥ-t,4,0.052,0,0,1,0.071,0,0,3,0.1
sjl,sjl,س ج ل,s-j-l,4,0.052,1,0.37,0,0,3,0.098,0,0
slH,sluH,س ل ح,s-l-ḥ,4,0.052,0,0,0,0,0,0,4,0.133
SlSl,uSluSl,ص ل ص ل,ṣ-l-ṣ-l,4,0.052,0,0,0,0,3,0.098,1,0.033
smm,smm,س م م,s-m-m,4,0.052,0,0,2,0.141,2,0.065,0,0
smn,smn,س م ن,s-m-n,4,0.052,0,0,0,0,4,0.131,0,0
smr,smr,س م ر,s-m-r,4,0.052,0,0,3,0.212,1,0.033,0,0
sqf,sqf,س ق ف,s-q-f,4,0.052,0,0,0,0,4,0.131,0,0
srb,srb,س ر ب,s-r-b,4,0.052,0,0,0,0,2,0.065,2,0.067
SrH,uSruH,ص ر ح,ṣ-r-ḥ,4,0.052,0,0,3,0.212,1,0.033,0,0
srj,srj,س ر ج,s-r-j,4,0.052,0,0,1,0.071,2,0.065,1,0.033
swl,swl,س و ل,s-w-l,4,0.052,0,0,1,0.071,2,0.065,1,0.033
sxT,sxuT,س خ ط,s-kh-ṭ,4,0.052,0,0,0,0,0,0,4,0.133
syl,syl,س ي ل,s-y-l,4,0.052,0,0,0,0,2,0.065,2,0.067
tbb,tbb,ت ب ب,t-b-b,4,0.052,2,0.74,0,0,2,0.065,0,0
Tbq,uTbq,ط ب ق,ṭ-b-q,4,0.052,0,0,0,0,4,0.131,0,0
Tfl,uTfl,ط ف ل,ṭ-f-l,4,0.052,0,0,0,0,1,0.033,3,0.1
Tlb,uTlb,ط ل ب,ṭ-l-b,4,0.052,0,0,1,0.071,1,0.033,2,0.067
Twq,uTwq,ط و ق,ṭ-w-q,4,0.052,0,0,0,0,0,0,4,0.133
wdE,wduE,و د ع,w-d-ʿ,4,0.052,1,0.37,0,0,2,0.065,1,0.033
wfq,wfq,و ف ق,w-f-q,4,0.052,0,0,0,0,2,0.065,2,0.067
wqf,wqf,و ق ف,w-q-f,4,0.052,0,0,0,0,4,0.131,0,0
wrq,wrq,و ر ق,w-r-q,4,0.052,0,0,2,0.141,2,0.065,0,0
xfD,xfuD,خ ف ض,kh-f-ḍ,4,0.052,0,0,2,0.141,2,0.065,0,0
xrq,xrq,خ ر ق,kh-r-q,4,0.052,0,0,0,0,4,0.131,0,0
xsA,xsuA,خ س ا,kh-s-a,4,0.052,0,0,1,0.071,2,0.065,1,0.033
xSS,xuSuS,خ ص ص,kh-ṣ-ṣ,4,0.052,0,0,0,0,0,0,4,0.133
ybs,ybs,ي ب س,y-b-s,4,0.052,0,0,1,0.071,3,0.098,0,0
zll,zll,ز ل ل,z-l-l,4,0.052,0,0,0,0,1,0.033,3,0.1
zwl,zwl,ز و ل,z-w-l,4,0.052,0,0,2,0.141,2,0.065,0,0
zxrf,zxrf,ز خ ر ف,z-kh-r-f,4,0.052,0,0,0,0,4,0.131,0,0
*Ab,dhuAb,ذ ا ب,dh-a-b,3,0.039,0,0,0,0,3,0.098,0,0
*qn,dhqn,ذ ق ن,dh-q-n,3,0.039,0,0,1,0.071,2,0.065,0,0
*rw,dhrw,ذ ر و,dh-r-w,3,0.039,0,0,0,0,3,0.098,0,0
$Am,shuAm,ش ا م,sh-a-m,3,0.039,0,0,3,0.212,0,0,0,0
$Hn,shuHn,ش ح ن,sh-ḥ-n,3,0.039,0,0,2,0.141,1,0.033,0,0
$kw,shkw,ش ك و,sh-k-w,3,0.039,0,0,0,0,1,0.033,2,0.067
$nA,shnuA,ش ن ا,sh-n-a,3,0.039,1,0.37,0,0,0,0,2,0.067
$TT,shuTuT,ش ط ط,sh-ṭ-ṭ,3,0.039,0,0,2,0.141,1,0.033,0,0
$yb,shyb,ش ي ب,sh-y-b,3,0.039,1,0.37,1,0.071,1,0.033,0,0
Abl,uAbl,ا ب ل,a-b-l,3,0.039,1,0.37,0,0,2,0.065,0,0
Aff,uAff,ا ف ف,a-f-f,3,0.039,0,0,0,0,3,0.098,0,0
Afq,uAfq,ا ف ق,a-f-q,3,0.039,2,0.74,0,0,1,0.033,0,0
Ajj,uAjj,ا ج ج,a-j-j,3,0.039,0,0,3,0.212,0,0,0,0
Anf,uAnf,ا ن ف,a-n-f,3,0.039,0,0,0,0,0,0,3,0.1
ASr,uAuSr,ا ص ر,a-ṣ-r,3,0.039,0,0,1,0.071,0,0,2,0.067
Ass,uAss,ا س س,a-s-s,3,0.039,0,0,0,0,0,0,3,0.1
Azf,uAzf,ا ز ف,a-z-f,3,0.039,2,0.74,0,0,1,0.033,0,0
b*r,bdhr,ب ذ ر,b-dh-r,3,0.039,0,0,0,0,3,0.098,0,0
bhj,bhj,ب ه ج,b-h-j,3,0.039,0,0,2,0.141,0,0,1,0.033
bhm,bhm,ب ه م,b-h-m,3,0.039,0,0,0,0,0,0,3,0.1
brH,bruH,ب ر ح,b-r-ḥ,3,0.039,0,0,1,0.071,2,0.065,0,0
dEE,duEuE,د ع ع,d-ʿ-ʿ,3,0.039,1,0.37,0,0,2,0.065,0,0
Dgv,uDgv,ض غ ث,ḍ-gh-th,3,0.039,0,0,1,0.071,2,0.065,0,0
DjE,uDjuE,ض ج ع,ḍ-j-ʿ,3,0.039,0,0,0,0,1,0.033,2,0.067
Ebs,uEbs,ع ب س,ʿ-b-s,3,0.039,2,0.74,0,0,0,0,1,0.033
Erw,uErw,ع ر و,ʿ-r-w,3,0.039,0,0,0,0,2,0.065,1,0.033
Ery,uEry,ع ر ي,ʿ-r-y,3,0.039,1,0.37,1,0.071,1,0.033,0,0
Eyr,uEyr,ع ي ر,ʿ-y-r,3,0.039,0,0,0,0,3,0.098,0,0
Ezr,uEzr,ع ز ر,ʿ-z-r,3,0.039,0,0,1,0.071,0,0,2,0.067
fjj,fjj,ف ج ج,f-j-j,3,0.039,0,0,0,0,2,0.065,1,0.033
fqd,fqd,ف ق د,f-q-d,3,0.039,0,0,1,0.071,2,0.065,0,0
frt,frt,ف ر ت,f-r-t,3,0.039,1,0.37,2,0.141,0,0,0,0
fsH,fsuH,ف س ح,f-s-ḥ,3,0.039,0,0,0,0,0,0,3,0.1
ftl,ftl,ف ت ل,f-t-l,3,0.039,0,0,0,0,1,0.033,2,0.067
ftr,ftr,ف ت ر,f-t-r,3,0.039,0,0,0,0,2,0.065,1,0.033
fzz,fzz,ف ز ز,f-z-z,3,0.039,0,0,0,0,3,0.098,0,0
HDD,uHuDuD,ح ض ض,ḥ-ḍ-ḍ,3,0.039,2,0.74,0,0,1,0.033,0,0
Hdq,uHdq,ح د ق,ḥ-d-q,3,0.039,1,0.37,1,0.071,1,0.033,0,0
Hfw,uHfw,ح ف و,ḥ-f-w,3,0.039,0,0,2,0.141,0,0,1,0.033
Hlq,uHlq,ح ل ق,ḥ-l-q,3,0.039,0,0,1,0.071,0,0,2,0.067
hmz,hmz,ه م ز,h-m-z,3,0.039,2,0.74,0,0,1,0.033,0,0
HrD,uHruD,ح ر ض,ḥ-r-ḍ,3,0.039,0,0,0,0,1,0.033,2,0.067
hTE,huTuE,ه ط ع,h-ṭ-ʿ,3,0.039,0,0,1,0.071,2,0.065,0,0
Hwj,uHwj,ح و ج,ḥ-w-j,3,0.039,0,0,0,0,2,0.065,1,0.033
hzm,hzm,ه ز م,h-z-m,3,0.039,0,0,2,0.141,0,0,1,0.033
j*E,jdhuE,ج ذ ع,j-dh-ʿ,3,0.039,0,0,3,0.212,0,0,0,0
jAr,juAr,ج ا ر,j-a-r,3,0.039,0,0,0,0,3,0.098,0,0
jdv,jdv,ج د ث,j-d-th,3,0.039,0,0,2,0.141,1,0.033,0,0
jvw,jvw,ج ث و,j-th-w,3,0.039,0,0,2,0.141,1,0.033,0,0
jyb,jyb,ج ي ب,j-y-b,3,0.039,0,0,2,0.141,0,0,1,0.033
jzA,jzuA,ج ز ا,j-z-a,3,0.039,0,0,0,0,2,0.065,1,0.033
kbt,kbt,ك ب ت,k-b-t,3,0.039,0,0,0,0,0,0,3,0.1
kwr,kwr,ك و ر,k-w-r,3,0.039,1,0.37,0,0,2,0.065,0,0
l**,ldhdh,ل ذ ذ,l-dh-dh,3,0.039,0,0,0,0,2,0.065,1,0.033
lff,lff,ل ف ف,l-f-f,3,0.039,1,0.37,0,0,2,0.065,0,0
lft,lft,ل ف ت,l-f-t,3,0.039,0,0,0,0,3,0.098,0,0
lfw,lfw,ل ف و,l-f-w,3,0.039,0,0,0,0,2,0.065,1,0.033
lhb,lhb,ل ه ب,l-h-b,3,0.039,3,1.109,0,0,0,0,0,0
ljA,ljuA,ل ج ا,l-j-a,3,0.039,0,0,0,0,1,0.033,2,0.067
lqf,lqf,ل ق ف,l-q-f,3,0.039,0,0,3,0.212,0,0,0,0
mDg,muDg,م ض غ,m-ḍ-gh,3,0.039,0,0,0,0,2,0.065,1,0.033
mHw,muHw,م ح و,m-ḥ-w,3,0.039,0,0,0,0,2,0.065,1,0.033
mrH,mruH,م ر ح,m-r-ḥ,3,0.039,0,0,0,0,3,0.098,0,0
mtn,mtn,م ت ن,m-t-n,3,0.039,1,0.37,1,0.071,1,0.033,0,0
mwr,mwr,م و ر,m-w-r,3,0.039,0,0,0,0,3,0.098,0,0
mzj,mzj,م ز ج,m-z-j,3,0.039,0,0,0,0,1,0.033,2,0.067
nAy,nuAy,ن ا ي,n-a-y,3,0.039,0,0,0,0,3,0.098,0,0
nDd,nuDd,ن ض د,n-ḍ-d,3,0.039,0,0,2,0.141,1,0.033,0,0
nDr,nuDr,ن ض ر,n-ḍ-r,3,0.039,1,0.37,0,0,1,0.033,1,0.033
nf*,nfdh,ن ف ذ,n-f-dh,3,0.039,0,0,0,0,0,0,3,0.1
nHs,nuHs,ن ح س,n-ḥ-s,3,0.039,0,0,1,0.071,1,0.033,1,0.033
nkf,nkf,ن ك ف,n-k-f,3,0.039,0,0,0,0,0,0,3,0.1
nks,nks,ن ك س,n-k-s,3,0.039,0,0,1,0.071,2,0.065,0,0
nqb,nqb,ن ق ب,n-q-b,3,0.039,0,0,1,0.071,1,0.033,1,0.033
nsb,nsb,ن س ب,n-s-b,3,0.039,0,0,1,0.071,2,0.065,0,0
nvr,nvr,ن ث ر,n-th-r,3,0.039,0,0,1,0.071,1,0.033,1,0.033
qbs,qbs,ق ب س,q-b-s,3,0.039,0,0,2,0.141,0,0,1,0.033
qrd,qrd,ق ر د,q-r-d,3,0.039,0,0,1,0.071,0,0,2,0.067
qrH,qruH,ق ر ح,q-r-ḥ,3,0.039,0,0,0,0,0,0,3,0.1
rdf,rdf,ر د ف,r-d-f,3,0.039,0,0,1,0.071,1,0.033,1,0.033
rgd,rgd,ر غ د,r-gh-d,3,0.039,0,0,0,0,1,0.033,2,0.067
rhn,rhn,ر ه ن,r-h-n,3,0.039,1,0.37,0,0,1,0.033,1,0.033
rhT,rhuT,ر ه ط,r-h-ṭ,3,0.039,0,0,1,0.071,2,0.065,0,0
rkD,rkuD,ر ك ض,r-k-ḍ,3,0.039,0,0,1,0.071,2,0.065,0,0
rkm,rkm,ر ك م,r-k-m,3,0.039,0,0,0,0,1,0.033,2,0.067
rmn,rmn,ر م ن,r-m-n,3,0.039,0,0,0,0,2,0.065,1,0.033
rqm,rqm,ر ق م,r-q-m,3,0.039,0,0,0,0,3,0.098,0,0
rwg,rwg,ر و غ,r-w-gh,3,0.039,0,0,0,0,3,0.098,0,0
sAm,suAm,س ا م,s-a-m,3,0.039,0,0,0,0,2,0.065,1,0.033
SbA,uSbuA,ص ب ا,ṣ-b-a,3,0.039,0,0,0,0,0,0,3,0.1
Sbg,uSbg,ص ب غ,ṣ-b-gh,3,0.039,0,0,0,0,1,0.033,2,0.067
Sbw,uSbw,ص ب و,ṣ-b-w,3,0.039,0,0,2,0.141,1,0.033,0,0
sjr,sjr,س ج ر,s-j-r,3,0.039,1,0.37,0,0,2,0.065,0,0
sll,sll,س ل ل,s-l-l,3,0.039,0,0,0,0,2,0.065,1,0.033
slsl,slsl,س ل س ل,s-l-s-l,3,0.039,0,0,0,0,2,0.065,1,0.033
slw,slw,س ل و,s-l-w,3,0.039,0,0,2,0.141,0,0,1,0.033
slx,slx,س ل خ,s-l-kh,3,0.039,0,0,2,0.141,0,0,1,0.033
srbl,srbl,س ر ب ل,s-r-b-l,3,0.039,0,0,0,0,3,0.098,0,0
Srm,uSrm,ص ر م,ṣ-r-m,3,0.039,3,1.109,0,0,0,0,0,0
SrSr,uSruSr,ص ر ص ر,ṣ-r-ṣ-r,3,0.039,0,0,1,0.071,2,0.065,0,0
str,str,س ت ر,s-t-r,3,0.039,0,0,0,0,3,0.098,0,0
swg,swg,س و غ,s-w-gh,3,0.039,0,0,1,0.071,2,0.065,0,0
Sxr,uSxr,ص خ ر,ṣ-kh-r,3,0.039,1,0.37,0,0,2,0.065,0,0
syH,syuH,س ي ح,s-y-ḥ,3,0.039,0,0,0,0,0,0,3,0.1
TfA,uTfuA,ط ف ا,ṭ-f-a,3,0.039,0,0,0,0,0,0,3,0.1
Tfq,uTfq,ط ف ق,ṭ-f-q,3,0.039,0,0,3,0.212,0,0,0,0
vll,vll,ث ل ل,th-l-l,3,0.039,0,0,3,0.212,0,0,0,0
wjs,wjs,و ج س,w-j-s,3,0.039,0,0,1,0.071,2,0.065,0,0
wSd,wuSd,و ص د,w-ṣ-d,3,0.039,1,0.37,1,0.071,1,0.033,0,0
wtd,wtd,و ت د,w-t-d,3,0.039,1,0.37,1,0.071,1,0.033,0,0
wtr,wtr,و ت ر,w-t-r,3,0.039,1,0.37,0,0,1,0.033,1,0.033
wvn,wvn,و ث ن,w-th-n,3,0.039,0,0,0,0,2,0.065,1,0.033
x*l,xdhl,خ ذ ل,kh-dh-l,3,0.039,0,0,1,0.071,1,0.033,1,0.033
xbt,xbt,خ ب ت,kh-b-t,3,0.039,0,0,0,0,1,0.033,2,0.067
xft,xft,خ ف ت,kh-f-t,3,0.039,1,0.37,1,0.071,1,0.033,0,0
xyT,xyuT,خ ي ط,kh-y-ṭ,3,0.039,0,0,1,0.071,0,0,2,0.067
zbd,zbd,ز ب د,z-b-d,3,0.039,0,0,0,0,0,0,3,0.1
zfr,zfr,ز ف ر,z-f-r,3,0.039,0,0,1,0.071,2,0.065,0,0
zjw,zjw,ز ج و,z-j-w,3,0.039,0,0,0,0,2,0.065,1,0.033
ZmA,uZmuA,ظ م ا,ẓ-m-a,3,0.039,0,0,1,0.071,0,0,2,0.067
zqm,zqm,ز ق م,z-q-m,3,0.039,0,0,1,0.071,2,0.065,0,0
*bb,dhbb,ذ ب ب,dh-b-b,2,0.026,0,0,0,0,0,0,2,0.067
$Eb,shuEb,ش ع ب,sh-ʿ-b,2,0.026,1,0.37,0,0,0,0,1,0.033
$fw,shfw,ش ف و,sh-f-w,2,0.026,0,0,0,0,0,0,2,0.067
$gl,shgl,ش غ ل,sh-gh-l,2,0.026,0,0,1,0.071,0,0,1,0.033
$hq,shhq,ش ه ق,sh-h-q,2,0.026,0,0,0,0,2,0.065,0,0
$kl,shkl,ش ك ل,sh-k-l,2,0.026,0,0,1,0.071,1,0.033,0,0
$TA,shuTuA,ش ط ا,sh-ṭ-a,2,0.026,0,0,1,0.071,0,0,1,0.033
$wy,shwy,ش و ي,sh-w-y,2,0.026,0,0,0,0,2,0.065,0,0
$xS,shxuS,ش خ ص,sh-kh-ṣ,2,0.026,0,0,0,0,2,0.065,0,0
$yd,shyd,ش ي د,sh-y-d,2,0.026,0,0,0,0,0,0,2,0.067
A$r,uAshr,ا ش ر,a-sh-r,2,0.026,0,0,2,0.141,0,0,0,0
All,uAll,ا ل ل,a-l-l,2,0.026,0,0,0,0,0,0,2,0.067
Aml,uAml,ا م ل,a-m-l,2,0.026,0,0,0,0,2,0.065,0,0
Amw,uAmw,ا م و,a-m-w,2,0.026,0,0,0,0,0,0,2,0.067
Arb,uArb,ا ر ب,a-r-b,2,0.026,0,0,1,0.071,0,0,1,0.033
Avv,uAvv,ا ث ث,a-th-th,2,0.026,0,0,1,0.071,1,0.033,0,0
Awh,uAwh,ا و ه,a-w-h,2,0.026,0,0,0,0,1,0.033,1,0.033
Azr,uAzr,ا ز ر,a-z-r,2,0.026,0,0,1,0.071,0,0,1,0.033
Azz,uAzz,ا ز ز,a-z-z,2,0.026,0,0,2,0.141,0,0,0,0
bdn,bdn,ب د ن,b-d-n,2,0.026,0,0,0,0,1,0.033,1,0.033
bEr,buEr,ب ع ر,b-ʿ-r,2,0.026,0,0,0,0,2,0.065,0,0
bEvr,buEvr,ب ع ث ر,b-ʿ-th-r,2,0.026,1,0.37,0,0,1,0.033,0,0
bnn,bnn,ب ن ن,b-n-n,2,0.026,1,0.37,0,0,0,0,1,0.033
brm,brm,ب ر م,b-r-m,2,0.026,0,0,0,0,2,0.065,0,0
brS,bruS,ب ر ص,b-r-ṣ,2,0.026,0,0,0,0,0,0,2,0.067
bsl,bsl,ب س ل,b-s-l,2,0.026,0,0,0,0,2,0.065,0,0
bsr,bsr,ب س ر,b-s-r,2,0.026,2,0.74,0,0,0,0,0,0
bss,bss,ب س س,b-s-s,2,0.026,0,0,2,0.141,0,0,0,0
btl,btl,ب ت ل,b-t-l,2,0.026,2,0.74,0,0,0,0,0,0
bTr,buTr,ب ط ر,b-ṭ-r,2,0.026,0,0,1,0.071,0,0,1,0.033
bxE,bxuE,ب خ ع,b-kh-ʿ,2,0.026,0,0,1,0.071,1,0.033,0,0
bzg,bzg,ب ز غ,b-z-gh,2,0.026,0,0,0,0,2,0.065,0,0
Dgn,uDgn,ض غ ن,ḍ-gh-n,2,0.026,0,0,0,0,0,0,2,0.067
dhr,dhr,د ه ر,d-h-r,2,0.026,0,0,0,0,1,0.033,1,0.033
dmE,dmuE,د م ع,d-m-ʿ,2,0.026,0,0,0,0,0,0,2,0.067
Dmm,uDmm,ض م م,ḍ-m-m,2,0.026,0,0,2,0.141,0,0,0,0
dwl,dwl,د و ل,d-w-l,2,0.026,0,0,0,0,0,0,2,0.067
dxn,dxn,د خ ن,d-kh-n,2,0.026,0,0,0,0,2,0.065,0,0
Ebv,uEbv,ع ب ث,ʿ-b-th,2,0.026,0,0,1,0.071,1,0.033,0,0
EDd,uEuDd,ع ض د,ʿ-ḍ-d,2,0.026,0,0,1,0.071,1,0.033,0,0
EDD,uEuDuD,ع ض ض,ʿ-ḍ-ḍ,2,0.026,0,0,1,0.071,0,0,1,0.033
EDl,uEuDl,ع ض ل,ʿ-ḍ-l,2,0.026,0,0,0,0,0,0,2,0.067
Ehn,uEhn,ع ه ن,ʿ-h-n,2,0.026,1,0.37,0,0,1,0.033,0,0
Ejf,uEjf,ع ج ف,ʿ-j-f,2,0.026,0,0,0,0,2,0.065,0,0
Enkb,uEnkb,ع ن ك ب,ʿ-n-k-b,2,0.026,0,0,0,0,2,0.065,0,0
Err,uErr,ع ر ر,ʿ-r-r,2,0.026,0,0,0,0,0,0,2,0.067
Etl,uEtl,ع ت ل,ʿ-t-l,2,0.026,1,0.37,0,0,1,0.033,0,0
ETl,uEuTl,ع ط ل,ʿ-ṭ-l,2,0.026,1,0.37,0,0,0,0,1,0.033
Etq,uEtq,ع ت ق,ʿ-t-q,2,0.026,0,0,0,0,0,0,2,0.067
Evr,uEvr,ع ث ر,ʿ-th-r,2,0.026,0,0,0,0,1,0.033,1,0.033
Eyl,uEyl,ع ي ل,ʿ-y-l,2,0.026,1,0.37,0,0,0,0,1,0.033
Eyy,uEyy,ع ي ي,ʿ-y-y,2,0.026,0,0,1,0.071,1,0.033,0,0
Ezb,uEzb,ع ز ب,ʿ-z-b,2,0.026,0,0,0,0,2,0.065,0,0
fkk,fkk,ف ك ك,f-k-k,2,0.026,0,0,1,0.071,0,0,1,0.033
gdr,gdr,غ د ر,gh-d-r,2,0.026,0,0,0,0,2,0.065,0,0
glf,glf,غ ل ف,gh-l-f,2,0.026,0,0,0,0,0,0,2,0.067
glw,glw,غ ل و,gh-l-w,2,0.026,0,0,0,0,0,0,2,0.067
gly,gly,غ ل ي,gh-l-y,2,0.026,0,0,0,0,2,0.065,0,0
grw,grw,غ ر و,gh-r-w,2,0.026,0,0,0,0,0,0,2,0.067
gTw,guTw,غ ط و,gh-ṭ-w,2,0.026,0,0,1,0.071,1,0.033,0,0
gvw,gvw,غ ث و,gh-th-w,2,0.026,1,0.37,0,0,1,0.033,0,0
gwS,gwuS,غ و ص,gh-w-ṣ,2,0.026,0,0,1,0.071,1,0.033,0,0
gwT,gwuT,غ و ط,gh-w-ṭ,2,0.026,0,0,0,0,0,0,2,0.067
gyD,gyuD,غ ي ض,gh-y-ḍ,2,0.026,0,0,0,0,1,0.033,1,0.033
h$m,hshm,ه ش م,h-sh-m,2,0.026,0,0,1,0.071,1,0.033,0,0
Hbs,uHbs,ح ب س,ḥ-b-s,2,0.026,0,0,0,0,1,0.033,1,0.033
hbw,hbw,ه ب و,h-b-w,2,0.026,0,0,2,0.141,0,0,0,0
hDm,huDm,ه ض م,h-ḍ-m,2,0.026,0,0,2,0.141,0,0,0,0
Hff,uHff,ح ف ف,ḥ-f-f,2,0.026,0,0,0,0,2,0.065,0,0
Hfr,uHfr,ح ف ر,ḥ-f-r,2,0.026,0,0,0,0,1,0.033,1,0.033
Hjz,uHjz,ح ج ز,ḥ-j-z,2,0.026,0,0,1,0.071,1,0.033,0,0
hmn,hmn,ه م ن,h-m-n,2,0.026,0,0,0,0,0,0,2,0.067
Hnjr,uHnjr,ح ن ج ر,ḥ-n-j-r,2,0.026,0,0,0,0,1,0.033,1,0.033
Hnv,uHnv,ح ن ث,ḥ-n-th,2,0.026,0,0,2,0.141,0,0,0,0
Hqb,uHqb,ح ق ب,ḥ-q-b,2,0.026,0,0,0,0,2,0.065,0,0
hrE,hruE,ه ر ع,h-r-ʿ,2,0.026,0,0,0,0,2,0.065,0,0
HTb,uHuTb,ح ط ب,ḥ-ṭ-b,2,0.026,1,0.37,1,0.071,0,0,0,0
HTT,uHuTuT,ح ط ط,ḥ-ṭ-ṭ,2,0.026,0,0,1,0.071,0,0,1,0.033
Hw*,uHwdh,ح و ذ,ḥ-w-dh,2,0.026,0,0,0,0,0,0,2,0.067
Hw$,uHwsh,ح و ش,ḥ-w-sh,2,0.026,0,0,0,0,2,0.065,0,0
hwr,hwr,ه و ر,h-w-r,2,0.026,0,0,0,0,0,0,2,0.067
Hwy,uHwy,ح و ي,ḥ-w-y,2,0.026,1,0.37,0,0,1,0.033,0,0
hyj,hyj,ه ي ج,h-y-j,2,0.026,0,0,0,0,1,0.033,1,0.033
hym,hym,ه ي م,h-y-m,2,0.026,0,0,2,0.141,0,0,0,0
HZr,uHuZr,ح ظ ر,ḥ-ẓ-r,2,0.026,0,0,1,0.071,1,0.033,0,0
j**,jdhdh,ج ذ ذ,j-dh-dh,2,0.026,0,0,0,0,2,0.065,0,0
jbb,jbb,ج ب ب,j-b-b,2,0.026,0,0,0,0,2,0.065,0,0
jlb,jlb,ج ل ب,j-l-b,2,0.026,0,0,0,0,1,0.033,1,0.033
jll,jll,ج ل ل,j-l-l,2,0.026,0,0,0,0,0,0,2,0.067
jnf,jnf,ج ن ف,j-n-f,2,0.026,0,0,0,0,0,0,2,0.067
jny,jny,ج ن ي,j-n-y,2,0.026,0,0,1,0.071,0,0,1,0.033
jrd,jrd,ج ر د,j-r-d,2,0.026,0,0,2,0.141,0,0,0,0
jrz,jrz,ج ر ز,j-r-z,2,0.026,0,0,0,0,2,0.065,0,0
jsm,jsm,ج س م,j-s-m,2,0.026,0,0,0,0,0,0,2,0.067
jzE,jzuE,ج ز ع,j-z-ʿ,2,0.026,0,0,0,0,2,0.065,0,0
kbb,kbb,ك ب ب,k-b-b,2,0.026,0,0,1,0.071,1,0.033,0,0
kdH,kduH,ك د ح,k-d-ḥ,2,0.026,0,0,0,0,2,0.065,0,0
khl,khl,ك ه ل,k-h-l,2,0.026,0,0,0,0,0,0,2,0.067
khn,khn,ك ه ن,k-h-n,2,0.026,0,0,0,0,2,0.065,0,0
klw,klw,ك ل و,k-l-w,2,0.026,0,0,0,0,2,0.065,0,0
kmh,kmh,ك م ه,k-m-h,2,0.026,0,0,0,0,0,0,2,0.067
kmm,kmm,ك م م,k-m-m,2,0.026,0,0,0,0,1,0.033,1,0.033
krs,krs,ك ر س,k-r-s,2,0.026,0,0,1,0.071,0,0,1,0.033
ksl,ksl,ك س ل,k-s-l,2,0.026,0,0,0,0,0,0,2,0.067
kyn,kyn,ك ي ن,k-y-n,2,0.026,0,0,0,0,1,0.033,1,0.033
lbd,lbd,ل ب د,l-b-d,2,0.026,0,0,2,0.141,0,0,0,0
lbn,lbn,ل ب ن,l-b-n,2,0.026,0,0,0,0,1,0.033,1,0.033
ldd,ldd,ل د د,l-d-d,2,0.026,0,0,1,0.071,0,0,1,0.033
lgb,lgb,ل غ ب,l-gh-b,2,0.026,0,0,2,0.141,0,0,0,0
lhv,lhv,ل ه ث,l-h-th,2,0.026,0,0,2,0.141,0,0,0,0
lmH,lmuH,ل م ح,l-m-ḥ,2,0.026,0,0,1,0.071,1,0.033,0,0
lqT,lquT,ل ق ط,l-q-ṭ,2,0.026,0,0,1,0.071,1,0.033,0,0
mHn,muHn,م ح ن,m-ḥ-n,2,0.026,0,0,0,0,0,0,2,0.067
mHq,muHq,م ح ق,m-ḥ-q,2,0.026,0,0,0,0,0,0,2,0.067
mHS,muHuS,م ح ص,m-ḥ-ṣ,2,0.026,0,0,0,0,0,0,2,0.067
mlH,mluH,م ل ح,m-l-ḥ,2,0.026,0,0,2,0.141,0,0,0,0
mlq,mlq,م ل ق,m-l-q,2,0.026,0,0,0,0,2,0.065,0,0
mxr,mxr,م خ ر,m-kh-r,2,0.026,0,0,1,0.071,1,0.033,0,0
n$T,nshuT,ن ش ط,n-sh-ṭ,2,0.026,0,0,0,0,2,0.065,0,0
nbE,nbuE,ن ب ع,n-b-ʿ,2,0.026,0,0,0,0,2,0.065,0,0
nEs,nuEs,ن ع س,n-ʿ-s,2,0.026,0,0,0,0,0,0,2,0.067
nf$,nfsh,ن ف ش,n-f-sh,2,0.026,1,0.37,0,0,1,0.033,0,0
nHl,nuHl,ن ح ل,n-ḥ-l,2,0.026,0,0,0,0,1,0.033,1,0.033
nkb,nkb,ن ك ب,n-k-b,2,0.026,0,0,0,0,2,0.065,0,0
nkS,nkuS,ن ك ص,n-k-ṣ,2,0.026,0,0,0,0,1,0.033,1,0.033
nsA,nsuA,ن س ا,n-s-a,2,0.026,0,0,0,0,1,0.033,1,0.033
nSt,nuSt,ن ص ت,n-ṣ-t,2,0.026,0,0,1,0.071,1,0.033,0,0
nzf,nzf,ن ز ف,n-z-f,2,0.026,0,0,1,0.071,1,0.033,0,0
qdw,qdw,ق د و,q-d-w,2,0.026,0,0,0,0,2,0.065,0,0
qHm,quHm,ق ح م,q-ḥ-m,2,0.026,0,0,2,0.141,0,0,0,0
qly,qly,ق ل ي,q-l-y,2,0.026,1,0.37,1,0.071,0,0,0,0
qnE,qnuE,ق ن ع,q-n-ʿ,2,0.026,0,0,0,0,1,0.033,1,0.033
qrTs,qruTs,ق ر ط س,q-r-ṭ-s,2,0.026,0,0,0,0,2,0.065,0,0
qsTs,qsuTs,ق س ط س,q-s-ṭ-s,2,0.026,0,0,1,0.071,1,0.033,0,0
qTf,quTf,ق ط ف,q-ṭ-f,2,0.026,0,0,0,0,1,0.033,1,0.033
qwE,qwuE,ق و ع,q-w-ʿ,2,0.026,0,0,1,0.071,0,0,1,0.033
qwt,qwt,ق و ت,q-w-t,2,0.026,0,0,0,0,1,0.033,1,0.033
qyD,qyuD,ق ي ض,q-y-ḍ,2,0.026,0,0,0,0,2,0.065,0,0
qyl,qyl,ق ي ل,q-y-l,2,0.026,0,0,2,0.141,0,0,0,0
rEd,ruEd,ر ع د,r-ʿ-d,2,0.026,0,0,0,0,0,0,2,0.067
rfd,rfd,ر ف د,r-f-d,2,0.026,0,0,0,0,2,0.065,0,0
rft,rft,ر ف ت,r-f-t,2,0.026,0,0,0,0,2,0.065,0,0
rfv,rfv,ر ف ث,r-f-th,2,0.026,0,0,0,0,0,0,2,0.067
rjj,rjj,ر ج ج,r-j-j,2,0.026,0,0,2,0.141,0,0,0,0
rks,rks,ر ك س,r-k-s,2,0.026,0,0,0,0,0,0,2,0.067
rmm,rmm,ر م م,r-m-m,2,0.026,0,0,1,0.071,1,0.033,0,0
rqd,rqd,ر ق د,r-q-d,2,0.026,0,0,1,0.071,1,0.033,0,0
rss,rss,ر س س,r-s-s,2,0.026,0,0,2,0.141,0,0,0,0
rsx,rsx,ر س خ,r-s-kh,2,0.026,0,0,0,0,0,0,2,0.067
rTb,ruTb,ر ط ب,r-ṭ-b,2,0.026,0,0,1,0.071,1,0.033,0,0
rwD,rwuD,ر و ض,r-w-ḍ,2,0.026,0,0,0,0,2,0.065,0,0
SbE,uSbuE,ص ب ع,ṣ-b-ʿ,2,0.026,0,0,0,0,1,0.033,1,0.033
sbg,sbg,س ب غ,s-b-gh,2,0.026,0,0,0,0,2,0.065,0,0
Sdy,uSdy,ص د ي,ṣ-d-y,2,0.026,1,0.37,0,0,0,0,1,0.033
sEd,suEd,س ع د,s-ʿ-d,2,0.026,0,0,0,0,2,0.065,0,0
Sfd,uSfd,ص ف د,ṣ-f-d,2,0.026,0,0,1,0.071,1,0.033,0,0
sfk,sfk,س ف ك,s-f-k,2,0.026,0,0,0,0,0,0,2,0.067
Sgw,uSgw,ص غ و,ṣ-gh-w,2,0.026,0,0,0,0,1,0.033,1,0.033
sHq,suHq,س ح ق,s-ḥ-q,2,0.026,0,0,0,0,1,0.033,1,0.033
Shr,uShr,ص ه ر,ṣ-h-r,2,0.026,0,0,1,0.071,0,0,1,0.033
shw,shw,س ه و,s-h-w,2,0.026,1,0.37,0,0,1,0.033,0,0
Snw,uSnw,ص ن و,ṣ-n-w,2,0.026,0,0,0,0,0,0,2,0.067
sqm,sqm,س ق م,s-q-m,2,0.026,0,0,0,0,2,0.065,0,0
srmd,srmd,س ر م د,s-r-m-d,2,0.026,0,0,2,0.141,0,0,0,0
TEn,uTuEn,ط ع ن,ṭ-ʿ-n,2,0.026,0,0,0,0,0,0,2,0.067
Tmv,uTmv,ط م ث,ṭ-m-th,2,0.026,0,0,0,0,0,0,2,0.067
Trw,uTrw,ط ر و,ṭ-r-w,2,0.026,0,0,1,0.071,1,0.033,0,0
twr,twr,ت و ر,t-w-r,2,0.026,0,0,1,0.071,1,0.033,0,0
vEb,vuEb,ث ع ب,th-ʿ-b,2,0.026,0,0,2,0.141,0,0,0,0
vqb,vqb,ث ق ب,th-q-b,2,0.026,0,0,1,0.071,1,0.033,0,0
vxn,vxn,ث خ ن,th-kh-n,2,0.026,0,0,0,0,0,0,2,0.067
wbq,wbq,و ب ق,w-b-q,2,0.026,0,0,0,0,2,0.065,0,0
wdq,wdq,و د ق,w-d-q,2,0.026,0,0,0,0,1,0.033,1,0.033
wjf,wjf,و ج ف,w-j-f,2,0.026,0,0,0,0,1,0.033,1,0.033
wSb,wuSb,و ص ب,w-ṣ-b,2,0.026,0,0,0,0,2,0.065,0,0
wsl,wsl,و س ل,w-s-l,2,0.026,0,0,0,0,1,0.033,1,0.033
wsm,wsm,و س م,w-s-m,2,0.026,1,0.37,0,0,1,0.033,0,0
wsq,wsq,و س ق,w-s-q,2,0.026,0,0,0,0,2,0.065,0,0
wTr,wuTr,و ط ر,w-ṭ-r,2,0.026,0,0,0,0,0,0,2,0.067
xbl,xbl,خ ب ل,kh-b-l,2,0.026,0,0,0,0,0,0,2,0.067
xdd,xdd,خ د د,kh-d-d,2,0.026,1,0.37,0,0,1,0.033,0,0
xDE,xuDuE,خ ض ع,kh-ḍ-ʿ,2,0.026,0,0,1,0.071,0,0,1,0.033
xdn,xdn,خ د ن,kh-d-n,2,0.026,0,0,0,0,0,0,2,0.067
xmd,xmd,خ م د,kh-m-d,2,0.026,0,0,1,0.071,1,0.033,0,0
xmS,xmuS,خ م ص,kh-m-ṣ,2,0.026,0,0,0,0,0,0,2,0.067
xns,xns,خ ن س,kh-n-s,2,0.026,2,0.74,0,0,0,0,0,0
xrb,xrb,خ ر ب,kh-r-b,2,0.026,0,0,0,0,0,0,2,0.067
xrdl,xrdl,خ ر د ل,kh-r-d-l,2,0.026,0,0,0,0,2,0.065,0,0
xSf,xuSf,خ ص ف,kh-ṣ-f,2,0.026,0,0,2,0.141,0,0,0,0
xwr,xwr,خ و ر,kh-w-r,2,0.026,0,0,2,0.141,0,0,0,0
Zfr,uZfr,ظ ف ر,ẓ-f-r,2,0.026,0,0,0,0,1,0.033,1,0.033
zHzH,zuHzuH,ز ح ز ح,z-ḥ-z-ḥ,2,0.026,0,0,0,0,0,0,2,0.067
zjj,zjj,ز ج ج,z-j-j,2,0.026,0,0,0,0,0,0,2,0.067
zlm,zlm,ز ل م,z-l-m,2,0.026,0,0,0,0,0,0,2,0.067
zlq,zlq,ز ل ق,z-l-q,2,0.026,1,0.37,0,0,1,0.033,0,0
zmr,zmr,ز م ر,z-m-r,2,0.026,0,0,0,0,2,0.065,0,0
zwd,zwd,ز و د,z-w-d,2,0.026,0,0,0,0,0,0,2,0.067
*Am,dhuAm,ذ ا م,dh-a-m,1,0.013,0,0,1,0.071,0,0,0,0
*b*b,dhbdhb,ذ ب ذ ب,dh-b-dh-b,1,0.013,0,0,0,0,0,0,1,0.033
*En,dhuEn,ذ ع ن,dh-ʿ-n,1,0.013,0,0,0,0,0,0,1,0.033
*hl,dhhl,ذ ه ل,dh-h-l,1,0.013,0,0,0,0,0,0,1,0.033
*kw,dhkw,ذ ك و,dh-k-w,1,0.013,0,0,0,0,0,0,1,0.033
*wd,dhwd,ذ و د,dh-w-d,1,0.013,0,0,1,0.071,0,0,0,0
*xr,dhxr,ذ خ ر,dh-kh-r,1,0.013,0,0,0,0,0,0,1,0.033
*yE,dhyuE,ذ ي ع,dh-y-ʿ,1,0.013,0,0,0,0,0,0,1,0.033
$El,shuEl,ش ع ل,sh-ʿ-l,1,0.013,0,0,1,0.071,0,0,0,0
$fh,shfh,ش ف ه,sh-f-h,1,0.013,0,0,1,0.071,0,0,0,0
$gf,shgf,ش غ ف,sh-gh-f,1,0.013,0,0,0,0,1,0.033,0,0
$Hm,shuHm,ش ح م,sh-ḥ-m,1,0.013,0,0,0,0,1,0.033,0,0
$ks,shks,ش ك س,sh-k-s,1,0.013,0,0,0,0,1,0.033,0,0
$mt,shmt,ش م ت,sh-m-t,1,0.013,0,0,1,0.071,0,0,0,0
$mx,shmx,ش م خ,sh-m-kh,1,0.013,1,0.37,0,0,0,0,0,0
$mz,shmz,ش م ز,sh-m-z,1,0.013,0,0,0,0,1,0.033,0,0
$r*m,shrdhm,ش ر ذ م,sh-r-dh-m,1,0.013,0,0,1,0.071,0,0,0,0
$rd,shrd,ش ر د,sh-r-d,1,0.013,0,0,0,0,0,0,1,0.033
$rT,shruT,ش ر ط,sh-r-ṭ,1,0.013,0,0,0,0,0,0,1,0.033
$tw,shtw,ش ت و,sh-t-w,1,0.013,1,0.37,0,0,0,0,0,0
$wb,shwb,ش و ب,sh-w-b,1,0.013,0,0,0,0,1,0.033,0,0
$wk,shwk,ش و ك,sh-w-k,1,0.013,0,0,0,0,0,0,1,0.033
$wZ,shwuZ,ش و ظ,sh-w-ẓ,1,0.013,0,0,0,0,0,0,1,0.033
Abb,uAbb,ا ب ب,a-b-b,1,0.013,1,0.37,0,0,0,0,0,0
Abq,uAbq,ا ب ق,a-b-q,1,0.013,0,0,0,0,1,0.033,0,0
Add,uAdd,ا د د,a-d-d,1,0.013,0,0,1,0.071,0,0,0,0
Alt,uAlt,ا ل ت,a-l-t,1,0.013,0,0,0,0,1,0.033,0,0
Amt,uAmt,ا م ت,a-m-t,1,0.013,0,0,1,0.071,0,0,0,0
Anm,uAnm,ا ن م,a-n-m,1,0.013,0,0,0,0,0,0,1,0.033
Asn,uAsn,ا س ن,a-s-n,1,0.013,0,0,0,0,0,0,1,0.033
Avl,uAvl,ا ث ل,a-th-l,1,0.013,0,0,0,0,1,0.033,0,0
Awd,uAwd,ا و د,a-w-d,1,0.013,0,0,0,0,0,0,1,0.033
Aym,uAym,ا ي م,a-y-m,1,0.013,0,0,0,0,0,0,1,0.033
bAr,buAr,ب ا ر,b-a-r,1,0.013,0,0,0,0,0,0,1,0.033
bdr,bdr,ب د ر,b-d-r,1,0.013,0,0,0,0,0,0,1,0.033
bgl,bgl,ب غ ل,b-gh-l,1,0.013,0,0,0,0,1,0.033,0,0
bhl,bhl,ب ه ل,b-h-l,1,0.013,0,0,0,0,0,0,1,0.033
bHv,buHv,ب ح ث,b-ḥ-th,1,0.013,0,0,0,0,0,0,1,0.033
bjs,bjs,ب ج س,b-j-s,1,0.013,0,0,1,0.071,0,0,0,0
blE,bluE,ب ل ع,b-l-ʿ,1,0.013,0,0,0,0,1,0.033,0,0
bqE,bquE,ب ق ع,b-q-ʿ,1,0.013,0,0,1,0.071,0,0,0,0
bql,bql,ب ق ل,b-q-l,1,0.013,0,0,0,0,0,0,1,0.033
bSl,buSl,ب ص ل,b-ṣ-l,1,0.013,0,0,0,0,0,0,1,0.033
bsm,bsm,ب س م,b-s-m,1,0.013,0,0,1,0.071,0,0,0,0
bsq,bsq,ب س ق,b-s-q,1,0.013,0,0,1,0.071,0,0,0,0
bTA,buTuA,ب ط ا,b-ṭ-a,1,0.013,0,0,0,0,0,0,1,0.033
btk,btk,ب ت ك,b-t-k,1,0.013,0,0,0,0,0,0,1,0.033
btr,btr,ب ت ر,b-t-r,1,0.013,1,0.37,0,0,0,0,0,0
byd,byd,ب ي د,b-y-d,1,0.013,0,0,0,0,1,0.033,0,0
DAn,uDuAn,ض ا ن,ḍ-a-n,1,0.013,0,0,0,0,1,0.033,0,0
DbH,uDbuH,ض ب ح,ḍ-b-ḥ,1,0.013,1,0.37,0,0,0,0,0,0
Ddd,uDdd,ض د د,ḍ-d-d,1,0.013,0,0,1,0.071,0,0,0,0
dfA,dfuA,د ف ا,d-f-a,1,0.013,0,0,0,0,1,0.033,0,0
DfdE,uDfduE,ض ف د ع,ḍ-f-d-ʿ,1,0.013,0,0,1,0.071,0,0,0,0
dfq,dfq,د ف ق,d-f-q,1,0.013,0,0,1,0.071,0,0,0,0
DhA,uDhuA,ض ه ا,ḍ-h-a,1,0.013,0,0,0,0,0,0,1,0.033
dhm,dhm,د ه م,d-h-m,1,0.013,0,0,0,0,0,0,1,0.033
dhq,dhq,د ه ق,d-h-q,1,0.013,0,0,0,0,1,0.033,0,0
dHw,duHw,د ح و,d-ḥ-w,1,0.013,0,0,0,0,1,0.033,0,0
dhy,dhy,د ه ي,d-h-y,1,0.013,0,0,1,0.071,0,0,0,0
dlk,dlk,د ل ك,d-l-k,1,0.013,0,0,0,0,1,0.033,0,0
dmdm,dmdm,د م د م,d-m-d-m,1,0.013,1,0.37,0,0,0,0,0,0
dmg,dmg,د م غ,d-m-gh,1,0.013,0,0,0,0,1,0.033,0,0
Dmr,uDmr,ض م ر,ḍ-m-r,1,0.013,0,0,0,0,0,0,1,0.033
Dnk,uDnk,ض ن ك,ḍ-n-k,1,0.013,0,0,1,0.071,0,0,0,0
Dnn,uDnn,ض ن ن,ḍ-n-n,1,0.013,1,0.37,0,0,0,0,0,0
dnr,dnr,د ن ر,d-n-r,1,0.013,0,0,0,0,0,0,1,0.033
drhm,drhm,د ر ه م,d-r-h-m,1,0.013,0,0,0,0,1,0.033,0,0
dsr,dsr,د س ر,d-s-r,1,0.013,0,0,1,0.071,0,0,0,0
dss,dss,د س س,d-s-s,1,0.013,0,0,0,0,1,0.033,0,0
dsw,dsw,د س و,d-s-w,1,0.013,1,0.37,0,0,0,0,0,0
dvr,dvr,د ث ر,d-th-r,1,0.013,1,0.37,0,0,0,0,0,0
Dyr,uDyr,ض ي ر,ḍ-y-r,1,0.013,0,0,1,0.071,0,0,0,0
Dyz,uDyz,ض ي ز,ḍ-y-z,1,0.013,1,0.37,0,0,0,0,0,0
EbA,uEbuA,ع ب ا,ʿ-b-a,1,0.013,0,0,1,0.071,0,0,0,0
Ebqr,uEbqr,ع ب ق ر,ʿ-b-q-r,1,0.013,0,0,0,0,0,0,1,0.033
Eds,uEds,ع د س,ʿ-d-s,1,0.013,0,0,0,0,0,0,1,0.033
EDw,uEuDw,ع ض و,ʿ-ḍ-w,1,0.013,0,0,0,0,1,0.033,0,0
Efr,uEfr,ع ف ر,ʿ-f-r,1,0.013,0,0,1,0.071,0,0,0,0
Emq,uEmq,ع م ق,ʿ-m-q,1,0.013,0,0,0,0,0,0,1,0.033
Enw,uEnw,ع ن و,ʿ-n-w,1,0.013,0,0,1,0.071,0,0,0,0
Erjn,uErjn,ع ر ج ن,ʿ-r-j-n,1,0.013,0,0,1,0.071,0,0,0,0
Erm,uErm,ع ر م,ʿ-r-m,1,0.013,0,0,0,0,1,0.033,0,0
EsEs,uEsuEs,ع س ع س,ʿ-s-ʿ-s,1,0.013,1,0.37,0,0,0,0,0,0
Esl,uEsl,ع س ل,ʿ-s-l,1,0.013,0,0,0,0,0,0,1,0.033
ETf,uEuTf,ع ط ف,ʿ-ṭ-f,1,0.013,0,0,0,0,0,0,1,0.033
Ewl,uEwl,ع و ل,ʿ-w-l,1,0.013,0,0,0,0,0,0,1,0.033
Ewq,uEwq,ع و ق,ʿ-w-q,1,0.013,0,0,0,0,0,0,1,0.033
Eyb,uEyb,ع ي ب,ʿ-y-b,1,0.013,0,0,0,0,1,0.033,0,0
Ezw,uEzw,ع ز و,ʿ-z-w,1,0.013,0,0,0,0,1,0.033,0,0
fDH,fuDuH,ف ض ح,f-ḍ-ḥ,1,0.013,0,0,0,0,1,0.033,0,0
fDw,fuDw,ف ض و,f-ḍ-w,1,0.013,0,0,0,0,0,0,1,0.033
fhm,fhm,ف ه م,f-h-m,1,0.013,0,0,0,0,1,0.033,0,0
fjw,fjw,ف ج و,f-j-w,1,0.013,0,0,0,0,1,0.033,0,0
fln,fln,ف ل ن,f-l-n,1,0.013,0,0,1,0.071,0,0,0,0
fnd,fnd,ف ن د,f-n-d,1,0.013,0,0,0,0,1,0.033,0,0
fnn,fnn,ف ن ن,f-n-n,1,0.013,0,0,0,0,0,0,1,0.033
fny,fny,ف ن ي,f-n-y,1,0.013,0,0,0,0,0,0,1,0.033
fqE,fquE,ف ق ع,f-q-ʿ,1,0.013,0,0,0,0,0,0,1,0.033
frE,fruE,ف ر ع,f-r-ʿ,1,0.013,0,0,0,0,1,0.033,0,0
frh,frh,ف ر ه,f-r-h,1,0.013,0,0,1,0.071,0,0,0,0
frv,frv,ف ر ث,f-r-th,1,0.013,0,0,0,0,1,0.033,0,0
fSH,fuSuH,ف ص ح,f-ṣ-ḥ,1,0.013,0,0,1,0.071,0,0,0,0
fSm,fuSm,ف ص م,f-ṣ-m,1,0.013,0,0,0,0,0,0,1,0.033
fsr,fsr,ف س ر,f-s-r,1,0.013,0,0,1,0.071,0,0,0,0
ftA,ftuA,ف ت ا,f-t-a,1,0.013,0,0,0,0,1,0.033,0,0
ftq,ftq,ف ت ق,f-t-q,1,0.013,0,0,0,0,1,0.033,0,0
fwD,fwuD,ف و ض,f-w-ḍ,1,0.013,0,0,0,0,1,0.033,0,0
fwm,fwm,ف و م,f-w-m,1,0.013,0,0,0,0,0,0,1,0.033
fyl,fyl,ف ي ل,f-y-l,1,0.013,1,0.37,0,0,0,0,0,0
fZZ,fuZuZ,ف ظ ظ,f-ẓ-ẓ,1,0.013,0,0,0,0,0,0,1,0.033
gbn,gbn,غ ب ن,gh-b-n,1,0.013,0,0,0,0,0,0,1,0.033
gdq,gdq,غ د ق,gh-d-q,1,0.013,0,0,1,0.071,0,0,0,0
glq,glq,غ ل ق,gh-l-q,1,0.013,0,0,0,0,1,0.033,0,0
gmD,gmuD,غ م ض,gh-m-ḍ,1,0.013,0,0,0,0,0,0,1,0.033
gmz,gmz,غ م ز,gh-m-z,1,0.013,0,0,0,0,1,0.033,0,0
gSb,guSb,غ ص ب,gh-ṣ-b,1,0.013,0,0,0,0,1,0.033,0,0
gSS,guSuS,غ ص ص,gh-ṣ-ṣ,1,0.013,1,0.37,0,0,0,0,0,0
gT$,guTsh,غ ط ش,gh-ṭ-sh,1,0.013,0,0,0,0,1,0.033,0,0
gwl,gwl,غ و ل,gh-w-l,1,0.013,0,0,0,0,1,0.033,0,0
gzl,gzl,غ ز ل,gh-z-l,1,0.013,0,0,0,0,1,0.033,0,0
gzw,gzw,غ ز و,gh-z-w,1,0.013,0,0,0,0,0,0,1,0.033
h$$,hshsh,ه ش ش,h-sh-sh,1,0.013,0,0,1,0.071,0,0,0,0
Hbk,uHbk,ح ب ك,ḥ-b-k,1,0.013,0,0,0,0,1,0.033,0,0
Hdb,uHdb,ح د ب,ḥ-d-b,1,0.013,0,0,0,0,1,0.033,0,0
hdd,hdd,ه د د,h-d-d,1,0.013,0,0,1,0.071,0,0,0,0
hdhd,hdhd,ه د ه د,h-d-h-d,1,0.013,0,0,1,0.071,0,0,0,0
hdm,hdm,ه د م,h-d-m,1,0.013,0,0,0,0,0,0,1,0.033
Hfd,uHfd,ح ف د,ḥ-f-d,1,0.013,0,0,0,0,1,0.033,0,0
hjd,hjd,ه ج د,h-j-d,1,0.013,0,0,0,0,1,0.033,0,0
hjE,hjuE,ه ج ع,h-j-ʿ,1,0.013,0,0,0,0,1,0.033,0,0
hlE,hluE,ه ل ع,h-l-ʿ,1,0.013,0,0,0,0,1,0.033,0,0
hmd,hmd,ه م د,h-m-d,1,0.013,0,0,0,0,0,0,1,0.033
hmr,hmr,ه م ر,h-m-r,1,0.013,0,0,1,0.071,0,0,0,0
hms,hms,ه م س,h-m-s,1,0.013,0,0,1,0.071,0,0,0,0
Hn*,uHndh,ح ن ذ,ḥ-n-dh,1,0.013,0,0,0,0,1,0.033,0,0
Hnk,uHnk,ح ن ك,ḥ-n-k,1,0.013,0,0,0,0,1,0.033,0,0
Hnn,uHnn,ح ن ن,ḥ-n-n,1,0.013,0,0,1,0.071,0,0,0,0
Hqf,uHqf,ح ق ف,ḥ-q-f,1,0.013,0,0,0,0,1,0.033,0,0
hrb,hrb,ه ر ب,h-r-b,1,0.013,0,0,1,0.071,0,0,0,0
Hrd,uHrd,ح ر د,ḥ-r-d,1,0.013,1,0.37,0,0,0,0,0,0
Hrk,uHrk,ح ر ك,ḥ-r-k,1,0.013,1,0.37,0,0,0,0,0,0
Hrs,uHrs,ح ر س,ḥ-r-s,1,0.013,0,0,1,0.071,0,0,0,0
Hry,uHry,ح ر ي,ḥ-r-y,1,0.013,0,0,1,0.071,0,0,0,0
HSHS,uHuSuHuS,ح ص ح ص,ḥ-ṣ-ḥ-ṣ,1,0.013,0,0,0,0,1,0.033,0,0
HSl,uHuSl,ح ص ل,ḥ-ṣ-l,1,0.013,1,0.37,0,0,0,0,0,0
Hsm,uHsm,ح س م,ḥ-s-m,1,0.013,0,0,0,0,1,0.033,0,0
Htm,uHtm,ح ت م,ḥ-t-m,1,0.013,0,0,1,0.071,0,0,0,0
Hvv,uHvv,ح ث ث,ḥ-th-th,1,0.013,0,0,1,0.071,0,0,0,0
Hwb,uHwb,ح و ب,ḥ-w-b,1,0.013,0,0,0,0,0,0,1,0.033
Hwz,uHwz,ح و ز,ḥ-w-z,1,0.013,0,0,0,0,0,0,1,0.033
Hyd,uHyd,ح ي د,ḥ-y-d,1,0.013,0,0,1,0.071,0,0,0,0
Hyf,uHyf,ح ي ف,ḥ-y-f,1,0.013,0,0,0,0,0,0,1,0.033
hyl,hyl,ه ي ل,h-y-l,1,0.013,1,0.37,0,0,0,0,0,0
Hyr,uHyr,ح ي ر,ḥ-y-r,1,0.013,0,0,0,0,1,0.033,0,0
hyt,hyt,ه ي ت,h-y-t,1,0.013,0,0,0,0,1,0.033,0,0
hzl,hzl,ه ز ل,h-z-l,1,0.013,0,0,1,0.071,0,0,0,0
j*w,jdhw,ج ذ و,j-dh-w,1,0.013,0,0,1,0.071,0,0,0,0
jbh,jbh,ج ب ه,j-b-h,1,0.013,0,0,0,0,0,0,1,0.033
jbn,jbn,ج ب ن,j-b-n,1,0.013,0,0,0,0,1,0.033,0,0
jbt,jbt,ج ب ت,j-b-t,1,0.013,0,0,0,0,0,0,1,0.033
jfA,jfuA,ج ف ا,j-f-a,1,0.013,0,0,0,0,0,0,1,0.033
jfn,jfn,ج ف ن,j-f-n,1,0.013,0,0,0,0,1,0.033,0,0
jfw,jfw,ج ف و,j-f-w,1,0.013,0,0,0,0,1,0.033,0,0
jls,jls,ج ل س,j-l-s,1,0.013,0,0,0,0,0,0,1,0.033
jmd,jmd,ج م د,j-m-d,1,0.013,0,0,1,0.071,0,0,0,0
jmH,jmuH,ج م ح,j-m-ḥ,1,0.013,0,0,0,0,0,0,1,0.033
jmm,jmm,ج م م,j-m-m,1,0.013,1,0.37,0,0,0,0,0,0
jrE,jruE,ج ر ع,j-r-ʿ,1,0.013,0,0,0,0,1,0.033,0,0
jrf,jrf,ج ر ف,j-r-f,1,0.013,0,0,0,0,0,0,1,0.033
jrr,jrr,ج ر ر,j-r-r,1,0.013,0,0,1,0.071,0,0,0,0
jss,jss,ج س س,j-s-s,1,0.013,0,0,0,0,0,0,1,0.033
jvv,jvv,ج ث ث,j-th-th,1,0.013,0,0,0,0,1,0.033,0,0
jwd,jwd,ج و د,j-w-d,1,0.013,0,0,1,0.071,0,0,0,0
jwf,jwf,ج و ف,j-w-f,1,0.013,0,0,0,0,0,0,1,0.033
jws,jws,ج و س,j-w-s,1,0.013,0,0,0,0,1,0.033,0,0
jww,jww,ج و و,j-w-w,1,0.013,0,0,0,0,1,0.033,0,0
jyd,jyd,ج ي د,j-y-d,1,0.013,1,0.37,0,0,0,0,0,0
k$T,kshuT,ك ش ط,k-sh-ṭ,1,0.013,1,0.37,0,0,0,0,0,0
kbd,kbd,ك ب د,k-b-d,1,0.013,0,0,1,0.071,0,0,0,0
kbkb,kbkb,ك ب ك ب,k-b-k-b,1,0.013,0,0,1,0.071,0,0,0,0
kdr,kdr,ك د ر,k-d-r,1,0.013,1,0.37,0,0,0,0,0,0
kdy,kdy,ك د ي,k-d-y,1,0.013,1,0.37,0,0,0,0,0,0
kfA,kfuA,ك ف ا,k-f-a,1,0.013,1,0.37,0,0,0,0,0,0
kft,kft,ك ف ت,k-f-t,1,0.013,1,0.37,0,0,0,0,0,0
klA,kluA,ك ل ا,k-l-a,1,0.013,0,0,0,0,1,0.033,0,0
klH,kluH,ك ل ح,k-l-ḥ,1,0.013,0,0,0,0,1,0.033,0,0
knd,knd,ك ن د,k-n-d,1,0.013,1,0.37,0,0,0,0,0,0
kns,kns,ك ن س,k-n-s,1,0.013,1,0.37,0,0,0,0,0,0
ksd,ksd,ك س د,k-s-d,1,0.013,0,0,0,0,0,0,1,0.033
kvb,kvb,ك ث ب,k-th-b,1,0.013,1,0.37,0,0,0,0,0,0
kwy,kwy,ك و ي,k-w-y,1,0.013,0,0,0,0,0,0,1,0.033
lfH,lfuH,ل ف ح,l-f-ḥ,1,0.013,0,0,0,0,1,0.033,0,0
lfZ,lfuZ,ل ف ظ,l-f-ẓ,1,0.013,0,0,1,0.071,0,0,0,0
lHf,luHf,ل ح ف,l-ḥ-f,1,0.013,0,0,0,0,0,0,1,0.033
lhm,lhm,ل ه م,l-h-m,1,0.013,1,0.37,0,0,0,0,0,0
lHn,luHn,ل ح ن,l-ḥ-n,1,0.013,0,0,0,0,0,0,1,0.033
lHy,luHy,ل ح ي,l-ḥ-y,1,0.013,0,0,1,0.071,0,0,0,0
lqb,lqb,ل ق ب,l-q-b,1,0.013,0,0,0,0,0,0,1,0.033
lqH,lquH,ل ق ح,l-q-ḥ,1,0.013,0,0,0,0,1,0.033,0,0
lqm,lqm,ل ق م,l-q-m,1,0.013,0,0,0,0,1,0.033,0,0
lw*,lwdh,ل و ذ,l-w-dh,1,0.013,0,0,0,0,0,0,1,0.033
lwt,lwt,ل و ت,l-w-t,1,0.013,0,0,1,0.071,0,0,0,0
lyt,lyt,ل ي ت,l-y-t,1,0.013,0,0,0,0,0,0,1,0.033
lzb,lzb,ل ز ب,l-z-b,1,0.013,0,0,0,0,1,0.033,0,0
lZy,luZy,ل ظ ي,l-ẓ-y,1,0.013,1,0.37,0,0,0,0,0,0
m$j,mshj,م ش ج,m-sh-j,1,0.013,0,0,0,0,0,0,1,0.033
mEn,muEn,م ع ن,m-ʿ-n,1,0.013,1,0.37,0,0,0,0,0,0
mEy,muEy,م ع ي,m-ʿ-y,1,0.013,0,0,0,0,0,0,1,0.033
mEz,muEz,م ع ز,m-ʿ-z,1,0.013,0,0,0,0,1,0.033,0,0
mHl,muHl,م ح ل,m-ḥ-l,1,0.013,0,0,0,0,0,0,1,0.033
mjs,mjs,م ج س,m-j-s,1,0.013,0,0,0,0,0,0,1,0.033
mkw,mkw,م ك و,m-k-w,1,0.013,0,0,0,0,0,0,1,0.033
msd,msd,م س د,m-s-d,1,0.013,1,0.37,0,0,0,0,0,0
msw,msw,م س و,m-s-w,1,0.013,0,0,0,0,1,0.033,0,0
msx,msx,م س خ,m-s-kh,1,0.013,0,0,1,0.071,0,0,0,0
mTw,muTw,م ط و,m-ṭ-w,1,0.013,1,0.37,0,0,0,0,0,0
mxD,mxuD,م خ ض,m-kh-ḍ,1,0.013,0,0,1,0.071,0,0,0,0
myr,myr,م ي ر,m-y-r,1,0.013,0,0,0,0,1,0.033,0,0
mzn,mzn,م ز ن,m-z-n,1,0.013,0,0,1,0.071,0,0,0,0
nbT,nbuT,ن ب ط,n-b-ṭ,1,0.013,0,0,0,0,0,0,1,0.033
nbz,nbz,ن ب ز,n-b-z,1,0.013,0,0,0,0,0,0,1,0.033
nDj,nuDj,ن ض ج,n-ḍ-j,1,0.013,0,0,0,0,0,0,1,0.033
nDx,nuDx,ن ض خ,n-ḍ-kh,1,0.013,0,0,0,0,0,0,1,0.033
nEl,nuEl,ن ع ل,n-ʿ-l,1,0.013,0,0,1,0.071,0,0,0,0
nEq,nuEq,ن ع ق,n-ʿ-q,1,0.013,0,0,0,0,0,0,1,0.033
nfH,nfuH,ن ف ح,n-f-ḥ,1,0.013,0,0,0,0,1,0.033,0,0
nfv,nfv,ن ف ث,n-f-th,1,0.013,1,0.37,0,0,0,0,0,0
nfy,nfy,ن ف ي,n-f-y,1,0.013,0,0,0,0,0,0,1,0.033
ngD,nguD,ن غ ض,n-gh-ḍ,1,0.013,0,0,0,0,1,0.033,0,0
nHb,nuHb,ن ح ب,n-ḥ-b,1,0.013,0,0,0,0,0,0,1,0.033
nhj,nhj,ن ه ج,n-h-j,1,0.013,0,0,0,0,0,0,1,0.033
nHr,nuHr,ن ح ر,n-ḥ-r,1,0.013,1,0.37,0,0,0,0,0,0
njd,njd,ن ج د,n-j-d,1,0.013,0,0,1,0.071,0,0,0,0
njs,njs,ن ج س,n-j-s,1,0.013,0,0,0,0,0,0,1,0.033
nkd,nkd,ن ك د,n-k-d,1,0.013,0,0,1,0.071,0,0,0,0
nmm,nmm,ن م م,n-m-m,1,0.013,1,0.37,0,0,0,0,0,0
nqE,nquE,ن ق ع,n-q-ʿ,1,0.013,1,0.37,0,0,0,0,0,0
nsr,nsr,ن س ر,n-s-r,1,0.013,0,0,0,0,1,0.033,0,0
nTH,nuTuH,ن ط ح,n-ṭ-ḥ,1,0.013,0,0,0,0,0,0,1,0.033
ntq,ntq,ن ت ق,n-t-q,1,0.013,0,0,1,0.071,0,0,0,0
nw$,nwsh,ن و ش,n-w-sh,1,0.013,0,0,0,0,1,0.033,0,0
nwA,nwuA,ن و ا,n-w-a,1,0.013,0,0,1,0.071,0,0,0,0
nwn,nwn,ن و ن,n-w-n,1,0.013,0,0,0,0,1,0.033,0,0
nwS,nwuS,ن و ص,n-w-ṣ,1,0.013,0,0,1,0.071,0,0,0,0
nwy,nwy,ن و ي,n-w-y,1,0.013,0,0,0,0,1,0.033,0,0
nxr,nxr,ن خ ر,n-kh-r,1,0.013,0,0,0,0,1,0.033,0,0
q$Er,qshuEr,ق ش ع ر,q-sh-ʿ-r,1,0.013,0,0,0,0,1,0.033,0,0
qbH,qbuH,ق ب ح,q-b-ḥ,1,0.013,0,0,1,0.071,0,0,0,0
qDb,quDb,ق ض ب,q-ḍ-b,1,0.013,1,0.37,0,0,0,0,0,0
qDD,quDuD,ق ض ض,q-ḍ-ḍ,1,0.013,0,0,0,0,1,0.033,0,0
qdH,qduH,ق د ح,q-d-ḥ,1,0.013,1,0.37,0,0,0,0,0,0
qEr,quEr,ق ع ر,q-ʿ-r,1,0.013,0,0,1,0.071,0,0,0,0
qfl,qfl,ق ف ل,q-f-l,1,0.013,0,0,0,0,0,0,1,0.033
qlE,qluE,ق ل ع,q-l-ʿ,1,0.013,0,0,0,0,1,0.033,0,0
qmE,qmuE,ق م ع,q-m-ʿ,1,0.013,0,0,0,0,0,0,1,0.033
qmH,qmuH,ق م ح,q-m-ḥ,1,0.013,0,0,1,0.071,0,0,0,0
qml,qml,ق م ل,q-m-l,1,0.013,0,0,1,0.071,0,0,0,0
qmTr,qmuTr,ق م ط ر,q-m-ṭ-r,1,0.013,0,0,0,0,0,0,1,0.033
qnw,qnw,ق ن و,q-n-w,1,0.013,0,0,0,0,1,0.033,0,0
qny,qny,ق ن ي,q-n-y,1,0.013,1,0.37,0,0,0,0,0,0
qSf,quSf,ق ص ف,q-ṣ-f,1,0.013,0,0,0,0,1,0.033,0,0
qSm,quSm,ق ص م,q-ṣ-m,1,0.013,0,0,0,0,1,0.033,0,0
qsr,qsr,ق س ر,q-s-r,1,0.013,1,0.37,0,0,0,0,0,0
qss,qss,ق س س,q-s-s,1,0.013,0,0,0,0,0,0,1,0.033
qTmr,quTmr,ق ط م ر,q-ṭ-m-r,1,0.013,0,0,1,0.071,0,0,0,0
qTT,quTuT,ق ط ط,q-ṭ-ṭ,1,0.013,0,0,1,0.071,0,0,0,0
qvA,qvuA,ق ث ا,q-th-a,1,0.013,0,0,0,0,0,0,1,0.033
qwb,qwb,ق و ب,q-w-b,1,0.013,1,0.37,0,0,0,0,0,0
qws,qws,ق و س,q-w-s,1,0.013,1,0.37,0,0,0,0,0,0
rbH,rbuH,ر ب ح,r-b-ḥ,1,0.013,0,0,0,0,0,0,1,0.033
rdA,rduA,ر د ا,r-d-a,1,0.013,0,0,1,0.071,0,0,0,0
rdm,rdm,ر د م,r-d-m,1,0.013,0,0,0,0,1,0.033,0,0
rfrf,rfrf,ر ف ر ف,r-f-r-f,1,0.013,0,0,0,0,0,0,1,0.033
rgm,rgm,ر غ م,r-gh-m,1,0.013,0,0,0,0,0,0,1,0.033
rHq,ruHq,ر ح ق,r-ḥ-q,1,0.013,0,0,0,0,1,0.033,0,0
rhw,rhw,ر ه و,r-h-w,1,0.013,0,0,0,0,1,0.033,0,0
rkd,rkd,ر ك د,r-k-d,1,0.013,0,0,0,0,1,0.033,0,0
rkz,rkz,ر ك ز,r-k-z,1,0.013,0,0,1,0.071,0,0,0,0
rmd,rmd,ر م د,r-m-d,1,0.013,0,0,0,0,1,0.033,0,0
rmH,rmuH,ر م ح,r-m-ḥ,1,0.013,0,0,0,0,0,0,1,0.033
rmz,rmz,ر م ز,r-m-z,1,0.013,0,0,0,0,0,0,1,0.033
rqq,rqq,ر ق ق,r-q-q,1,0.013,0,0,0,0,1,0.033,0,0
rSS,ruSuS,ر ص ص,r-ṣ-ṣ,1,0.013,0,0,0,0,0,0,1,0.033
rtE,rtuE,ر ت ع,r-t-ʿ,1,0.013,0,0,0,0,1,0.033,0,0
rtq,rtq,ر ت ق,r-t-q,1,0.013,0,0,0,0,1,0.033,0,0
rwE,rwuE,ر و ع,r-w-ʿ,1,0.013,0,0,0,0,1,0.033,0,0
rxw,rxw,ر خ و,r-kh-w,1,0.013,0,0,1,0.071,0,0,0,0
ry$,rysh,ر ي ش,r-y-sh,1,0.013,0,0,1,0.071,0,0,0,0
ryE,ryuE,ر ي ع,r-y-ʿ,1,0.013,0,0,1,0.071,0,0,0,0
ryn,ryn,ر ي ن,r-y-n,1,0.013,0,0,0,0,1,0.033,0,0
sdy,sdy,س د ي,s-d-y,1,0.013,1,0.37,0,0,0,0,0,0
SEr,uSuEr,ص ع ر,ṣ-ʿ-r,1,0.013,0,0,0,0,1,0.033,0,0
sfE,sfuE,س ف ع,s-f-ʿ,1,0.013,1,0.37,0,0,0,0,0,0
Sfn,uSfn,ص ف ن,ṣ-f-n,1,0.013,0,0,1,0.071,0,0,0,0
SfSf,uSfuSf,ص ف ص ف,ṣ-f-ṣ-f,1,0.013,0,0,1,0.071,0,0,0,0
sgb,sgb,س غ ب,s-gh-b,1,0.013,0,0,1,0.071,0,0,0,0
shl,shl,س ه ل,s-h-l,1,0.013,0,0,1,0.071,0,0,0,0
sHl,suHl,س ح ل,s-ḥ-l,1,0.013,0,0,1,0.071,0,0,0,0
shm,shm,س ه م,s-h-m,1,0.013,0,0,0,0,1,0.033,0,0
shr,shr,س ه ر,s-h-r,1,0.013,0,0,0,0,1,0.033,0,0
sjw,sjw,س ج و,s-j-w,1,0.013,1,0.37,0,0,0,0,0,0
skb,skb,س ك ب,s-k-b,1,0.013,0,0,1,0.071,0,0,0,0
Skk,uSkk,ص ك ك,ṣ-k-k,1,0.013,0,0,0,0,1,0.033,0,0
skt,skt,س ك ت,s-k-t,1,0.013,0,0,1,0.071,0,0,0,0
slb,slb,س ل ب,s-l-b,1,0.013,0,0,0,0,0,0,1,0.033
Sld,uSld,ص ل د,ṣ-l-d,1,0.013,0,0,0,0,0,0,1,0.033
slq,slq,س ل ق,s-l-q,1,0.013,0,0,0,0,0,0,1,0.033
smd,smd,س م د,s-m-d,1,0.013,1,0.37,0,0,0,0,0,0
Smd,uSmd,ص م د,ṣ-m-d,1,0.013,1,0.37,0,0,0,0,0,0
SmE,uSmuE,ص م ع,ṣ-m-ʿ,1,0.013,0,0,0,0,0,0,1,0.033
smk,smk,س م ك,s-m-k,1,0.013,0,0,0,0,1,0.033,0,0
Smt,uSmt,ص م ت,ṣ-m-t,1,0.013,0,0,1,0.071,0,0,0,0
snd,snd,س ن د,s-n-d,1,0.013,0,0,0,0,0,0,1,0.033
snh,snh,س ن ه,s-n-h,1,0.013,0,0,0,0,0,0,1,0.033
snm,snm,س ن م,s-n-m,1,0.013,0,0,0,0,1,0.033,0,0
srd,srd,س ر د,s-r-d,1,0.013,0,0,0,0,1,0.033,0,0
srdq,srdq,س ر د ق,s-r-d-q,1,0.013,0,0,0,0,1,0.033,0,0
SrE,uSruE,ص ر ع,ṣ-r-ʿ,1,0.013,0,0,0,0,1,0.033,0,0
sTH,suTuH,س ط ح,s-ṭ-ḥ,1,0.013,0,0,0,0,1,0.033,0,0
sTw,suTw,س ط و,s-ṭ-w,1,0.013,0,0,0,0,0,0,1,0.033
SwE,uSwuE,ص و ع,ṣ-w-ʿ,1,0.013,0,0,0,0,1,0.033,0,0
Swf,uSwf,ص و ف,ṣ-w-f,1,0.013,0,0,0,0,1,0.033,0,0
swH,swuH,س و ح,s-w-ḥ,1,0.013,0,0,0,0,1,0.033,0,0
swT,swuT,س و ط,s-w-ṭ,1,0.013,1,0.37,0,0,0,0,0,0
Sxx,uSxx,ص خ خ,ṣ-kh-kh,1,0.013,1,0.37,0,0,0,0,0,0
syb,syb,س ي ب,s-y-b,1,0.013,0,0,0,0,0,0,1,0.033
Syf,uSyf,ص ي ف,ṣ-y-f,1,0.013,1,0.37,0,0,0,0,0,0
SyS,uSyuS,ص ي ص,ṣ-y-ṣ,1,0.013,0,0,0,0,0,0,1,0.033
tEs,tuEs,ت ع س,t-ʿ-s,1,0.013,0,0,0,0,0,0,1,0.033
Tff,uTff,ط ف ف,ṭ-f-f,1,0.013,0,0,0,0,1,0.033,0,0
tfv,tfv,ت ف ث,t-f-th,1,0.013,0,0,0,0,0,0,1,0.033
THw,uTuHw,ط ح و,ṭ-ḥ-w,1,0.013,1,0.37,0,0,0,0,0,0
TlH,uTluH,ط ل ح,ṭ-l-ḥ,1,0.013,0,0,1,0.071,0,0,0,0
tll,tll,ت ل ل,t-l-l,1,0.013,0,0,0,0,1,0.033,0,0
Tll,uTll,ط ل ل,ṭ-l-l,1,0.013,0,0,0,0,0,0,1,0.033
Tmm,uTmm,ط م م,ṭ-m-m,1,0.013,0,0,0,0,1,0.033,0,0
tqn,tqn,ت ق ن,t-q-n,1,0.013,0,0,1,0.071,0,0,0,0
TrH,uTruH,ط ر ح,ṭ-r-ḥ,1,0.013,0,0,0,0,1,0.033,0,0
trq,trq,ت ر ق,t-r-q,1,0.013,1,0.37,0,0,0,0,0,0
Twd,uTwd,ط و د,ṭ-w-d,1,0.013,0,0,1,0.071,0,0,0,0
tyh,tyh,ت ي ه,t-y-h,1,0.013,0,0,0,0,0,0,1,0.033
tyn,tyn,ت ي ن,t-y-n,1,0.013,1,0.37,0,0,0,0,0,0
vbT,vbuT,ث ب ط,th-b-ṭ,1,0.013,0,0,0,0,0,0,1,0.033
vby,vby,ث ب ي,th-b-y,1,0.013,0,0,0,0,0,0,1,0.033
vjj,vjj,ث ج ج,th-j-j,1,0.013,0,0,0,0,1,0.033,0,0
vrb,vrb,ث ر ب,th-r-b,1,0.013,0,0,0,0,1,0.033,0,0
vry,vry,ث ر ي,th-r-y,1,0.013,0,0,1,0.071,0,0,0,0
vyb,vyb,ث ي ب,th-y-b,1,0.013,0,0,0,0,0,0,1,0.033
w$y,wshy,و ش ي,w-sh-y,1,0.013,0,0,0,0,0,0,1,0.033
wAd,wuAd,و ا د,w-a-d,1,0.013,1,0.37,0,0,0,0,0,0
wAl,wuAl,و ا ل,w-a-l,1,0.013,0,0,0,0,1,0.033,0,0
wbr,wbr,و ب ر,w-b-r,1,0.013,0,0,0,0,1,0.033,0,0
wDn,wuDn,و ض ن,w-ḍ-n,1,0.013,0,0,1,0.071,0,0,0,0
wfd,wfd,و ف د,w-f-d,1,0.013,0,0,1,0.071,0,0,0,0
wfD,wfuD,و ف ض,w-f-ḍ,1,0.013,0,0,0,0,1,0.033,0,0
wfr,wfr,و ف ر,w-f-r,1,0.013,0,0,0,0,1,0.033,0,0
wH$,wuHsh,و ح ش,w-ḥ-sh,1,0.013,1,0.37,0,0,0,0,0,0
whj,whj,و ه ج,w-h-j,1,0.013,0,0,0,0,1,0.033,0,0
why,why,و ه ي,w-h-y,1,0.013,0,0,0,0,1,0.033,0,0
wjb,wjb,و ج ب,w-j-b,1,0.013,0,0,0,0,0,0,1,0.033
wkd,wkd,و ك د,w-k-d,1,0.013,0,0,0,0,1,0.033,0,0
wkz,wkz,و ك ز,w-k-z,1,0.013,0,0,1,0.071,0,0,0,0
wny,wny,و ن ي,w-n-y,1,0.013,0,0,1,0.071,0,0,0,0
wq*,wqdh,و ق ذ,w-q-dh,1,0.013,0,0,0,0,0,0,1,0.033
wqb,wqb,و ق ب,w-q-b,1,0.013,1,0.37,0,0,0,0,0,0
wsn,wsn,و س ن,w-s-n,1,0.013,0,0,0,0,0,0,1,0.033
wtn,wtn,و ت ن,w-t-n,1,0.013,0,0,0,0,1,0.033,0,0
wTn,wuTn,و ط ن,w-ṭ-n,1,0.013,0,0,0,0,0,0,1,0.033
x$b,xshb,خ ش ب,kh-sh-b,1,0.013,0,0,0,0,0,0,1,0.033
xbA,xbuA,خ ب ا,kh-b-a,1,0.013,0,0,1,0.071,0,0,0,0
xbT,xbuT,خ ب ط,kh-b-ṭ,1,0.013,0,0,0,0,0,0,1,0.033
xbw,xbw,خ ب و,kh-b-w,1,0.013,0,0,0,0,1,0.033,0,0
xbz,xbz,خ ب ز,kh-b-z,1,0.013,0,0,0,0,1,0.033,0,0
xDd,xuDd,خ ض د,kh-ḍ-d,1,0.013,0,0,1,0.071,0,0,0,0
xlE,xluE,خ ل ع,kh-l-ʿ,1,0.013,0,0,1,0.071,0,0,0,0
xmT,xmuT,خ م ط,kh-m-ṭ,1,0.013,0,0,0,0,1,0.033,0,0
xnq,xnq,خ ن ق,kh-n-q,1,0.013,0,0,0,0,0,0,1,0.033
xrTm,xruTm,خ ر ط م,kh-r-ṭ-m,1,0.013,1,0.37,0,0,0,0,0,0
xtr,xtr,خ ت ر,kh-t-r,1,0.013,0,0,0,0,1,0.033,0,0
xTT,xuTuT,خ ط ط,kh-ṭ-ṭ,1,0.013,0,0,0,0,1,0.033,0,0
xym,xym,خ ي م,kh-y-m,1,0.013,0,0,0,0,0,0,1,0.033
ynE,ynuE,ي ن ع,y-n-ʿ,1,0.013,0,0,0,0,1,0.033,0,0
yqZ,yquZ,ي ق ظ,y-q-ẓ,1,0.013,0,0,0,0,1,0.033,0,0
zbn,zbn,ز ب ن,z-b-n,1,0.013,1,0.37,0,0,0,0,0,0
ZEn,uZuEn,ظ ع ن,ẓ-ʿ-n,1,0.013,0,0,0,0,1,0.033,0,0
zff,zff,ز ف ف,z-f-f,1,0.013,0,0,0,0,1,0.033,0,0
zhd,zhd,ز ه د,z-h-d,1,0.013,0,0,0,0,1,0.033,0,0
zHf,zuHf,ز ح ف,z-ḥ-f,1,0.013,0,0,0,0,0,0,1,0.033
zhr,zhr,ز ه ر,z-h-r,1,0.013,0,0,1,0.071,0,0,0,0
zmhr,zmhr,ز م ه ر,z-m-h-r,1,0.013,0,0,0,0,0,0,1,0.033
zml,zml,ز م ل,z-m-l,1,0.013,1,0.37,0,0,0,0,0,0
znm,znm,ز ن م,z-n-m,1,0.013,1,0.37,0,0,0,0,0,0
zrq,zrq,ز ر ق,z-r-q,1,0.013,0,0,1,0.071,0,0,0,0
zry,zry,ز ر ي,z-r-y,1,0.013,0,0,0,0,1,0.033,0,0
